Copyright 1986-2022 Xilinx, Inc. All Rights Reserved. Copyright 2022-2023 Advanced Micro Devices, Inc. All Rights Reserved.
------------------------------------------------------------------------------------------------------------------------------------------------------------------------------------------------------
| Tool Version : Vivado v.2023.2 (win64) Build 4029153 Fri Oct 13 20:14:34 MDT 2023
| Date         : Tue Apr  7 10:43:44 2026
| Host         : LAPTOP-6CG4KN49 running 64-bit major release  (build 9200)
| Command      : report_timing_summary -max_paths 10 -report_unconstrained -file top_timing_summary_routed.rpt -pb top_timing_summary_routed.pb -rpx top_timing_summary_routed.rpx -warn_on_violation
| Design       : top
| Device       : 7k325t-ffg900
| Speed File   : -2  PRODUCTION 1.12 2017-02-17
| Design State : Routed
------------------------------------------------------------------------------------------------------------------------------------------------------------------------------------------------------

Timing Summary Report

------------------------------------------------------------------------------------------------
| Timer Settings
| --------------
------------------------------------------------------------------------------------------------

  Enable Multi Corner Analysis               :  Yes
  Enable Pessimism Removal                   :  Yes
  Pessimism Removal Resolution               :  Nearest Common Node
  Enable Input Delay Default Clock           :  No
  Enable Preset / Clear Arcs                 :  No
  Disable Flight Delays                      :  No
  Ignore I/O Paths                           :  No
  Timing Early Launch at Borrowing Latches   :  No
  Borrow Time for Max Delay Exceptions       :  Yes
  Merge Timing Exceptions                    :  Yes
  Inter-SLR Compensation                     :  Conservative

  Corner  Analyze    Analyze    
  Name    Max Paths  Min Paths  
  ------  ---------  ---------  
  Slow    Yes        Yes        
  Fast    Yes        Yes        


------------------------------------------------------------------------------------------------
| Report Methodology
| ------------------
------------------------------------------------------------------------------------------------

Rule      Severity  Description                                  Violations  
--------  --------  -------------------------------------------  ----------  
ULMTCS-1  Warning   Control Sets use limits recommend reduction  1           

Note: This report is based on the most recent report_methodology run and may not be up-to-date. Run report_methodology on the current design for the latest report.



check_timing report

Table of Contents
-----------------
1. checking no_clock (0)
2. checking constant_clock (0)
3. checking pulse_width_clock (0)
4. checking unconstrained_internal_endpoints (0)
5. checking no_input_delay (1)
6. checking no_output_delay (69)
7. checking multiple_clock (0)
8. checking generated_clocks (0)
9. checking loops (0)
10. checking partial_input_delay (0)
11. checking partial_output_delay (0)
12. checking latch_loops (0)

1. checking no_clock (0)
------------------------
 There are 0 register/latch pins with no clock.


2. checking constant_clock (0)
------------------------------
 There are 0 register/latch pins with constant_clock.


3. checking pulse_width_clock (0)
---------------------------------
 There are 0 register/latch pins which need pulse_width check


4. checking unconstrained_internal_endpoints (0)
------------------------------------------------
 There are 0 pins that are not constrained for maximum delay.

 There are 0 pins that are not constrained for maximum delay due to constant clock.


5. checking no_input_delay (1)
------------------------------
 There is 1 input port with no input delay specified. (HIGH)

 There are 0 input ports with no input delay but user has a false path constraint.


6. checking no_output_delay (69)
--------------------------------
 There are 69 ports with no output delay specified. (HIGH)

 There are 0 ports with no output delay but user has a false path constraint

 There are 0 ports with no output delay but with a timing clock defined on it or propagating through it


7. checking multiple_clock (0)
------------------------------
 There are 0 register/latch pins with multiple clocks.


8. checking generated_clocks (0)
--------------------------------
 There are 0 generated clocks that are not connected to a clock source.


9. checking loops (0)
---------------------
 There are 0 combinational loops in the design.


10. checking partial_input_delay (0)
------------------------------------
 There are 0 input ports with partial input delay specified.


11. checking partial_output_delay (0)
-------------------------------------
 There are 0 ports with partial output delay specified.


12. checking latch_loops (0)
----------------------------
 There are 0 combinational latch loops in the design through latch input



------------------------------------------------------------------------------------------------
| Design Timing Summary
| ---------------------
------------------------------------------------------------------------------------------------

    WNS(ns)      TNS(ns)  TNS Failing Endpoints  TNS Total Endpoints      WHS(ns)      THS(ns)  THS Failing Endpoints  THS Total Endpoints     WPWS(ns)     TPWS(ns)  TPWS Failing Endpoints  TPWS Total Endpoints  
    -------      -------  ---------------------  -------------------      -------      -------  ---------------------  -------------------     --------     --------  ----------------------  --------------------  
      3.871        0.000                      0               332973        0.088        0.000                      0               332973        1.100        0.000                       0                 35670  


All user specified timing constraints are met.


------------------------------------------------------------------------------------------------
| Clock Summary
| -------------
------------------------------------------------------------------------------------------------

Clock           Waveform(ns)         Period(ns)      Frequency(MHz)
-----           ------------         ----------      --------------
i_sys_clk_p     {0.000 2.500}        5.000           200.000         
  clk_out1_pll  {0.000 10.000}       20.000          50.000          
  clk_out2_pll  {0.000 10.000}       20.000          50.000          
  clkfbout_pll  {0.000 10.000}       20.000          50.000          


------------------------------------------------------------------------------------------------
| Intra Clock Table
| -----------------
------------------------------------------------------------------------------------------------

Clock               WNS(ns)      TNS(ns)  TNS Failing Endpoints  TNS Total Endpoints      WHS(ns)      THS(ns)  THS Failing Endpoints  THS Total Endpoints     WPWS(ns)     TPWS(ns)  TPWS Failing Endpoints  TPWS Total Endpoints  
-----               -------      -------  ---------------------  -------------------      -------      -------  ---------------------  -------------------     --------     --------  ----------------------  --------------------  
i_sys_clk_p                                                                                                                                                       1.100        0.000                       0                     1  
  clk_out1_pll       16.669        0.000                      0                  558        0.135        0.000                      0                  558        9.600        0.000                       0                   355  
  clk_out2_pll        3.871        0.000                      0               332353        0.088        0.000                      0               332353        9.232        0.000                       0                 35311  
  clkfbout_pll                                                                                                                                                   18.591        0.000                       0                     3  


------------------------------------------------------------------------------------------------
| Inter Clock Table
| -----------------
------------------------------------------------------------------------------------------------

From Clock    To Clock          WNS(ns)      TNS(ns)  TNS Failing Endpoints  TNS Total Endpoints      WHS(ns)      THS(ns)  THS Failing Endpoints  THS Total Endpoints  
----------    --------          -------      -------  ---------------------  -------------------      -------      -------  ---------------------  -------------------  
clk_out2_pll  clk_out1_pll       14.402        0.000                      0                   63        0.115        0.000                      0                   63  
clk_out1_pll  clk_out2_pll       15.807        0.000                      0                   32        0.112        0.000                      0                   32  


------------------------------------------------------------------------------------------------
| Other Path Groups Table
| -----------------------
------------------------------------------------------------------------------------------------

Path Group    From Clock    To Clock          WNS(ns)      TNS(ns)  TNS Failing Endpoints  TNS Total Endpoints      WHS(ns)      THS(ns)  THS Failing Endpoints  THS Total Endpoints  
----------    ----------    --------          -------      -------  ---------------------  -------------------      -------      -------  ---------------------  -------------------  


------------------------------------------------------------------------------------------------
| User Ignored Path Table
| -----------------------
------------------------------------------------------------------------------------------------

Path Group    From Clock    To Clock    
----------    ----------    --------    


------------------------------------------------------------------------------------------------
| Unconstrained Path Table
| ------------------------
------------------------------------------------------------------------------------------------

Path Group    From Clock    To Clock    
----------    ----------    --------    
(none)        clk_out1_pll                
(none)        clk_out2_pll                
(none)        clkfbout_pll                
(none)                      clk_out1_pll  


------------------------------------------------------------------------------------------------
| Timing Details
| --------------
------------------------------------------------------------------------------------------------


---------------------------------------------------------------------------------------------------
From Clock:  i_sys_clk_p
  To Clock:  i_sys_clk_p

Setup :           NA  Failing Endpoints,  Worst Slack           NA  ,  Total Violation           NA
Hold  :           NA  Failing Endpoints,  Worst Slack           NA  ,  Total Violation           NA
PW    :            0  Failing Endpoints,  Worst Slack        1.100ns,  Total Violation        0.000ns
---------------------------------------------------------------------------------------------------


Pulse Width Checks
--------------------------------------------------------------------------------------
Clock Name:         i_sys_clk_p
Waveform(ns):       { 0.000 2.500 }
Period(ns):         5.000
Sources:            { i_sys_clk_p }

Check Type        Corner  Lib Pin           Reference Pin  Required(ns)  Actual(ns)  Slack(ns)  Location        Pin
Min Period        n/a     PLLE2_ADV/CLKIN1  n/a            1.071         5.000       3.929      PLLE2_ADV_X1Y1  pll_inst/inst/plle2_adv_inst/CLKIN1
Max Period        n/a     PLLE2_ADV/CLKIN1  n/a            52.633        5.000       47.633     PLLE2_ADV_X1Y1  pll_inst/inst/plle2_adv_inst/CLKIN1
Low Pulse Width   Slow    PLLE2_ADV/CLKIN1  n/a            1.400         2.500       1.100      PLLE2_ADV_X1Y1  pll_inst/inst/plle2_adv_inst/CLKIN1
Low Pulse Width   Fast    PLLE2_ADV/CLKIN1  n/a            1.400         2.500       1.100      PLLE2_ADV_X1Y1  pll_inst/inst/plle2_adv_inst/CLKIN1
High Pulse Width  Slow    PLLE2_ADV/CLKIN1  n/a            1.400         2.500       1.100      PLLE2_ADV_X1Y1  pll_inst/inst/plle2_adv_inst/CLKIN1
High Pulse Width  Fast    PLLE2_ADV/CLKIN1  n/a            1.400         2.500       1.100      PLLE2_ADV_X1Y1  pll_inst/inst/plle2_adv_inst/CLKIN1



---------------------------------------------------------------------------------------------------
From Clock:  clk_out1_pll
  To Clock:  clk_out1_pll

Setup :            0  Failing Endpoints,  Worst Slack       16.669ns,  Total Violation        0.000ns
Hold  :            0  Failing Endpoints,  Worst Slack        0.135ns,  Total Violation        0.000ns
PW    :            0  Failing Endpoints,  Worst Slack        9.600ns,  Total Violation        0.000ns
---------------------------------------------------------------------------------------------------


Max Delay Paths
--------------------------------------------------------------------------------------
Slack (MET) :             16.669ns  (required time - arrival time)
  Source:                 uart_inst/rx_cnt_reg[9]/C
                            (rising edge-triggered cell FDCE clocked by clk_out1_pll  {rise@0.000ns fall@10.000ns period=20.000ns})
  Destination:            uart_inst/rx_data_reg[4]/CE
                            (rising edge-triggered cell FDCE clocked by clk_out1_pll  {rise@0.000ns fall@10.000ns period=20.000ns})
  Path Group:             clk_out1_pll
  Path Type:              Setup (Max at Slow Process Corner)
  Requirement:            20.000ns  (clk_out1_pll rise@20.000ns - clk_out1_pll rise@0.000ns)
  Data Path Delay:        2.882ns  (logic 0.423ns (14.679%)  route 2.459ns (85.321%))
  Logic Levels:           3  (LUT3=1 LUT4=1 LUT6=1)
  Clock Path Skew:        -0.054ns (DCD - SCD + CPR)
    Destination Clock Delay (DCD):    -2.227ns = ( 17.773 - 20.000 ) 
    Source Clock Delay      (SCD):    -2.542ns
    Clock Pessimism Removal (CPR):    -0.370ns
  Clock Uncertainty:      0.105ns  ((TSJ^2 + DJ^2)^1/2) / 2 + PE
    Total System Jitter     (TSJ):    0.071ns
    Discrete Jitter          (DJ):    0.198ns
    Phase Error              (PE):    0.000ns

    Location             Delay type                Incr(ns)  Path(ns)    Netlist Resource(s)
  -------------------------------------------------------------------    -------------------
                         (clock clk_out1_pll rise edge)
                                                      0.000     0.000 r  
    AD12                                              0.000     0.000 r  i_sys_clk_p (IN)
                         net (fo=0)                   0.000     0.000    pll_inst/inst/clk_in1_p
    AD12                 IBUFDS (Prop_ibufds_I_O)     0.906     0.906 r  pll_inst/inst/clkin1_ibufgds/O
                         net (fo=1, routed)           1.098     2.004    pll_inst/inst/clk_in1_pll
    PLLE2_ADV_X1Y1       PLLE2_ADV (Prop_plle2_adv_CLKIN1_CLKOUT0)
                                                     -8.058    -6.054 r  pll_inst/inst/plle2_adv_inst/CLKOUT0
                         net (fo=1, routed)           2.128    -3.926    pll_inst/inst/clk_out1_pll
    BUFGCTRL_X0Y1        BUFG (Prop_bufg_I_O)         0.093    -3.833 r  pll_inst/inst/clkout1_buf/O
                         net (fo=353, routed)         1.291    -2.542    uart_inst/clk_out1
    SLICE_X19Y248        FDCE                                         r  uart_inst/rx_cnt_reg[9]/C
  -------------------------------------------------------------------    -------------------
    SLICE_X19Y248        FDCE (Prop_fdce_C_Q)         0.204    -2.338 f  uart_inst/rx_cnt_reg[9]/Q
                         net (fo=2, routed)           0.442    -1.897    uart_inst/rx_cnt_reg_n_0_[9]
    SLICE_X17Y246        LUT4 (Prop_lut4_I3_O)        0.126    -1.771 f  uart_inst/FSM_sequential_rx_state[1]_i_4/O
                         net (fo=1, routed)           0.325    -1.446    uart_inst/FSM_sequential_rx_state[1]_i_4_n_0
    SLICE_X17Y246        LUT6 (Prop_lut6_I0_O)        0.043    -1.403 f  uart_inst/FSM_sequential_rx_state[1]_i_3/O
                         net (fo=17, routed)          0.694    -0.708    uart_inst/FSM_sequential_rx_state[1]_i_3_n_0
    SLICE_X17Y250        LUT3 (Prop_lut3_I0_O)        0.050    -0.658 r  uart_inst/rx_data[7]_i_1/O
                         net (fo=9, routed)           0.998     0.339    uart_inst/rx_data[7]_i_1_n_0
    SLICE_X24Y243        FDCE                                         r  uart_inst/rx_data_reg[4]/CE
  -------------------------------------------------------------------    -------------------

                         (clock clk_out1_pll rise edge)
                                                     20.000    20.000 r  
    AD12                                              0.000    20.000 r  i_sys_clk_p (IN)
                         net (fo=0)                   0.000    20.000    pll_inst/inst/clk_in1_p
    AD12                 IBUFDS (Prop_ibufds_I_O)     0.803    20.803 r  pll_inst/inst/clkin1_ibufgds/O
                         net (fo=1, routed)           1.001    21.804    pll_inst/inst/clk_in1_pll
    PLLE2_ADV_X1Y1       PLLE2_ADV (Prop_plle2_adv_CLKIN1_CLKOUT0)
                                                     -7.261    14.543 r  pll_inst/inst/plle2_adv_inst/CLKOUT0
                         net (fo=1, routed)           2.003    16.546    pll_inst/inst/clk_out1_pll
    BUFGCTRL_X0Y1        BUFG (Prop_bufg_I_O)         0.083    16.629 r  pll_inst/inst/clkout1_buf/O
                         net (fo=353, routed)         1.144    17.773    uart_inst/clk_out1
    SLICE_X24Y243        FDCE                                         r  uart_inst/rx_data_reg[4]/C
                         clock pessimism             -0.370    17.404    
                         clock uncertainty           -0.105    17.298    
    SLICE_X24Y243        FDCE (Setup_fdce_C_CE)      -0.290    17.008    uart_inst/rx_data_reg[4]
  -------------------------------------------------------------------
                         required time                         17.008    
                         arrival time                          -0.339    
  -------------------------------------------------------------------
                         slack                                 16.669    

Slack (MET) :             16.669ns  (required time - arrival time)
  Source:                 uart_inst/rx_cnt_reg[9]/C
                            (rising edge-triggered cell FDCE clocked by clk_out1_pll  {rise@0.000ns fall@10.000ns period=20.000ns})
  Destination:            uart_inst/rx_data_reg[5]/CE
                            (rising edge-triggered cell FDCE clocked by clk_out1_pll  {rise@0.000ns fall@10.000ns period=20.000ns})
  Path Group:             clk_out1_pll
  Path Type:              Setup (Max at Slow Process Corner)
  Requirement:            20.000ns  (clk_out1_pll rise@20.000ns - clk_out1_pll rise@0.000ns)
  Data Path Delay:        2.882ns  (logic 0.423ns (14.679%)  route 2.459ns (85.321%))
  Logic Levels:           3  (LUT3=1 LUT4=1 LUT6=1)
  Clock Path Skew:        -0.054ns (DCD - SCD + CPR)
    Destination Clock Delay (DCD):    -2.227ns = ( 17.773 - 20.000 ) 
    Source Clock Delay      (SCD):    -2.542ns
    Clock Pessimism Removal (CPR):    -0.370ns
  Clock Uncertainty:      0.105ns  ((TSJ^2 + DJ^2)^1/2) / 2 + PE
    Total System Jitter     (TSJ):    0.071ns
    Discrete Jitter          (DJ):    0.198ns
    Phase Error              (PE):    0.000ns

    Location             Delay type                Incr(ns)  Path(ns)    Netlist Resource(s)
  -------------------------------------------------------------------    -------------------
                         (clock clk_out1_pll rise edge)
                                                      0.000     0.000 r  
    AD12                                              0.000     0.000 r  i_sys_clk_p (IN)
                         net (fo=0)                   0.000     0.000    pll_inst/inst/clk_in1_p
    AD12                 IBUFDS (Prop_ibufds_I_O)     0.906     0.906 r  pll_inst/inst/clkin1_ibufgds/O
                         net (fo=1, routed)           1.098     2.004    pll_inst/inst/clk_in1_pll
    PLLE2_ADV_X1Y1       PLLE2_ADV (Prop_plle2_adv_CLKIN1_CLKOUT0)
                                                     -8.058    -6.054 r  pll_inst/inst/plle2_adv_inst/CLKOUT0
                         net (fo=1, routed)           2.128    -3.926    pll_inst/inst/clk_out1_pll
    BUFGCTRL_X0Y1        BUFG (Prop_bufg_I_O)         0.093    -3.833 r  pll_inst/inst/clkout1_buf/O
                         net (fo=353, routed)         1.291    -2.542    uart_inst/clk_out1
    SLICE_X19Y248        FDCE                                         r  uart_inst/rx_cnt_reg[9]/C
  -------------------------------------------------------------------    -------------------
    SLICE_X19Y248        FDCE (Prop_fdce_C_Q)         0.204    -2.338 f  uart_inst/rx_cnt_reg[9]/Q
                         net (fo=2, routed)           0.442    -1.897    uart_inst/rx_cnt_reg_n_0_[9]
    SLICE_X17Y246        LUT4 (Prop_lut4_I3_O)        0.126    -1.771 f  uart_inst/FSM_sequential_rx_state[1]_i_4/O
                         net (fo=1, routed)           0.325    -1.446    uart_inst/FSM_sequential_rx_state[1]_i_4_n_0
    SLICE_X17Y246        LUT6 (Prop_lut6_I0_O)        0.043    -1.403 f  uart_inst/FSM_sequential_rx_state[1]_i_3/O
                         net (fo=17, routed)          0.694    -0.708    uart_inst/FSM_sequential_rx_state[1]_i_3_n_0
    SLICE_X17Y250        LUT3 (Prop_lut3_I0_O)        0.050    -0.658 r  uart_inst/rx_data[7]_i_1/O
                         net (fo=9, routed)           0.998     0.339    uart_inst/rx_data[7]_i_1_n_0
    SLICE_X24Y243        FDCE                                         r  uart_inst/rx_data_reg[5]/CE
  -------------------------------------------------------------------    -------------------

                         (clock clk_out1_pll rise edge)
                                                     20.000    20.000 r  
    AD12                                              0.000    20.000 r  i_sys_clk_p (IN)
                         net (fo=0)                   0.000    20.000    pll_inst/inst/clk_in1_p
    AD12                 IBUFDS (Prop_ibufds_I_O)     0.803    20.803 r  pll_inst/inst/clkin1_ibufgds/O
                         net (fo=1, routed)           1.001    21.804    pll_inst/inst/clk_in1_pll
    PLLE2_ADV_X1Y1       PLLE2_ADV (Prop_plle2_adv_CLKIN1_CLKOUT0)
                                                     -7.261    14.543 r  pll_inst/inst/plle2_adv_inst/CLKOUT0
                         net (fo=1, routed)           2.003    16.546    pll_inst/inst/clk_out1_pll
    BUFGCTRL_X0Y1        BUFG (Prop_bufg_I_O)         0.083    16.629 r  pll_inst/inst/clkout1_buf/O
                         net (fo=353, routed)         1.144    17.773    uart_inst/clk_out1
    SLICE_X24Y243        FDCE                                         r  uart_inst/rx_data_reg[5]/C
                         clock pessimism             -0.370    17.404    
                         clock uncertainty           -0.105    17.298    
    SLICE_X24Y243        FDCE (Setup_fdce_C_CE)      -0.290    17.008    uart_inst/rx_data_reg[5]
  -------------------------------------------------------------------
                         required time                         17.008    
                         arrival time                          -0.339    
  -------------------------------------------------------------------
                         slack                                 16.669    

Slack (MET) :             16.669ns  (required time - arrival time)
  Source:                 uart_inst/rx_cnt_reg[9]/C
                            (rising edge-triggered cell FDCE clocked by clk_out1_pll  {rise@0.000ns fall@10.000ns period=20.000ns})
  Destination:            uart_inst/rx_data_reg[6]/CE
                            (rising edge-triggered cell FDCE clocked by clk_out1_pll  {rise@0.000ns fall@10.000ns period=20.000ns})
  Path Group:             clk_out1_pll
  Path Type:              Setup (Max at Slow Process Corner)
  Requirement:            20.000ns  (clk_out1_pll rise@20.000ns - clk_out1_pll rise@0.000ns)
  Data Path Delay:        2.882ns  (logic 0.423ns (14.679%)  route 2.459ns (85.321%))
  Logic Levels:           3  (LUT3=1 LUT4=1 LUT6=1)
  Clock Path Skew:        -0.054ns (DCD - SCD + CPR)
    Destination Clock Delay (DCD):    -2.227ns = ( 17.773 - 20.000 ) 
    Source Clock Delay      (SCD):    -2.542ns
    Clock Pessimism Removal (CPR):    -0.370ns
  Clock Uncertainty:      0.105ns  ((TSJ^2 + DJ^2)^1/2) / 2 + PE
    Total System Jitter     (TSJ):    0.071ns
    Discrete Jitter          (DJ):    0.198ns
    Phase Error              (PE):    0.000ns

    Location             Delay type                Incr(ns)  Path(ns)    Netlist Resource(s)
  -------------------------------------------------------------------    -------------------
                         (clock clk_out1_pll rise edge)
                                                      0.000     0.000 r  
    AD12                                              0.000     0.000 r  i_sys_clk_p (IN)
                         net (fo=0)                   0.000     0.000    pll_inst/inst/clk_in1_p
    AD12                 IBUFDS (Prop_ibufds_I_O)     0.906     0.906 r  pll_inst/inst/clkin1_ibufgds/O
                         net (fo=1, routed)           1.098     2.004    pll_inst/inst/clk_in1_pll
    PLLE2_ADV_X1Y1       PLLE2_ADV (Prop_plle2_adv_CLKIN1_CLKOUT0)
                                                     -8.058    -6.054 r  pll_inst/inst/plle2_adv_inst/CLKOUT0
                         net (fo=1, routed)           2.128    -3.926    pll_inst/inst/clk_out1_pll
    BUFGCTRL_X0Y1        BUFG (Prop_bufg_I_O)         0.093    -3.833 r  pll_inst/inst/clkout1_buf/O
                         net (fo=353, routed)         1.291    -2.542    uart_inst/clk_out1
    SLICE_X19Y248        FDCE                                         r  uart_inst/rx_cnt_reg[9]/C
  -------------------------------------------------------------------    -------------------
    SLICE_X19Y248        FDCE (Prop_fdce_C_Q)         0.204    -2.338 f  uart_inst/rx_cnt_reg[9]/Q
                         net (fo=2, routed)           0.442    -1.897    uart_inst/rx_cnt_reg_n_0_[9]
    SLICE_X17Y246        LUT4 (Prop_lut4_I3_O)        0.126    -1.771 f  uart_inst/FSM_sequential_rx_state[1]_i_4/O
                         net (fo=1, routed)           0.325    -1.446    uart_inst/FSM_sequential_rx_state[1]_i_4_n_0
    SLICE_X17Y246        LUT6 (Prop_lut6_I0_O)        0.043    -1.403 f  uart_inst/FSM_sequential_rx_state[1]_i_3/O
                         net (fo=17, routed)          0.694    -0.708    uart_inst/FSM_sequential_rx_state[1]_i_3_n_0
    SLICE_X17Y250        LUT3 (Prop_lut3_I0_O)        0.050    -0.658 r  uart_inst/rx_data[7]_i_1/O
                         net (fo=9, routed)           0.998     0.339    uart_inst/rx_data[7]_i_1_n_0
    SLICE_X24Y243        FDCE                                         r  uart_inst/rx_data_reg[6]/CE
  -------------------------------------------------------------------    -------------------

                         (clock clk_out1_pll rise edge)
                                                     20.000    20.000 r  
    AD12                                              0.000    20.000 r  i_sys_clk_p (IN)
                         net (fo=0)                   0.000    20.000    pll_inst/inst/clk_in1_p
    AD12                 IBUFDS (Prop_ibufds_I_O)     0.803    20.803 r  pll_inst/inst/clkin1_ibufgds/O
                         net (fo=1, routed)           1.001    21.804    pll_inst/inst/clk_in1_pll
    PLLE2_ADV_X1Y1       PLLE2_ADV (Prop_plle2_adv_CLKIN1_CLKOUT0)
                                                     -7.261    14.543 r  pll_inst/inst/plle2_adv_inst/CLKOUT0
                         net (fo=1, routed)           2.003    16.546    pll_inst/inst/clk_out1_pll
    BUFGCTRL_X0Y1        BUFG (Prop_bufg_I_O)         0.083    16.629 r  pll_inst/inst/clkout1_buf/O
                         net (fo=353, routed)         1.144    17.773    uart_inst/clk_out1
    SLICE_X24Y243        FDCE                                         r  uart_inst/rx_data_reg[6]/C
                         clock pessimism             -0.370    17.404    
                         clock uncertainty           -0.105    17.298    
    SLICE_X24Y243        FDCE (Setup_fdce_C_CE)      -0.290    17.008    uart_inst/rx_data_reg[6]
  -------------------------------------------------------------------
                         required time                         17.008    
                         arrival time                          -0.339    
  -------------------------------------------------------------------
                         slack                                 16.669    

Slack (MET) :             16.669ns  (required time - arrival time)
  Source:                 uart_inst/rx_cnt_reg[9]/C
                            (rising edge-triggered cell FDCE clocked by clk_out1_pll  {rise@0.000ns fall@10.000ns period=20.000ns})
  Destination:            uart_inst/rx_data_reg[7]/CE
                            (rising edge-triggered cell FDCE clocked by clk_out1_pll  {rise@0.000ns fall@10.000ns period=20.000ns})
  Path Group:             clk_out1_pll
  Path Type:              Setup (Max at Slow Process Corner)
  Requirement:            20.000ns  (clk_out1_pll rise@20.000ns - clk_out1_pll rise@0.000ns)
  Data Path Delay:        2.882ns  (logic 0.423ns (14.679%)  route 2.459ns (85.321%))
  Logic Levels:           3  (LUT3=1 LUT4=1 LUT6=1)
  Clock Path Skew:        -0.054ns (DCD - SCD + CPR)
    Destination Clock Delay (DCD):    -2.227ns = ( 17.773 - 20.000 ) 
    Source Clock Delay      (SCD):    -2.542ns
    Clock Pessimism Removal (CPR):    -0.370ns
  Clock Uncertainty:      0.105ns  ((TSJ^2 + DJ^2)^1/2) / 2 + PE
    Total System Jitter     (TSJ):    0.071ns
    Discrete Jitter          (DJ):    0.198ns
    Phase Error              (PE):    0.000ns

    Location             Delay type                Incr(ns)  Path(ns)    Netlist Resource(s)
  -------------------------------------------------------------------    -------------------
                         (clock clk_out1_pll rise edge)
                                                      0.000     0.000 r  
    AD12                                              0.000     0.000 r  i_sys_clk_p (IN)
                         net (fo=0)                   0.000     0.000    pll_inst/inst/clk_in1_p
    AD12                 IBUFDS (Prop_ibufds_I_O)     0.906     0.906 r  pll_inst/inst/clkin1_ibufgds/O
                         net (fo=1, routed)           1.098     2.004    pll_inst/inst/clk_in1_pll
    PLLE2_ADV_X1Y1       PLLE2_ADV (Prop_plle2_adv_CLKIN1_CLKOUT0)
                                                     -8.058    -6.054 r  pll_inst/inst/plle2_adv_inst/CLKOUT0
                         net (fo=1, routed)           2.128    -3.926    pll_inst/inst/clk_out1_pll
    BUFGCTRL_X0Y1        BUFG (Prop_bufg_I_O)         0.093    -3.833 r  pll_inst/inst/clkout1_buf/O
                         net (fo=353, routed)         1.291    -2.542    uart_inst/clk_out1
    SLICE_X19Y248        FDCE                                         r  uart_inst/rx_cnt_reg[9]/C
  -------------------------------------------------------------------    -------------------
    SLICE_X19Y248        FDCE (Prop_fdce_C_Q)         0.204    -2.338 f  uart_inst/rx_cnt_reg[9]/Q
                         net (fo=2, routed)           0.442    -1.897    uart_inst/rx_cnt_reg_n_0_[9]
    SLICE_X17Y246        LUT4 (Prop_lut4_I3_O)        0.126    -1.771 f  uart_inst/FSM_sequential_rx_state[1]_i_4/O
                         net (fo=1, routed)           0.325    -1.446    uart_inst/FSM_sequential_rx_state[1]_i_4_n_0
    SLICE_X17Y246        LUT6 (Prop_lut6_I0_O)        0.043    -1.403 f  uart_inst/FSM_sequential_rx_state[1]_i_3/O
                         net (fo=17, routed)          0.694    -0.708    uart_inst/FSM_sequential_rx_state[1]_i_3_n_0
    SLICE_X17Y250        LUT3 (Prop_lut3_I0_O)        0.050    -0.658 r  uart_inst/rx_data[7]_i_1/O
                         net (fo=9, routed)           0.998     0.339    uart_inst/rx_data[7]_i_1_n_0
    SLICE_X24Y243        FDCE                                         r  uart_inst/rx_data_reg[7]/CE
  -------------------------------------------------------------------    -------------------

                         (clock clk_out1_pll rise edge)
                                                     20.000    20.000 r  
    AD12                                              0.000    20.000 r  i_sys_clk_p (IN)
                         net (fo=0)                   0.000    20.000    pll_inst/inst/clk_in1_p
    AD12                 IBUFDS (Prop_ibufds_I_O)     0.803    20.803 r  pll_inst/inst/clkin1_ibufgds/O
                         net (fo=1, routed)           1.001    21.804    pll_inst/inst/clk_in1_pll
    PLLE2_ADV_X1Y1       PLLE2_ADV (Prop_plle2_adv_CLKIN1_CLKOUT0)
                                                     -7.261    14.543 r  pll_inst/inst/plle2_adv_inst/CLKOUT0
                         net (fo=1, routed)           2.003    16.546    pll_inst/inst/clk_out1_pll
    BUFGCTRL_X0Y1        BUFG (Prop_bufg_I_O)         0.083    16.629 r  pll_inst/inst/clkout1_buf/O
                         net (fo=353, routed)         1.144    17.773    uart_inst/clk_out1
    SLICE_X24Y243        FDCE                                         r  uart_inst/rx_data_reg[7]/C
                         clock pessimism             -0.370    17.404    
                         clock uncertainty           -0.105    17.298    
    SLICE_X24Y243        FDCE (Setup_fdce_C_CE)      -0.290    17.008    uart_inst/rx_data_reg[7]
  -------------------------------------------------------------------
                         required time                         17.008    
                         arrival time                          -0.339    
  -------------------------------------------------------------------
                         slack                                 16.669    

Slack (MET) :             16.679ns  (required time - arrival time)
  Source:                 uart_inst/FSM_sequential_tx_state_reg/C
                            (rising edge-triggered cell FDCE clocked by clk_out1_pll  {rise@0.000ns fall@10.000ns period=20.000ns})
  Destination:            uart_inst/tx_bit_cnt_reg[0]/CE
                            (rising edge-triggered cell FDCE clocked by clk_out1_pll  {rise@0.000ns fall@10.000ns period=20.000ns})
  Path Group:             clk_out1_pll
  Path Type:              Setup (Max at Slow Process Corner)
  Requirement:            20.000ns  (clk_out1_pll rise@20.000ns - clk_out1_pll rise@0.000ns)
  Data Path Delay:        2.989ns  (logic 0.457ns (15.287%)  route 2.532ns (84.713%))
  Logic Levels:           3  (LUT3=1 LUT6=2)
  Clock Path Skew:        -0.025ns (DCD - SCD + CPR)
    Destination Clock Delay (DCD):    -2.092ns = ( 17.908 - 20.000 ) 
    Source Clock Delay      (SCD):    -2.383ns
    Clock Pessimism Removal (CPR):    -0.317ns
  Clock Uncertainty:      0.105ns  ((TSJ^2 + DJ^2)^1/2) / 2 + PE
    Total System Jitter     (TSJ):    0.071ns
    Discrete Jitter          (DJ):    0.198ns
    Phase Error              (PE):    0.000ns

    Location             Delay type                Incr(ns)  Path(ns)    Netlist Resource(s)
  -------------------------------------------------------------------    -------------------
                         (clock clk_out1_pll rise edge)
                                                      0.000     0.000 r  
    AD12                                              0.000     0.000 r  i_sys_clk_p (IN)
                         net (fo=0)                   0.000     0.000    pll_inst/inst/clk_in1_p
    AD12                 IBUFDS (Prop_ibufds_I_O)     0.906     0.906 r  pll_inst/inst/clkin1_ibufgds/O
                         net (fo=1, routed)           1.098     2.004    pll_inst/inst/clk_in1_pll
    PLLE2_ADV_X1Y1       PLLE2_ADV (Prop_plle2_adv_CLKIN1_CLKOUT0)
                                                     -8.058    -6.054 r  pll_inst/inst/plle2_adv_inst/CLKOUT0
                         net (fo=1, routed)           2.128    -3.926    pll_inst/inst/clk_out1_pll
    BUFGCTRL_X0Y1        BUFG (Prop_bufg_I_O)         0.093    -3.833 r  pll_inst/inst/clkout1_buf/O
                         net (fo=353, routed)         1.450    -2.383    uart_inst/clk_out1
    SLICE_X17Y257        FDCE                                         r  uart_inst/FSM_sequential_tx_state_reg/C
  -------------------------------------------------------------------    -------------------
    SLICE_X17Y257        FDCE (Prop_fdce_C_Q)         0.223    -2.160 f  uart_inst/FSM_sequential_tx_state_reg/Q
                         net (fo=21, routed)          1.107    -1.053    uart_inst/tx_state__0
    SLICE_X13Y241        LUT6 (Prop_lut6_I5_O)        0.043    -1.010 r  uart_inst/tx_cnt[12]_i_3/O
                         net (fo=13, routed)          0.622    -0.388    uart_inst/tx_cnt[12]_i_3_n_0
    SLICE_X17Y255        LUT3 (Prop_lut3_I2_O)        0.054    -0.334 r  uart_inst/tx_shift[8]_i_1/O
                         net (fo=11, routed)          0.446     0.112    uart_inst/tx_shift
    SLICE_X17Y256        LUT6 (Prop_lut6_I0_O)        0.137     0.249 r  uart_inst/tx_bit_cnt[3]_i_1/O
                         net (fo=4, routed)           0.357     0.606    uart_inst/tx_bit_cnt
    SLICE_X17Y256        FDCE                                         r  uart_inst/tx_bit_cnt_reg[0]/CE
  -------------------------------------------------------------------    -------------------

                         (clock clk_out1_pll rise edge)
                                                     20.000    20.000 r  
    AD12                                              0.000    20.000 r  i_sys_clk_p (IN)
                         net (fo=0)                   0.000    20.000    pll_inst/inst/clk_in1_p
    AD12                 IBUFDS (Prop_ibufds_I_O)     0.803    20.803 r  pll_inst/inst/clkin1_ibufgds/O
                         net (fo=1, routed)           1.001    21.804    pll_inst/inst/clk_in1_pll
    PLLE2_ADV_X1Y1       PLLE2_ADV (Prop_plle2_adv_CLKIN1_CLKOUT0)
                                                     -7.261    14.543 r  pll_inst/inst/plle2_adv_inst/CLKOUT0
                         net (fo=1, routed)           2.003    16.546    pll_inst/inst/clk_out1_pll
    BUFGCTRL_X0Y1        BUFG (Prop_bufg_I_O)         0.083    16.629 r  pll_inst/inst/clkout1_buf/O
                         net (fo=353, routed)         1.279    17.908    uart_inst/clk_out1
    SLICE_X17Y256        FDCE                                         r  uart_inst/tx_bit_cnt_reg[0]/C
                         clock pessimism             -0.317    17.592    
                         clock uncertainty           -0.105    17.486    
    SLICE_X17Y256        FDCE (Setup_fdce_C_CE)      -0.201    17.285    uart_inst/tx_bit_cnt_reg[0]
  -------------------------------------------------------------------
                         required time                         17.285    
                         arrival time                          -0.606    
  -------------------------------------------------------------------
                         slack                                 16.679    

Slack (MET) :             16.679ns  (required time - arrival time)
  Source:                 uart_inst/FSM_sequential_tx_state_reg/C
                            (rising edge-triggered cell FDCE clocked by clk_out1_pll  {rise@0.000ns fall@10.000ns period=20.000ns})
  Destination:            uart_inst/tx_bit_cnt_reg[1]/CE
                            (rising edge-triggered cell FDCE clocked by clk_out1_pll  {rise@0.000ns fall@10.000ns period=20.000ns})
  Path Group:             clk_out1_pll
  Path Type:              Setup (Max at Slow Process Corner)
  Requirement:            20.000ns  (clk_out1_pll rise@20.000ns - clk_out1_pll rise@0.000ns)
  Data Path Delay:        2.989ns  (logic 0.457ns (15.287%)  route 2.532ns (84.713%))
  Logic Levels:           3  (LUT3=1 LUT6=2)
  Clock Path Skew:        -0.025ns (DCD - SCD + CPR)
    Destination Clock Delay (DCD):    -2.092ns = ( 17.908 - 20.000 ) 
    Source Clock Delay      (SCD):    -2.383ns
    Clock Pessimism Removal (CPR):    -0.317ns
  Clock Uncertainty:      0.105ns  ((TSJ^2 + DJ^2)^1/2) / 2 + PE
    Total System Jitter     (TSJ):    0.071ns
    Discrete Jitter          (DJ):    0.198ns
    Phase Error              (PE):    0.000ns

    Location             Delay type                Incr(ns)  Path(ns)    Netlist Resource(s)
  -------------------------------------------------------------------    -------------------
                         (clock clk_out1_pll rise edge)
                                                      0.000     0.000 r  
    AD12                                              0.000     0.000 r  i_sys_clk_p (IN)
                         net (fo=0)                   0.000     0.000    pll_inst/inst/clk_in1_p
    AD12                 IBUFDS (Prop_ibufds_I_O)     0.906     0.906 r  pll_inst/inst/clkin1_ibufgds/O
                         net (fo=1, routed)           1.098     2.004    pll_inst/inst/clk_in1_pll
    PLLE2_ADV_X1Y1       PLLE2_ADV (Prop_plle2_adv_CLKIN1_CLKOUT0)
                                                     -8.058    -6.054 r  pll_inst/inst/plle2_adv_inst/CLKOUT0
                         net (fo=1, routed)           2.128    -3.926    pll_inst/inst/clk_out1_pll
    BUFGCTRL_X0Y1        BUFG (Prop_bufg_I_O)         0.093    -3.833 r  pll_inst/inst/clkout1_buf/O
                         net (fo=353, routed)         1.450    -2.383    uart_inst/clk_out1
    SLICE_X17Y257        FDCE                                         r  uart_inst/FSM_sequential_tx_state_reg/C
  -------------------------------------------------------------------    -------------------
    SLICE_X17Y257        FDCE (Prop_fdce_C_Q)         0.223    -2.160 f  uart_inst/FSM_sequential_tx_state_reg/Q
                         net (fo=21, routed)          1.107    -1.053    uart_inst/tx_state__0
    SLICE_X13Y241        LUT6 (Prop_lut6_I5_O)        0.043    -1.010 r  uart_inst/tx_cnt[12]_i_3/O
                         net (fo=13, routed)          0.622    -0.388    uart_inst/tx_cnt[12]_i_3_n_0
    SLICE_X17Y255        LUT3 (Prop_lut3_I2_O)        0.054    -0.334 r  uart_inst/tx_shift[8]_i_1/O
                         net (fo=11, routed)          0.446     0.112    uart_inst/tx_shift
    SLICE_X17Y256        LUT6 (Prop_lut6_I0_O)        0.137     0.249 r  uart_inst/tx_bit_cnt[3]_i_1/O
                         net (fo=4, routed)           0.357     0.606    uart_inst/tx_bit_cnt
    SLICE_X17Y256        FDCE                                         r  uart_inst/tx_bit_cnt_reg[1]/CE
  -------------------------------------------------------------------    -------------------

                         (clock clk_out1_pll rise edge)
                                                     20.000    20.000 r  
    AD12                                              0.000    20.000 r  i_sys_clk_p (IN)
                         net (fo=0)                   0.000    20.000    pll_inst/inst/clk_in1_p
    AD12                 IBUFDS (Prop_ibufds_I_O)     0.803    20.803 r  pll_inst/inst/clkin1_ibufgds/O
                         net (fo=1, routed)           1.001    21.804    pll_inst/inst/clk_in1_pll
    PLLE2_ADV_X1Y1       PLLE2_ADV (Prop_plle2_adv_CLKIN1_CLKOUT0)
                                                     -7.261    14.543 r  pll_inst/inst/plle2_adv_inst/CLKOUT0
                         net (fo=1, routed)           2.003    16.546    pll_inst/inst/clk_out1_pll
    BUFGCTRL_X0Y1        BUFG (Prop_bufg_I_O)         0.083    16.629 r  pll_inst/inst/clkout1_buf/O
                         net (fo=353, routed)         1.279    17.908    uart_inst/clk_out1
    SLICE_X17Y256        FDCE                                         r  uart_inst/tx_bit_cnt_reg[1]/C
                         clock pessimism             -0.317    17.592    
                         clock uncertainty           -0.105    17.486    
    SLICE_X17Y256        FDCE (Setup_fdce_C_CE)      -0.201    17.285    uart_inst/tx_bit_cnt_reg[1]
  -------------------------------------------------------------------
                         required time                         17.285    
                         arrival time                          -0.606    
  -------------------------------------------------------------------
                         slack                                 16.679    

Slack (MET) :             16.679ns  (required time - arrival time)
  Source:                 uart_inst/FSM_sequential_tx_state_reg/C
                            (rising edge-triggered cell FDCE clocked by clk_out1_pll  {rise@0.000ns fall@10.000ns period=20.000ns})
  Destination:            uart_inst/tx_bit_cnt_reg[2]/CE
                            (rising edge-triggered cell FDCE clocked by clk_out1_pll  {rise@0.000ns fall@10.000ns period=20.000ns})
  Path Group:             clk_out1_pll
  Path Type:              Setup (Max at Slow Process Corner)
  Requirement:            20.000ns  (clk_out1_pll rise@20.000ns - clk_out1_pll rise@0.000ns)
  Data Path Delay:        2.989ns  (logic 0.457ns (15.287%)  route 2.532ns (84.713%))
  Logic Levels:           3  (LUT3=1 LUT6=2)
  Clock Path Skew:        -0.025ns (DCD - SCD + CPR)
    Destination Clock Delay (DCD):    -2.092ns = ( 17.908 - 20.000 ) 
    Source Clock Delay      (SCD):    -2.383ns
    Clock Pessimism Removal (CPR):    -0.317ns
  Clock Uncertainty:      0.105ns  ((TSJ^2 + DJ^2)^1/2) / 2 + PE
    Total System Jitter     (TSJ):    0.071ns
    Discrete Jitter          (DJ):    0.198ns
    Phase Error              (PE):    0.000ns

    Location             Delay type                Incr(ns)  Path(ns)    Netlist Resource(s)
  -------------------------------------------------------------------    -------------------
                         (clock clk_out1_pll rise edge)
                                                      0.000     0.000 r  
    AD12                                              0.000     0.000 r  i_sys_clk_p (IN)
                         net (fo=0)                   0.000     0.000    pll_inst/inst/clk_in1_p
    AD12                 IBUFDS (Prop_ibufds_I_O)     0.906     0.906 r  pll_inst/inst/clkin1_ibufgds/O
                         net (fo=1, routed)           1.098     2.004    pll_inst/inst/clk_in1_pll
    PLLE2_ADV_X1Y1       PLLE2_ADV (Prop_plle2_adv_CLKIN1_CLKOUT0)
                                                     -8.058    -6.054 r  pll_inst/inst/plle2_adv_inst/CLKOUT0
                         net (fo=1, routed)           2.128    -3.926    pll_inst/inst/clk_out1_pll
    BUFGCTRL_X0Y1        BUFG (Prop_bufg_I_O)         0.093    -3.833 r  pll_inst/inst/clkout1_buf/O
                         net (fo=353, routed)         1.450    -2.383    uart_inst/clk_out1
    SLICE_X17Y257        FDCE                                         r  uart_inst/FSM_sequential_tx_state_reg/C
  -------------------------------------------------------------------    -------------------
    SLICE_X17Y257        FDCE (Prop_fdce_C_Q)         0.223    -2.160 f  uart_inst/FSM_sequential_tx_state_reg/Q
                         net (fo=21, routed)          1.107    -1.053    uart_inst/tx_state__0
    SLICE_X13Y241        LUT6 (Prop_lut6_I5_O)        0.043    -1.010 r  uart_inst/tx_cnt[12]_i_3/O
                         net (fo=13, routed)          0.622    -0.388    uart_inst/tx_cnt[12]_i_3_n_0
    SLICE_X17Y255        LUT3 (Prop_lut3_I2_O)        0.054    -0.334 r  uart_inst/tx_shift[8]_i_1/O
                         net (fo=11, routed)          0.446     0.112    uart_inst/tx_shift
    SLICE_X17Y256        LUT6 (Prop_lut6_I0_O)        0.137     0.249 r  uart_inst/tx_bit_cnt[3]_i_1/O
                         net (fo=4, routed)           0.357     0.606    uart_inst/tx_bit_cnt
    SLICE_X17Y256        FDCE                                         r  uart_inst/tx_bit_cnt_reg[2]/CE
  -------------------------------------------------------------------    -------------------

                         (clock clk_out1_pll rise edge)
                                                     20.000    20.000 r  
    AD12                                              0.000    20.000 r  i_sys_clk_p (IN)
                         net (fo=0)                   0.000    20.000    pll_inst/inst/clk_in1_p
    AD12                 IBUFDS (Prop_ibufds_I_O)     0.803    20.803 r  pll_inst/inst/clkin1_ibufgds/O
                         net (fo=1, routed)           1.001    21.804    pll_inst/inst/clk_in1_pll
    PLLE2_ADV_X1Y1       PLLE2_ADV (Prop_plle2_adv_CLKIN1_CLKOUT0)
                                                     -7.261    14.543 r  pll_inst/inst/plle2_adv_inst/CLKOUT0
                         net (fo=1, routed)           2.003    16.546    pll_inst/inst/clk_out1_pll
    BUFGCTRL_X0Y1        BUFG (Prop_bufg_I_O)         0.083    16.629 r  pll_inst/inst/clkout1_buf/O
                         net (fo=353, routed)         1.279    17.908    uart_inst/clk_out1
    SLICE_X17Y256        FDCE                                         r  uart_inst/tx_bit_cnt_reg[2]/C
                         clock pessimism             -0.317    17.592    
                         clock uncertainty           -0.105    17.486    
    SLICE_X17Y256        FDCE (Setup_fdce_C_CE)      -0.201    17.285    uart_inst/tx_bit_cnt_reg[2]
  -------------------------------------------------------------------
                         required time                         17.285    
                         arrival time                          -0.606    
  -------------------------------------------------------------------
                         slack                                 16.679    

Slack (MET) :             16.679ns  (required time - arrival time)
  Source:                 uart_inst/FSM_sequential_tx_state_reg/C
                            (rising edge-triggered cell FDCE clocked by clk_out1_pll  {rise@0.000ns fall@10.000ns period=20.000ns})
  Destination:            uart_inst/tx_bit_cnt_reg[3]/CE
                            (rising edge-triggered cell FDCE clocked by clk_out1_pll  {rise@0.000ns fall@10.000ns period=20.000ns})
  Path Group:             clk_out1_pll
  Path Type:              Setup (Max at Slow Process Corner)
  Requirement:            20.000ns  (clk_out1_pll rise@20.000ns - clk_out1_pll rise@0.000ns)
  Data Path Delay:        2.989ns  (logic 0.457ns (15.287%)  route 2.532ns (84.713%))
  Logic Levels:           3  (LUT3=1 LUT6=2)
  Clock Path Skew:        -0.025ns (DCD - SCD + CPR)
    Destination Clock Delay (DCD):    -2.092ns = ( 17.908 - 20.000 ) 
    Source Clock Delay      (SCD):    -2.383ns
    Clock Pessimism Removal (CPR):    -0.317ns
  Clock Uncertainty:      0.105ns  ((TSJ^2 + DJ^2)^1/2) / 2 + PE
    Total System Jitter     (TSJ):    0.071ns
    Discrete Jitter          (DJ):    0.198ns
    Phase Error              (PE):    0.000ns

    Location             Delay type                Incr(ns)  Path(ns)    Netlist Resource(s)
  -------------------------------------------------------------------    -------------------
                         (clock clk_out1_pll rise edge)
                                                      0.000     0.000 r  
    AD12                                              0.000     0.000 r  i_sys_clk_p (IN)
                         net (fo=0)                   0.000     0.000    pll_inst/inst/clk_in1_p
    AD12                 IBUFDS (Prop_ibufds_I_O)     0.906     0.906 r  pll_inst/inst/clkin1_ibufgds/O
                         net (fo=1, routed)           1.098     2.004    pll_inst/inst/clk_in1_pll
    PLLE2_ADV_X1Y1       PLLE2_ADV (Prop_plle2_adv_CLKIN1_CLKOUT0)
                                                     -8.058    -6.054 r  pll_inst/inst/plle2_adv_inst/CLKOUT0
                         net (fo=1, routed)           2.128    -3.926    pll_inst/inst/clk_out1_pll
    BUFGCTRL_X0Y1        BUFG (Prop_bufg_I_O)         0.093    -3.833 r  pll_inst/inst/clkout1_buf/O
                         net (fo=353, routed)         1.450    -2.383    uart_inst/clk_out1
    SLICE_X17Y257        FDCE                                         r  uart_inst/FSM_sequential_tx_state_reg/C
  -------------------------------------------------------------------    -------------------
    SLICE_X17Y257        FDCE (Prop_fdce_C_Q)         0.223    -2.160 f  uart_inst/FSM_sequential_tx_state_reg/Q
                         net (fo=21, routed)          1.107    -1.053    uart_inst/tx_state__0
    SLICE_X13Y241        LUT6 (Prop_lut6_I5_O)        0.043    -1.010 r  uart_inst/tx_cnt[12]_i_3/O
                         net (fo=13, routed)          0.622    -0.388    uart_inst/tx_cnt[12]_i_3_n_0
    SLICE_X17Y255        LUT3 (Prop_lut3_I2_O)        0.054    -0.334 r  uart_inst/tx_shift[8]_i_1/O
                         net (fo=11, routed)          0.446     0.112    uart_inst/tx_shift
    SLICE_X17Y256        LUT6 (Prop_lut6_I0_O)        0.137     0.249 r  uart_inst/tx_bit_cnt[3]_i_1/O
                         net (fo=4, routed)           0.357     0.606    uart_inst/tx_bit_cnt
    SLICE_X17Y256        FDCE                                         r  uart_inst/tx_bit_cnt_reg[3]/CE
  -------------------------------------------------------------------    -------------------

                         (clock clk_out1_pll rise edge)
                                                     20.000    20.000 r  
    AD12                                              0.000    20.000 r  i_sys_clk_p (IN)
                         net (fo=0)                   0.000    20.000    pll_inst/inst/clk_in1_p
    AD12                 IBUFDS (Prop_ibufds_I_O)     0.803    20.803 r  pll_inst/inst/clkin1_ibufgds/O
                         net (fo=1, routed)           1.001    21.804    pll_inst/inst/clk_in1_pll
    PLLE2_ADV_X1Y1       PLLE2_ADV (Prop_plle2_adv_CLKIN1_CLKOUT0)
                                                     -7.261    14.543 r  pll_inst/inst/plle2_adv_inst/CLKOUT0
                         net (fo=1, routed)           2.003    16.546    pll_inst/inst/clk_out1_pll
    BUFGCTRL_X0Y1        BUFG (Prop_bufg_I_O)         0.083    16.629 r  pll_inst/inst/clkout1_buf/O
                         net (fo=353, routed)         1.279    17.908    uart_inst/clk_out1
    SLICE_X17Y256        FDCE                                         r  uart_inst/tx_bit_cnt_reg[3]/C
                         clock pessimism             -0.317    17.592    
                         clock uncertainty           -0.105    17.486    
    SLICE_X17Y256        FDCE (Setup_fdce_C_CE)      -0.201    17.285    uart_inst/tx_bit_cnt_reg[3]
  -------------------------------------------------------------------
                         required time                         17.285    
                         arrival time                          -0.606    
  -------------------------------------------------------------------
                         slack                                 16.679    

Slack (MET) :             16.689ns  (required time - arrival time)
  Source:                 uart_inst/rx_data_reg[7]/C
                            (rising edge-triggered cell FDCE clocked by clk_out1_pll  {rise@0.000ns fall@10.000ns period=20.000ns})
  Destination:            twin_controller_inst/status_buffer_reg[14][2]/CE
                            (rising edge-triggered cell FDCE clocked by clk_out1_pll  {rise@0.000ns fall@10.000ns period=20.000ns})
  Path Group:             clk_out1_pll
  Path Type:              Setup (Max at Slow Process Corner)
  Requirement:            20.000ns  (clk_out1_pll rise@20.000ns - clk_out1_pll rise@0.000ns)
  Data Path Delay:        2.955ns  (logic 0.266ns (9.001%)  route 2.689ns (90.999%))
  Logic Levels:           1  (LUT5=1)
  Clock Path Skew:        -0.050ns (DCD - SCD + CPR)
    Destination Clock Delay (DCD):    -2.229ns = ( 17.771 - 20.000 ) 
    Source Clock Delay      (SCD):    -2.548ns
    Clock Pessimism Removal (CPR):    -0.370ns
  Clock Uncertainty:      0.105ns  ((TSJ^2 + DJ^2)^1/2) / 2 + PE
    Total System Jitter     (TSJ):    0.071ns
    Discrete Jitter          (DJ):    0.198ns
    Phase Error              (PE):    0.000ns

    Location             Delay type                Incr(ns)  Path(ns)    Netlist Resource(s)
  -------------------------------------------------------------------    -------------------
                         (clock clk_out1_pll rise edge)
                                                      0.000     0.000 r  
    AD12                                              0.000     0.000 r  i_sys_clk_p (IN)
                         net (fo=0)                   0.000     0.000    pll_inst/inst/clk_in1_p
    AD12                 IBUFDS (Prop_ibufds_I_O)     0.906     0.906 r  pll_inst/inst/clkin1_ibufgds/O
                         net (fo=1, routed)           1.098     2.004    pll_inst/inst/clk_in1_pll
    PLLE2_ADV_X1Y1       PLLE2_ADV (Prop_plle2_adv_CLKIN1_CLKOUT0)
                                                     -8.058    -6.054 r  pll_inst/inst/plle2_adv_inst/CLKOUT0
                         net (fo=1, routed)           2.128    -3.926    pll_inst/inst/clk_out1_pll
    BUFGCTRL_X0Y1        BUFG (Prop_bufg_I_O)         0.093    -3.833 r  pll_inst/inst/clkout1_buf/O
                         net (fo=353, routed)         1.285    -2.548    uart_inst/clk_out1
    SLICE_X24Y243        FDCE                                         r  uart_inst/rx_data_reg[7]/C
  -------------------------------------------------------------------    -------------------
    SLICE_X24Y243        FDCE (Prop_fdce_C_Q)         0.223    -2.325 r  uart_inst/rx_data_reg[7]/Q
                         net (fo=74, routed)          1.614    -0.711    uart_inst/rx_data[7]
    SLICE_X23Y244        LUT5 (Prop_lut5_I4_O)        0.043    -0.668 r  uart_inst/status_buffer[0][6]_i_1/O
                         net (fo=134, routed)         1.075     0.407    twin_controller_inst/E[0]
    SLICE_X34Y242        FDCE                                         r  twin_controller_inst/status_buffer_reg[14][2]/CE
  -------------------------------------------------------------------    -------------------

                         (clock clk_out1_pll rise edge)
                                                     20.000    20.000 r  
    AD12                                              0.000    20.000 r  i_sys_clk_p (IN)
                         net (fo=0)                   0.000    20.000    pll_inst/inst/clk_in1_p
    AD12                 IBUFDS (Prop_ibufds_I_O)     0.803    20.803 r  pll_inst/inst/clkin1_ibufgds/O
                         net (fo=1, routed)           1.001    21.804    pll_inst/inst/clk_in1_pll
    PLLE2_ADV_X1Y1       PLLE2_ADV (Prop_plle2_adv_CLKIN1_CLKOUT0)
                                                     -7.261    14.543 r  pll_inst/inst/plle2_adv_inst/CLKOUT0
                         net (fo=1, routed)           2.003    16.546    pll_inst/inst/clk_out1_pll
    BUFGCTRL_X0Y1        BUFG (Prop_bufg_I_O)         0.083    16.629 r  pll_inst/inst/clkout1_buf/O
                         net (fo=353, routed)         1.142    17.771    twin_controller_inst/CLK
    SLICE_X34Y242        FDCE                                         r  twin_controller_inst/status_buffer_reg[14][2]/C
                         clock pessimism             -0.370    17.402    
                         clock uncertainty           -0.105    17.296    
    SLICE_X34Y242        FDCE (Setup_fdce_C_CE)      -0.201    17.095    twin_controller_inst/status_buffer_reg[14][2]
  -------------------------------------------------------------------
                         required time                         17.095    
                         arrival time                          -0.407    
  -------------------------------------------------------------------
                         slack                                 16.689    

Slack (MET) :             16.689ns  (required time - arrival time)
  Source:                 uart_inst/rx_data_reg[7]/C
                            (rising edge-triggered cell FDCE clocked by clk_out1_pll  {rise@0.000ns fall@10.000ns period=20.000ns})
  Destination:            twin_controller_inst/status_buffer_reg[15][2]/CE
                            (rising edge-triggered cell FDCE clocked by clk_out1_pll  {rise@0.000ns fall@10.000ns period=20.000ns})
  Path Group:             clk_out1_pll
  Path Type:              Setup (Max at Slow Process Corner)
  Requirement:            20.000ns  (clk_out1_pll rise@20.000ns - clk_out1_pll rise@0.000ns)
  Data Path Delay:        2.955ns  (logic 0.266ns (9.001%)  route 2.689ns (90.999%))
  Logic Levels:           1  (LUT5=1)
  Clock Path Skew:        -0.050ns (DCD - SCD + CPR)
    Destination Clock Delay (DCD):    -2.229ns = ( 17.771 - 20.000 ) 
    Source Clock Delay      (SCD):    -2.548ns
    Clock Pessimism Removal (CPR):    -0.370ns
  Clock Uncertainty:      0.105ns  ((TSJ^2 + DJ^2)^1/2) / 2 + PE
    Total System Jitter     (TSJ):    0.071ns
    Discrete Jitter          (DJ):    0.198ns
    Phase Error              (PE):    0.000ns

    Location             Delay type                Incr(ns)  Path(ns)    Netlist Resource(s)
  -------------------------------------------------------------------    -------------------
                         (clock clk_out1_pll rise edge)
                                                      0.000     0.000 r  
    AD12                                              0.000     0.000 r  i_sys_clk_p (IN)
                         net (fo=0)                   0.000     0.000    pll_inst/inst/clk_in1_p
    AD12                 IBUFDS (Prop_ibufds_I_O)     0.906     0.906 r  pll_inst/inst/clkin1_ibufgds/O
                         net (fo=1, routed)           1.098     2.004    pll_inst/inst/clk_in1_pll
    PLLE2_ADV_X1Y1       PLLE2_ADV (Prop_plle2_adv_CLKIN1_CLKOUT0)
                                                     -8.058    -6.054 r  pll_inst/inst/plle2_adv_inst/CLKOUT0
                         net (fo=1, routed)           2.128    -3.926    pll_inst/inst/clk_out1_pll
    BUFGCTRL_X0Y1        BUFG (Prop_bufg_I_O)         0.093    -3.833 r  pll_inst/inst/clkout1_buf/O
                         net (fo=353, routed)         1.285    -2.548    uart_inst/clk_out1
    SLICE_X24Y243        FDCE                                         r  uart_inst/rx_data_reg[7]/C
  -------------------------------------------------------------------    -------------------
    SLICE_X24Y243        FDCE (Prop_fdce_C_Q)         0.223    -2.325 r  uart_inst/rx_data_reg[7]/Q
                         net (fo=74, routed)          1.614    -0.711    uart_inst/rx_data[7]
    SLICE_X23Y244        LUT5 (Prop_lut5_I4_O)        0.043    -0.668 r  uart_inst/status_buffer[0][6]_i_1/O
                         net (fo=134, routed)         1.075     0.407    twin_controller_inst/E[0]
    SLICE_X34Y242        FDCE                                         r  twin_controller_inst/status_buffer_reg[15][2]/CE
  -------------------------------------------------------------------    -------------------

                         (clock clk_out1_pll rise edge)
                                                     20.000    20.000 r  
    AD12                                              0.000    20.000 r  i_sys_clk_p (IN)
                         net (fo=0)                   0.000    20.000    pll_inst/inst/clk_in1_p
    AD12                 IBUFDS (Prop_ibufds_I_O)     0.803    20.803 r  pll_inst/inst/clkin1_ibufgds/O
                         net (fo=1, routed)           1.001    21.804    pll_inst/inst/clk_in1_pll
    PLLE2_ADV_X1Y1       PLLE2_ADV (Prop_plle2_adv_CLKIN1_CLKOUT0)
                                                     -7.261    14.543 r  pll_inst/inst/plle2_adv_inst/CLKOUT0
                         net (fo=1, routed)           2.003    16.546    pll_inst/inst/clk_out1_pll
    BUFGCTRL_X0Y1        BUFG (Prop_bufg_I_O)         0.083    16.629 r  pll_inst/inst/clkout1_buf/O
                         net (fo=353, routed)         1.142    17.771    twin_controller_inst/CLK
    SLICE_X34Y242        FDCE                                         r  twin_controller_inst/status_buffer_reg[15][2]/C
                         clock pessimism             -0.370    17.402    
                         clock uncertainty           -0.105    17.296    
    SLICE_X34Y242        FDCE (Setup_fdce_C_CE)      -0.201    17.095    twin_controller_inst/status_buffer_reg[15][2]
  -------------------------------------------------------------------
                         required time                         17.095    
                         arrival time                          -0.407    
  -------------------------------------------------------------------
                         slack                                 16.689    





Min Delay Paths
--------------------------------------------------------------------------------------
Slack (MET) :             0.135ns  (arrival time - required time)
  Source:                 twin_controller_inst/tx_data_reg[6]/C
                            (rising edge-triggered cell FDCE clocked by clk_out1_pll  {rise@0.000ns fall@10.000ns period=20.000ns})
  Destination:            uart_inst/tx_shift_reg[7]/D
                            (rising edge-triggered cell FDPE clocked by clk_out1_pll  {rise@0.000ns fall@10.000ns period=20.000ns})
  Path Group:             clk_out1_pll
  Path Type:              Hold (Min at Fast Process Corner)
  Requirement:            0.000ns  (clk_out1_pll rise@0.000ns - clk_out1_pll rise@0.000ns)
  Data Path Delay:        0.500ns  (logic 0.128ns (25.578%)  route 0.372ns (74.422%))
  Logic Levels:           1  (LUT3=1)
  Clock Path Skew:        0.304ns (DCD - SCD - CPR)
    Destination Clock Delay (DCD):    -0.561ns
    Source Clock Delay      (SCD):    -0.463ns
    Clock Pessimism Removal (CPR):    -0.403ns

    Location             Delay type                Incr(ns)  Path(ns)    Netlist Resource(s)
  -------------------------------------------------------------------    -------------------
                         (clock clk_out1_pll rise edge)
                                                      0.000     0.000 r  
    AD12                                              0.000     0.000 r  i_sys_clk_p (IN)
                         net (fo=0)                   0.000     0.000    pll_inst/inst/clk_in1_p
    AD12                 IBUFDS (Prop_ibufds_I_O)     0.388     0.388 r  pll_inst/inst/clkin1_ibufgds/O
                         net (fo=1, routed)           0.503     0.891    pll_inst/inst/clk_in1_pll
    PLLE2_ADV_X1Y1       PLLE2_ADV (Prop_plle2_adv_CLKIN1_CLKOUT0)
                                                     -2.908    -2.017 r  pll_inst/inst/plle2_adv_inst/CLKOUT0
                         net (fo=1, routed)           0.958    -1.059    pll_inst/inst/clk_out1_pll
    BUFGCTRL_X0Y1        BUFG (Prop_bufg_I_O)         0.026    -1.033 r  pll_inst/inst/clkout1_buf/O
                         net (fo=353, routed)         0.570    -0.463    twin_controller_inst/CLK
    SLICE_X29Y246        FDCE                                         r  twin_controller_inst/tx_data_reg[6]/C
  -------------------------------------------------------------------    -------------------
    SLICE_X29Y246        FDCE (Prop_fdce_C_Q)         0.100    -0.363 r  twin_controller_inst/tx_data_reg[6]/Q
                         net (fo=1, routed)           0.372     0.010    uart_inst/tx_shift_reg[8]_0[6]
    SLICE_X19Y255        LUT3 (Prop_lut3_I2_O)        0.028     0.038 r  uart_inst/tx_shift[7]_i_1/O
                         net (fo=1, routed)           0.000     0.038    uart_inst/tx_shift0_in[7]
    SLICE_X19Y255        FDPE                                         r  uart_inst/tx_shift_reg[7]/D
  -------------------------------------------------------------------    -------------------

                         (clock clk_out1_pll rise edge)
                                                      0.000     0.000 r  
    AD12                                              0.000     0.000 r  i_sys_clk_p (IN)
                         net (fo=0)                   0.000     0.000    pll_inst/inst/clk_in1_p
    AD12                 IBUFDS (Prop_ibufds_I_O)     0.470     0.470 r  pll_inst/inst/clkin1_ibufgds/O
                         net (fo=1, routed)           0.554     1.024    pll_inst/inst/clk_in1_pll
    PLLE2_ADV_X1Y1       PLLE2_ADV (Prop_plle2_adv_CLKIN1_CLKOUT0)
                                                     -3.524    -2.500 r  pll_inst/inst/plle2_adv_inst/CLKOUT0
                         net (fo=1, routed)           1.027    -1.473    pll_inst/inst/clk_out1_pll
    BUFGCTRL_X0Y1        BUFG (Prop_bufg_I_O)         0.030    -1.443 r  pll_inst/inst/clkout1_buf/O
                         net (fo=353, routed)         0.882    -0.561    uart_inst/clk_out1
    SLICE_X19Y255        FDPE                                         r  uart_inst/tx_shift_reg[7]/C
                         clock pessimism              0.403    -0.159    
    SLICE_X19Y255        FDPE (Hold_fdpe_C_D)         0.061    -0.098    uart_inst/tx_shift_reg[7]
  -------------------------------------------------------------------
                         required time                          0.098    
                         arrival time                           0.038    
  -------------------------------------------------------------------
                         slack                                  0.135    

Slack (MET) :             0.142ns  (arrival time - required time)
  Source:                 uart_inst/rx_shift_reg[0]/C
                            (rising edge-triggered cell FDCE clocked by clk_out1_pll  {rise@0.000ns fall@10.000ns period=20.000ns})
  Destination:            uart_inst/rx_data_reg[0]/D
                            (rising edge-triggered cell FDCE clocked by clk_out1_pll  {rise@0.000ns fall@10.000ns period=20.000ns})
  Path Group:             clk_out1_pll
  Path Type:              Hold (Min at Fast Process Corner)
  Requirement:            0.000ns  (clk_out1_pll rise@0.000ns - clk_out1_pll rise@0.000ns)
  Data Path Delay:        0.196ns  (logic 0.100ns (51.054%)  route 0.096ns (48.946%))
  Logic Levels:           0  
  Clock Path Skew:        0.014ns (DCD - SCD - CPR)
    Destination Clock Delay (DCD):    -0.663ns
    Source Clock Delay      (SCD):    -0.458ns
    Clock Pessimism Removal (CPR):    -0.220ns

    Location             Delay type                Incr(ns)  Path(ns)    Netlist Resource(s)
  -------------------------------------------------------------------    -------------------
                         (clock clk_out1_pll rise edge)
                                                      0.000     0.000 r  
    AD12                                              0.000     0.000 r  i_sys_clk_p (IN)
                         net (fo=0)                   0.000     0.000    pll_inst/inst/clk_in1_p
    AD12                 IBUFDS (Prop_ibufds_I_O)     0.388     0.388 r  pll_inst/inst/clkin1_ibufgds/O
                         net (fo=1, routed)           0.503     0.891    pll_inst/inst/clk_in1_pll
    PLLE2_ADV_X1Y1       PLLE2_ADV (Prop_plle2_adv_CLKIN1_CLKOUT0)
                                                     -2.908    -2.017 r  pll_inst/inst/plle2_adv_inst/CLKOUT0
                         net (fo=1, routed)           0.958    -1.059    pll_inst/inst/clk_out1_pll
    BUFGCTRL_X0Y1        BUFG (Prop_bufg_I_O)         0.026    -1.033 r  pll_inst/inst/clkout1_buf/O
                         net (fo=353, routed)         0.575    -0.458    uart_inst/clk_out1
    SLICE_X23Y243        FDCE                                         r  uart_inst/rx_shift_reg[0]/C
  -------------------------------------------------------------------    -------------------
    SLICE_X23Y243        FDCE (Prop_fdce_C_Q)         0.100    -0.358 r  uart_inst/rx_shift_reg[0]/Q
                         net (fo=1, routed)           0.096    -0.262    uart_inst/rx_shift_reg_n_0_[0]
    SLICE_X23Y244        FDCE                                         r  uart_inst/rx_data_reg[0]/D
  -------------------------------------------------------------------    -------------------

                         (clock clk_out1_pll rise edge)
                                                      0.000     0.000 r  
    AD12                                              0.000     0.000 r  i_sys_clk_p (IN)
                         net (fo=0)                   0.000     0.000    pll_inst/inst/clk_in1_p
    AD12                 IBUFDS (Prop_ibufds_I_O)     0.470     0.470 r  pll_inst/inst/clkin1_ibufgds/O
                         net (fo=1, routed)           0.554     1.024    pll_inst/inst/clk_in1_pll
    PLLE2_ADV_X1Y1       PLLE2_ADV (Prop_plle2_adv_CLKIN1_CLKOUT0)
                                                     -3.524    -2.500 r  pll_inst/inst/plle2_adv_inst/CLKOUT0
                         net (fo=1, routed)           1.027    -1.473    pll_inst/inst/clk_out1_pll
    BUFGCTRL_X0Y1        BUFG (Prop_bufg_I_O)         0.030    -1.443 r  pll_inst/inst/clkout1_buf/O
                         net (fo=353, routed)         0.780    -0.663    uart_inst/clk_out1
    SLICE_X23Y244        FDCE                                         r  uart_inst/rx_data_reg[0]/C
                         clock pessimism              0.220    -0.444    
    SLICE_X23Y244        FDCE (Hold_fdce_C_D)         0.040    -0.404    uart_inst/rx_data_reg[0]
  -------------------------------------------------------------------
                         required time                          0.404    
                         arrival time                          -0.262    
  -------------------------------------------------------------------
                         slack                                  0.142    

Slack (MET) :             0.144ns  (arrival time - required time)
  Source:                 twin_controller_inst/sw_reg[16]/C
                            (rising edge-triggered cell FDCE clocked by clk_out1_pll  {rise@0.000ns fall@10.000ns period=20.000ns})
  Destination:            twin_controller_inst/status_buffer_reg[8][0]/D
                            (rising edge-triggered cell FDCE clocked by clk_out1_pll  {rise@0.000ns fall@10.000ns period=20.000ns})
  Path Group:             clk_out1_pll
  Path Type:              Hold (Min at Fast Process Corner)
  Requirement:            0.000ns  (clk_out1_pll rise@0.000ns - clk_out1_pll rise@0.000ns)
  Data Path Delay:        0.204ns  (logic 0.100ns (48.923%)  route 0.104ns (51.077%))
  Logic Levels:           0  
  Clock Path Skew:        0.013ns (DCD - SCD - CPR)
    Destination Clock Delay (DCD):    -0.670ns
    Source Clock Delay      (SCD):    -0.464ns
    Clock Pessimism Removal (CPR):    -0.220ns

    Location             Delay type                Incr(ns)  Path(ns)    Netlist Resource(s)
  -------------------------------------------------------------------    -------------------
                         (clock clk_out1_pll rise edge)
                                                      0.000     0.000 r  
    AD12                                              0.000     0.000 r  i_sys_clk_p (IN)
                         net (fo=0)                   0.000     0.000    pll_inst/inst/clk_in1_p
    AD12                 IBUFDS (Prop_ibufds_I_O)     0.388     0.388 r  pll_inst/inst/clkin1_ibufgds/O
                         net (fo=1, routed)           0.503     0.891    pll_inst/inst/clk_in1_pll
    PLLE2_ADV_X1Y1       PLLE2_ADV (Prop_plle2_adv_CLKIN1_CLKOUT0)
                                                     -2.908    -2.017 r  pll_inst/inst/plle2_adv_inst/CLKOUT0
                         net (fo=1, routed)           0.958    -1.059    pll_inst/inst/clk_out1_pll
    BUFGCTRL_X0Y1        BUFG (Prop_bufg_I_O)         0.026    -1.033 r  pll_inst/inst/clkout1_buf/O
                         net (fo=353, routed)         0.569    -0.464    twin_controller_inst/CLK
    SLICE_X33Y243        FDCE                                         r  twin_controller_inst/sw_reg[16]/C
  -------------------------------------------------------------------    -------------------
    SLICE_X33Y243        FDCE (Prop_fdce_C_Q)         0.100    -0.364 r  twin_controller_inst/sw_reg[16]/Q
                         net (fo=3, routed)           0.104    -0.259    twin_controller_inst/virtual_sw[16]
    SLICE_X33Y242        FDCE                                         r  twin_controller_inst/status_buffer_reg[8][0]/D
  -------------------------------------------------------------------    -------------------

                         (clock clk_out1_pll rise edge)
                                                      0.000     0.000 r  
    AD12                                              0.000     0.000 r  i_sys_clk_p (IN)
                         net (fo=0)                   0.000     0.000    pll_inst/inst/clk_in1_p
    AD12                 IBUFDS (Prop_ibufds_I_O)     0.470     0.470 r  pll_inst/inst/clkin1_ibufgds/O
                         net (fo=1, routed)           0.554     1.024    pll_inst/inst/clk_in1_pll
    PLLE2_ADV_X1Y1       PLLE2_ADV (Prop_plle2_adv_CLKIN1_CLKOUT0)
                                                     -3.524    -2.500 r  pll_inst/inst/plle2_adv_inst/CLKOUT0
                         net (fo=1, routed)           1.027    -1.473    pll_inst/inst/clk_out1_pll
    BUFGCTRL_X0Y1        BUFG (Prop_bufg_I_O)         0.030    -1.443 r  pll_inst/inst/clkout1_buf/O
                         net (fo=353, routed)         0.773    -0.670    twin_controller_inst/CLK
    SLICE_X33Y242        FDCE                                         r  twin_controller_inst/status_buffer_reg[8][0]/C
                         clock pessimism              0.220    -0.451    
    SLICE_X33Y242        FDCE (Hold_fdce_C_D)         0.047    -0.404    twin_controller_inst/status_buffer_reg[8][0]
  -------------------------------------------------------------------
                         required time                          0.404    
                         arrival time                          -0.259    
  -------------------------------------------------------------------
                         slack                                  0.144    

Slack (MET) :             0.146ns  (arrival time - required time)
  Source:                 uart_inst/rx_shift_reg[2]/C
                            (rising edge-triggered cell FDCE clocked by clk_out1_pll  {rise@0.000ns fall@10.000ns period=20.000ns})
  Destination:            uart_inst/rx_data_reg[2]/D
                            (rising edge-triggered cell FDCE clocked by clk_out1_pll  {rise@0.000ns fall@10.000ns period=20.000ns})
  Path Group:             clk_out1_pll
  Path Type:              Hold (Min at Fast Process Corner)
  Requirement:            0.000ns  (clk_out1_pll rise@0.000ns - clk_out1_pll rise@0.000ns)
  Data Path Delay:        0.201ns  (logic 0.100ns (49.794%)  route 0.101ns (50.206%))
  Logic Levels:           0  
  Clock Path Skew:        0.014ns (DCD - SCD - CPR)
    Destination Clock Delay (DCD):    -0.663ns
    Source Clock Delay      (SCD):    -0.458ns
    Clock Pessimism Removal (CPR):    -0.220ns

    Location             Delay type                Incr(ns)  Path(ns)    Netlist Resource(s)
  -------------------------------------------------------------------    -------------------
                         (clock clk_out1_pll rise edge)
                                                      0.000     0.000 r  
    AD12                                              0.000     0.000 r  i_sys_clk_p (IN)
                         net (fo=0)                   0.000     0.000    pll_inst/inst/clk_in1_p
    AD12                 IBUFDS (Prop_ibufds_I_O)     0.388     0.388 r  pll_inst/inst/clkin1_ibufgds/O
                         net (fo=1, routed)           0.503     0.891    pll_inst/inst/clk_in1_pll
    PLLE2_ADV_X1Y1       PLLE2_ADV (Prop_plle2_adv_CLKIN1_CLKOUT0)
                                                     -2.908    -2.017 r  pll_inst/inst/plle2_adv_inst/CLKOUT0
                         net (fo=1, routed)           0.958    -1.059    pll_inst/inst/clk_out1_pll
    BUFGCTRL_X0Y1        BUFG (Prop_bufg_I_O)         0.026    -1.033 r  pll_inst/inst/clkout1_buf/O
                         net (fo=353, routed)         0.575    -0.458    uart_inst/clk_out1
    SLICE_X23Y243        FDCE                                         r  uart_inst/rx_shift_reg[2]/C
  -------------------------------------------------------------------    -------------------
    SLICE_X23Y243        FDCE (Prop_fdce_C_Q)         0.100    -0.358 r  uart_inst/rx_shift_reg[2]/Q
                         net (fo=2, routed)           0.101    -0.257    uart_inst/p_0_in[1]
    SLICE_X23Y244        FDCE                                         r  uart_inst/rx_data_reg[2]/D
  -------------------------------------------------------------------    -------------------

                         (clock clk_out1_pll rise edge)
                                                      0.000     0.000 r  
    AD12                                              0.000     0.000 r  i_sys_clk_p (IN)
                         net (fo=0)                   0.000     0.000    pll_inst/inst/clk_in1_p
    AD12                 IBUFDS (Prop_ibufds_I_O)     0.470     0.470 r  pll_inst/inst/clkin1_ibufgds/O
                         net (fo=1, routed)           0.554     1.024    pll_inst/inst/clk_in1_pll
    PLLE2_ADV_X1Y1       PLLE2_ADV (Prop_plle2_adv_CLKIN1_CLKOUT0)
                                                     -3.524    -2.500 r  pll_inst/inst/plle2_adv_inst/CLKOUT0
                         net (fo=1, routed)           1.027    -1.473    pll_inst/inst/clk_out1_pll
    BUFGCTRL_X0Y1        BUFG (Prop_bufg_I_O)         0.030    -1.443 r  pll_inst/inst/clkout1_buf/O
                         net (fo=353, routed)         0.780    -0.663    uart_inst/clk_out1
    SLICE_X23Y244        FDCE                                         r  uart_inst/rx_data_reg[2]/C
                         clock pessimism              0.220    -0.444    
    SLICE_X23Y244        FDCE (Hold_fdce_C_D)         0.041    -0.403    uart_inst/rx_data_reg[2]
  -------------------------------------------------------------------
                         required time                          0.403    
                         arrival time                          -0.257    
  -------------------------------------------------------------------
                         slack                                  0.146    

Slack (MET) :             0.147ns  (arrival time - required time)
  Source:                 uart_inst/rx_shift_reg[3]/C
                            (rising edge-triggered cell FDCE clocked by clk_out1_pll  {rise@0.000ns fall@10.000ns period=20.000ns})
  Destination:            uart_inst/rx_data_reg[3]/D
                            (rising edge-triggered cell FDCE clocked by clk_out1_pll  {rise@0.000ns fall@10.000ns period=20.000ns})
  Path Group:             clk_out1_pll
  Path Type:              Hold (Min at Fast Process Corner)
  Requirement:            0.000ns  (clk_out1_pll rise@0.000ns - clk_out1_pll rise@0.000ns)
  Data Path Delay:        0.204ns  (logic 0.100ns (48.906%)  route 0.104ns (51.094%))
  Logic Levels:           0  
  Clock Path Skew:        0.014ns (DCD - SCD - CPR)
    Destination Clock Delay (DCD):    -0.663ns
    Source Clock Delay      (SCD):    -0.458ns
    Clock Pessimism Removal (CPR):    -0.220ns

    Location             Delay type                Incr(ns)  Path(ns)    Netlist Resource(s)
  -------------------------------------------------------------------    -------------------
                         (clock clk_out1_pll rise edge)
                                                      0.000     0.000 r  
    AD12                                              0.000     0.000 r  i_sys_clk_p (IN)
                         net (fo=0)                   0.000     0.000    pll_inst/inst/clk_in1_p
    AD12                 IBUFDS (Prop_ibufds_I_O)     0.388     0.388 r  pll_inst/inst/clkin1_ibufgds/O
                         net (fo=1, routed)           0.503     0.891    pll_inst/inst/clk_in1_pll
    PLLE2_ADV_X1Y1       PLLE2_ADV (Prop_plle2_adv_CLKIN1_CLKOUT0)
                                                     -2.908    -2.017 r  pll_inst/inst/plle2_adv_inst/CLKOUT0
                         net (fo=1, routed)           0.958    -1.059    pll_inst/inst/clk_out1_pll
    BUFGCTRL_X0Y1        BUFG (Prop_bufg_I_O)         0.026    -1.033 r  pll_inst/inst/clkout1_buf/O
                         net (fo=353, routed)         0.575    -0.458    uart_inst/clk_out1
    SLICE_X23Y243        FDCE                                         r  uart_inst/rx_shift_reg[3]/C
  -------------------------------------------------------------------    -------------------
    SLICE_X23Y243        FDCE (Prop_fdce_C_Q)         0.100    -0.358 r  uart_inst/rx_shift_reg[3]/Q
                         net (fo=2, routed)           0.104    -0.253    uart_inst/p_0_in[2]
    SLICE_X23Y244        FDCE                                         r  uart_inst/rx_data_reg[3]/D
  -------------------------------------------------------------------    -------------------

                         (clock clk_out1_pll rise edge)
                                                      0.000     0.000 r  
    AD12                                              0.000     0.000 r  i_sys_clk_p (IN)
                         net (fo=0)                   0.000     0.000    pll_inst/inst/clk_in1_p
    AD12                 IBUFDS (Prop_ibufds_I_O)     0.470     0.470 r  pll_inst/inst/clkin1_ibufgds/O
                         net (fo=1, routed)           0.554     1.024    pll_inst/inst/clk_in1_pll
    PLLE2_ADV_X1Y1       PLLE2_ADV (Prop_plle2_adv_CLKIN1_CLKOUT0)
                                                     -3.524    -2.500 r  pll_inst/inst/plle2_adv_inst/CLKOUT0
                         net (fo=1, routed)           1.027    -1.473    pll_inst/inst/clk_out1_pll
    BUFGCTRL_X0Y1        BUFG (Prop_bufg_I_O)         0.030    -1.443 r  pll_inst/inst/clkout1_buf/O
                         net (fo=353, routed)         0.780    -0.663    uart_inst/clk_out1
    SLICE_X23Y244        FDCE                                         r  uart_inst/rx_data_reg[3]/C
                         clock pessimism              0.220    -0.444    
    SLICE_X23Y244        FDCE (Hold_fdce_C_D)         0.043    -0.401    uart_inst/rx_data_reg[3]
  -------------------------------------------------------------------
                         required time                          0.401    
                         arrival time                          -0.253    
  -------------------------------------------------------------------
                         slack                                  0.147    

Slack (MET) :             0.148ns  (arrival time - required time)
  Source:                 twin_controller_inst/sw_reg[24]/C
                            (rising edge-triggered cell FDCE clocked by clk_out1_pll  {rise@0.000ns fall@10.000ns period=20.000ns})
  Destination:            twin_controller_inst/status_buffer_reg[9][0]/D
                            (rising edge-triggered cell FDCE clocked by clk_out1_pll  {rise@0.000ns fall@10.000ns period=20.000ns})
  Path Group:             clk_out1_pll
  Path Type:              Hold (Min at Fast Process Corner)
  Requirement:            0.000ns  (clk_out1_pll rise@0.000ns - clk_out1_pll rise@0.000ns)
  Data Path Delay:        0.209ns  (logic 0.100ns (47.765%)  route 0.109ns (52.235%))
  Logic Levels:           0  
  Clock Path Skew:        0.014ns (DCD - SCD - CPR)
    Destination Clock Delay (DCD):    -0.667ns
    Source Clock Delay      (SCD):    -0.463ns
    Clock Pessimism Removal (CPR):    -0.219ns

    Location             Delay type                Incr(ns)  Path(ns)    Netlist Resource(s)
  -------------------------------------------------------------------    -------------------
                         (clock clk_out1_pll rise edge)
                                                      0.000     0.000 r  
    AD12                                              0.000     0.000 r  i_sys_clk_p (IN)
                         net (fo=0)                   0.000     0.000    pll_inst/inst/clk_in1_p
    AD12                 IBUFDS (Prop_ibufds_I_O)     0.388     0.388 r  pll_inst/inst/clkin1_ibufgds/O
                         net (fo=1, routed)           0.503     0.891    pll_inst/inst/clk_in1_pll
    PLLE2_ADV_X1Y1       PLLE2_ADV (Prop_plle2_adv_CLKIN1_CLKOUT0)
                                                     -2.908    -2.017 r  pll_inst/inst/plle2_adv_inst/CLKOUT0
                         net (fo=1, routed)           0.958    -1.059    pll_inst/inst/clk_out1_pll
    BUFGCTRL_X0Y1        BUFG (Prop_bufg_I_O)         0.026    -1.033 r  pll_inst/inst/clkout1_buf/O
                         net (fo=353, routed)         0.570    -0.463    twin_controller_inst/CLK
    SLICE_X31Y245        FDCE                                         r  twin_controller_inst/sw_reg[24]/C
  -------------------------------------------------------------------    -------------------
    SLICE_X31Y245        FDCE (Prop_fdce_C_Q)         0.100    -0.363 r  twin_controller_inst/sw_reg[24]/Q
                         net (fo=3, routed)           0.109    -0.253    twin_controller_inst/virtual_sw[24]
    SLICE_X31Y244        FDCE                                         r  twin_controller_inst/status_buffer_reg[9][0]/D
  -------------------------------------------------------------------    -------------------

                         (clock clk_out1_pll rise edge)
                                                      0.000     0.000 r  
    AD12                                              0.000     0.000 r  i_sys_clk_p (IN)
                         net (fo=0)                   0.000     0.000    pll_inst/inst/clk_in1_p
    AD12                 IBUFDS (Prop_ibufds_I_O)     0.470     0.470 r  pll_inst/inst/clkin1_ibufgds/O
                         net (fo=1, routed)           0.554     1.024    pll_inst/inst/clk_in1_pll
    PLLE2_ADV_X1Y1       PLLE2_ADV (Prop_plle2_adv_CLKIN1_CLKOUT0)
                                                     -3.524    -2.500 r  pll_inst/inst/plle2_adv_inst/CLKOUT0
                         net (fo=1, routed)           1.027    -1.473    pll_inst/inst/clk_out1_pll
    BUFGCTRL_X0Y1        BUFG (Prop_bufg_I_O)         0.030    -1.443 r  pll_inst/inst/clkout1_buf/O
                         net (fo=353, routed)         0.776    -0.667    twin_controller_inst/CLK
    SLICE_X31Y244        FDCE                                         r  twin_controller_inst/status_buffer_reg[9][0]/C
                         clock pessimism              0.219    -0.449    
    SLICE_X31Y244        FDCE (Hold_fdce_C_D)         0.047    -0.402    twin_controller_inst/status_buffer_reg[9][0]
  -------------------------------------------------------------------
                         required time                          0.402    
                         arrival time                          -0.253    
  -------------------------------------------------------------------
                         slack                                  0.148    

Slack (MET) :             0.149ns  (arrival time - required time)
  Source:                 twin_controller_inst/sw_reg[9]/C
                            (rising edge-triggered cell FDCE clocked by clk_out1_pll  {rise@0.000ns fall@10.000ns period=20.000ns})
  Destination:            twin_controller_inst/status_buffer_reg[7][1]/D
                            (rising edge-triggered cell FDCE clocked by clk_out1_pll  {rise@0.000ns fall@10.000ns period=20.000ns})
  Path Group:             clk_out1_pll
  Path Type:              Hold (Min at Fast Process Corner)
  Requirement:            0.000ns  (clk_out1_pll rise@0.000ns - clk_out1_pll rise@0.000ns)
  Data Path Delay:        0.223ns  (logic 0.100ns (44.835%)  route 0.123ns (55.165%))
  Logic Levels:           0  
  Clock Path Skew:        0.031ns (DCD - SCD - CPR)
    Destination Clock Delay (DCD):    -0.669ns
    Source Clock Delay      (SCD):    -0.463ns
    Clock Pessimism Removal (CPR):    -0.238ns

    Location             Delay type                Incr(ns)  Path(ns)    Netlist Resource(s)
  -------------------------------------------------------------------    -------------------
                         (clock clk_out1_pll rise edge)
                                                      0.000     0.000 r  
    AD12                                              0.000     0.000 r  i_sys_clk_p (IN)
                         net (fo=0)                   0.000     0.000    pll_inst/inst/clk_in1_p
    AD12                 IBUFDS (Prop_ibufds_I_O)     0.388     0.388 r  pll_inst/inst/clkin1_ibufgds/O
                         net (fo=1, routed)           0.503     0.891    pll_inst/inst/clk_in1_pll
    PLLE2_ADV_X1Y1       PLLE2_ADV (Prop_plle2_adv_CLKIN1_CLKOUT0)
                                                     -2.908    -2.017 r  pll_inst/inst/plle2_adv_inst/CLKOUT0
                         net (fo=1, routed)           0.958    -1.059    pll_inst/inst/clk_out1_pll
    BUFGCTRL_X0Y1        BUFG (Prop_bufg_I_O)         0.026    -1.033 r  pll_inst/inst/clkout1_buf/O
                         net (fo=353, routed)         0.570    -0.463    twin_controller_inst/CLK
    SLICE_X31Y245        FDCE                                         r  twin_controller_inst/sw_reg[9]/C
  -------------------------------------------------------------------    -------------------
    SLICE_X31Y245        FDCE (Prop_fdce_C_Q)         0.100    -0.363 r  twin_controller_inst/sw_reg[9]/Q
                         net (fo=3, routed)           0.123    -0.240    twin_controller_inst/virtual_sw[9]
    SLICE_X32Y244        FDCE                                         r  twin_controller_inst/status_buffer_reg[7][1]/D
  -------------------------------------------------------------------    -------------------

                         (clock clk_out1_pll rise edge)
                                                      0.000     0.000 r  
    AD12                                              0.000     0.000 r  i_sys_clk_p (IN)
                         net (fo=0)                   0.000     0.000    pll_inst/inst/clk_in1_p
    AD12                 IBUFDS (Prop_ibufds_I_O)     0.470     0.470 r  pll_inst/inst/clkin1_ibufgds/O
                         net (fo=1, routed)           0.554     1.024    pll_inst/inst/clk_in1_pll
    PLLE2_ADV_X1Y1       PLLE2_ADV (Prop_plle2_adv_CLKIN1_CLKOUT0)
                                                     -3.524    -2.500 r  pll_inst/inst/plle2_adv_inst/CLKOUT0
                         net (fo=1, routed)           1.027    -1.473    pll_inst/inst/clk_out1_pll
    BUFGCTRL_X0Y1        BUFG (Prop_bufg_I_O)         0.030    -1.443 r  pll_inst/inst/clkout1_buf/O
                         net (fo=353, routed)         0.774    -0.669    twin_controller_inst/CLK
    SLICE_X32Y244        FDCE                                         r  twin_controller_inst/status_buffer_reg[7][1]/C
                         clock pessimism              0.238    -0.432    
    SLICE_X32Y244        FDCE (Hold_fdce_C_D)         0.043    -0.389    twin_controller_inst/status_buffer_reg[7][1]
  -------------------------------------------------------------------
                         required time                          0.389    
                         arrival time                          -0.240    
  -------------------------------------------------------------------
                         slack                                  0.149    

Slack (MET) :             0.152ns  (arrival time - required time)
  Source:                 twin_controller_inst/sw_reg[31]/C
                            (rising edge-triggered cell FDCE clocked by clk_out1_pll  {rise@0.000ns fall@10.000ns period=20.000ns})
  Destination:            twin_controller_inst/status_buffer_reg[9][7]/D
                            (rising edge-triggered cell FDCE clocked by clk_out1_pll  {rise@0.000ns fall@10.000ns period=20.000ns})
  Path Group:             clk_out1_pll
  Path Type:              Hold (Min at Fast Process Corner)
  Requirement:            0.000ns  (clk_out1_pll rise@0.000ns - clk_out1_pll rise@0.000ns)
  Data Path Delay:        0.215ns  (logic 0.100ns (46.545%)  route 0.115ns (53.455%))
  Logic Levels:           0  
  Clock Path Skew:        0.014ns (DCD - SCD - CPR)
    Destination Clock Delay (DCD):    -0.667ns
    Source Clock Delay      (SCD):    -0.463ns
    Clock Pessimism Removal (CPR):    -0.219ns

    Location             Delay type                Incr(ns)  Path(ns)    Netlist Resource(s)
  -------------------------------------------------------------------    -------------------
                         (clock clk_out1_pll rise edge)
                                                      0.000     0.000 r  
    AD12                                              0.000     0.000 r  i_sys_clk_p (IN)
                         net (fo=0)                   0.000     0.000    pll_inst/inst/clk_in1_p
    AD12                 IBUFDS (Prop_ibufds_I_O)     0.388     0.388 r  pll_inst/inst/clkin1_ibufgds/O
                         net (fo=1, routed)           0.503     0.891    pll_inst/inst/clk_in1_pll
    PLLE2_ADV_X1Y1       PLLE2_ADV (Prop_plle2_adv_CLKIN1_CLKOUT0)
                                                     -2.908    -2.017 r  pll_inst/inst/plle2_adv_inst/CLKOUT0
                         net (fo=1, routed)           0.958    -1.059    pll_inst/inst/clk_out1_pll
    BUFGCTRL_X0Y1        BUFG (Prop_bufg_I_O)         0.026    -1.033 r  pll_inst/inst/clkout1_buf/O
                         net (fo=353, routed)         0.570    -0.463    twin_controller_inst/CLK
    SLICE_X30Y243        FDCE                                         r  twin_controller_inst/sw_reg[31]/C
  -------------------------------------------------------------------    -------------------
    SLICE_X30Y243        FDCE (Prop_fdce_C_Q)         0.100    -0.363 r  twin_controller_inst/sw_reg[31]/Q
                         net (fo=3, routed)           0.115    -0.248    twin_controller_inst/virtual_sw[31]
    SLICE_X29Y243        FDCE                                         r  twin_controller_inst/status_buffer_reg[9][7]/D
  -------------------------------------------------------------------    -------------------

                         (clock clk_out1_pll rise edge)
                                                      0.000     0.000 r  
    AD12                                              0.000     0.000 r  i_sys_clk_p (IN)
                         net (fo=0)                   0.000     0.000    pll_inst/inst/clk_in1_p
    AD12                 IBUFDS (Prop_ibufds_I_O)     0.470     0.470 r  pll_inst/inst/clkin1_ibufgds/O
                         net (fo=1, routed)           0.554     1.024    pll_inst/inst/clk_in1_pll
    PLLE2_ADV_X1Y1       PLLE2_ADV (Prop_plle2_adv_CLKIN1_CLKOUT0)
                                                     -3.524    -2.500 r  pll_inst/inst/plle2_adv_inst/CLKOUT0
                         net (fo=1, routed)           1.027    -1.473    pll_inst/inst/clk_out1_pll
    BUFGCTRL_X0Y1        BUFG (Prop_bufg_I_O)         0.030    -1.443 r  pll_inst/inst/clkout1_buf/O
                         net (fo=353, routed)         0.776    -0.667    twin_controller_inst/CLK
    SLICE_X29Y243        FDCE                                         r  twin_controller_inst/status_buffer_reg[9][7]/C
                         clock pessimism              0.219    -0.449    
    SLICE_X29Y243        FDCE (Hold_fdce_C_D)         0.049    -0.400    twin_controller_inst/status_buffer_reg[9][7]
  -------------------------------------------------------------------
                         required time                          0.400    
                         arrival time                          -0.248    
  -------------------------------------------------------------------
                         slack                                  0.152    

Slack (MET) :             0.156ns  (arrival time - required time)
  Source:                 twin_controller_inst/key_reg[7]/C
                            (rising edge-triggered cell FDCE clocked by clk_out1_pll  {rise@0.000ns fall@10.000ns period=20.000ns})
  Destination:            twin_controller_inst/status_buffer_reg[5][7]/D
                            (rising edge-triggered cell FDCE clocked by clk_out1_pll  {rise@0.000ns fall@10.000ns period=20.000ns})
  Path Group:             clk_out1_pll
  Path Type:              Hold (Min at Fast Process Corner)
  Requirement:            0.000ns  (clk_out1_pll rise@0.000ns - clk_out1_pll rise@0.000ns)
  Data Path Delay:        0.211ns  (logic 0.100ns (47.391%)  route 0.111ns (52.609%))
  Logic Levels:           0  
  Clock Path Skew:        0.014ns (DCD - SCD - CPR)
    Destination Clock Delay (DCD):    -0.666ns
    Source Clock Delay      (SCD):    -0.461ns
    Clock Pessimism Removal (CPR):    -0.220ns

    Location             Delay type                Incr(ns)  Path(ns)    Netlist Resource(s)
  -------------------------------------------------------------------    -------------------
                         (clock clk_out1_pll rise edge)
                                                      0.000     0.000 r  
    AD12                                              0.000     0.000 r  i_sys_clk_p (IN)
                         net (fo=0)                   0.000     0.000    pll_inst/inst/clk_in1_p
    AD12                 IBUFDS (Prop_ibufds_I_O)     0.388     0.388 r  pll_inst/inst/clkin1_ibufgds/O
                         net (fo=1, routed)           0.503     0.891    pll_inst/inst/clk_in1_pll
    PLLE2_ADV_X1Y1       PLLE2_ADV (Prop_plle2_adv_CLKIN1_CLKOUT0)
                                                     -2.908    -2.017 r  pll_inst/inst/plle2_adv_inst/CLKOUT0
                         net (fo=1, routed)           0.958    -1.059    pll_inst/inst/clk_out1_pll
    BUFGCTRL_X0Y1        BUFG (Prop_bufg_I_O)         0.026    -1.033 r  pll_inst/inst/clkout1_buf/O
                         net (fo=353, routed)         0.572    -0.461    twin_controller_inst/CLK
    SLICE_X25Y246        FDCE                                         r  twin_controller_inst/key_reg[7]/C
  -------------------------------------------------------------------    -------------------
    SLICE_X25Y246        FDCE (Prop_fdce_C_Q)         0.100    -0.361 r  twin_controller_inst/key_reg[7]/Q
                         net (fo=3, routed)           0.111    -0.250    twin_controller_inst/D[7]
    SLICE_X25Y244        FDCE                                         r  twin_controller_inst/status_buffer_reg[5][7]/D
  -------------------------------------------------------------------    -------------------

                         (clock clk_out1_pll rise edge)
                                                      0.000     0.000 r  
    AD12                                              0.000     0.000 r  i_sys_clk_p (IN)
                         net (fo=0)                   0.000     0.000    pll_inst/inst/clk_in1_p
    AD12                 IBUFDS (Prop_ibufds_I_O)     0.470     0.470 r  pll_inst/inst/clkin1_ibufgds/O
                         net (fo=1, routed)           0.554     1.024    pll_inst/inst/clk_in1_pll
    PLLE2_ADV_X1Y1       PLLE2_ADV (Prop_plle2_adv_CLKIN1_CLKOUT0)
                                                     -3.524    -2.500 r  pll_inst/inst/plle2_adv_inst/CLKOUT0
                         net (fo=1, routed)           1.027    -1.473    pll_inst/inst/clk_out1_pll
    BUFGCTRL_X0Y1        BUFG (Prop_bufg_I_O)         0.030    -1.443 r  pll_inst/inst/clkout1_buf/O
                         net (fo=353, routed)         0.777    -0.666    twin_controller_inst/CLK
    SLICE_X25Y244        FDCE                                         r  twin_controller_inst/status_buffer_reg[5][7]/C
                         clock pessimism              0.220    -0.447    
    SLICE_X25Y244        FDCE (Hold_fdce_C_D)         0.041    -0.406    twin_controller_inst/status_buffer_reg[5][7]
  -------------------------------------------------------------------
                         required time                          0.406    
                         arrival time                          -0.250    
  -------------------------------------------------------------------
                         slack                                  0.156    

Slack (MET) :             0.157ns  (arrival time - required time)
  Source:                 twin_controller_inst/sw_reg[37]/C
                            (rising edge-triggered cell FDCE clocked by clk_out1_pll  {rise@0.000ns fall@10.000ns period=20.000ns})
  Destination:            twin_controller_inst/status_buffer_reg[10][5]/D
                            (rising edge-triggered cell FDCE clocked by clk_out1_pll  {rise@0.000ns fall@10.000ns period=20.000ns})
  Path Group:             clk_out1_pll
  Path Type:              Hold (Min at Fast Process Corner)
  Requirement:            0.000ns  (clk_out1_pll rise@0.000ns - clk_out1_pll rise@0.000ns)
  Data Path Delay:        0.211ns  (logic 0.100ns (47.330%)  route 0.111ns (52.670%))
  Logic Levels:           0  
  Clock Path Skew:        0.014ns (DCD - SCD - CPR)
    Destination Clock Delay (DCD):    -0.667ns
    Source Clock Delay      (SCD):    -0.463ns
    Clock Pessimism Removal (CPR):    -0.219ns

    Location             Delay type                Incr(ns)  Path(ns)    Netlist Resource(s)
  -------------------------------------------------------------------    -------------------
                         (clock clk_out1_pll rise edge)
                                                      0.000     0.000 r  
    AD12                                              0.000     0.000 r  i_sys_clk_p (IN)
                         net (fo=0)                   0.000     0.000    pll_inst/inst/clk_in1_p
    AD12                 IBUFDS (Prop_ibufds_I_O)     0.388     0.388 r  pll_inst/inst/clkin1_ibufgds/O
                         net (fo=1, routed)           0.503     0.891    pll_inst/inst/clk_in1_pll
    PLLE2_ADV_X1Y1       PLLE2_ADV (Prop_plle2_adv_CLKIN1_CLKOUT0)
                                                     -2.908    -2.017 r  pll_inst/inst/plle2_adv_inst/CLKOUT0
                         net (fo=1, routed)           0.958    -1.059    pll_inst/inst/clk_out1_pll
    BUFGCTRL_X0Y1        BUFG (Prop_bufg_I_O)         0.026    -1.033 r  pll_inst/inst/clkout1_buf/O
                         net (fo=353, routed)         0.570    -0.463    twin_controller_inst/CLK
    SLICE_X31Y243        FDCE                                         r  twin_controller_inst/sw_reg[37]/C
  -------------------------------------------------------------------    -------------------
    SLICE_X31Y243        FDCE (Prop_fdce_C_Q)         0.100    -0.363 r  twin_controller_inst/sw_reg[37]/Q
                         net (fo=3, routed)           0.111    -0.251    twin_controller_inst/virtual_sw[37]
    SLICE_X29Y243        FDCE                                         r  twin_controller_inst/status_buffer_reg[10][5]/D
  -------------------------------------------------------------------    -------------------

                         (clock clk_out1_pll rise edge)
                                                      0.000     0.000 r  
    AD12                                              0.000     0.000 r  i_sys_clk_p (IN)
                         net (fo=0)                   0.000     0.000    pll_inst/inst/clk_in1_p
    AD12                 IBUFDS (Prop_ibufds_I_O)     0.470     0.470 r  pll_inst/inst/clkin1_ibufgds/O
                         net (fo=1, routed)           0.554     1.024    pll_inst/inst/clk_in1_pll
    PLLE2_ADV_X1Y1       PLLE2_ADV (Prop_plle2_adv_CLKIN1_CLKOUT0)
                                                     -3.524    -2.500 r  pll_inst/inst/plle2_adv_inst/CLKOUT0
                         net (fo=1, routed)           1.027    -1.473    pll_inst/inst/clk_out1_pll
    BUFGCTRL_X0Y1        BUFG (Prop_bufg_I_O)         0.030    -1.443 r  pll_inst/inst/clkout1_buf/O
                         net (fo=353, routed)         0.776    -0.667    twin_controller_inst/CLK
    SLICE_X29Y243        FDCE                                         r  twin_controller_inst/status_buffer_reg[10][5]/C
                         clock pessimism              0.219    -0.449    
    SLICE_X29Y243        FDCE (Hold_fdce_C_D)         0.040    -0.409    twin_controller_inst/status_buffer_reg[10][5]
  -------------------------------------------------------------------
                         required time                          0.409    
                         arrival time                          -0.251    
  -------------------------------------------------------------------
                         slack                                  0.157    





Pulse Width Checks
--------------------------------------------------------------------------------------
Clock Name:         clk_out1_pll
Waveform(ns):       { 0.000 10.000 }
Period(ns):         20.000
Sources:            { pll_inst/inst/plle2_adv_inst/CLKOUT0 }

Check Type        Corner  Lib Pin            Reference Pin  Required(ns)  Actual(ns)  Slack(ns)  Location        Pin
Min Period        n/a     BUFG/I             n/a            1.408         20.000      18.591     BUFGCTRL_X0Y1   pll_inst/inst/clkout1_buf/I
Min Period        n/a     PLLE2_ADV/CLKOUT0  n/a            1.071         20.000      18.929     PLLE2_ADV_X1Y1  pll_inst/inst/plle2_adv_inst/CLKOUT0
Min Period        n/a     FDCE/C             n/a            0.750         20.000      19.250     SLICE_X24Y256   twin_controller_inst/send_cnt_reg[1]/C
Min Period        n/a     FDCE/C             n/a            0.750         20.000      19.250     SLICE_X24Y256   twin_controller_inst/send_cnt_reg[3]/C
Min Period        n/a     FDCE/C             n/a            0.750         20.000      19.250     SLICE_X33Y245   twin_controller_inst/status_buffer_reg[15][1]/C
Min Period        n/a     FDCE/C             n/a            0.750         20.000      19.250     SLICE_X33Y244   twin_controller_inst/status_buffer_reg[15][5]/C
Min Period        n/a     FDCE/C             n/a            0.750         20.000      19.250     SLICE_X33Y245   twin_controller_inst/status_buffer_reg[15][7]/C
Min Period        n/a     FDCE/C             n/a            0.750         20.000      19.250     SLICE_X28Y245   twin_controller_inst/status_buffer_reg[16][2]/C
Min Period        n/a     FDCE/C             n/a            0.750         20.000      19.250     SLICE_X33Y245   twin_controller_inst/status_buffer_reg[16][3]/C
Min Period        n/a     FDCE/C             n/a            0.750         20.000      19.250     SLICE_X32Y246   twin_controller_inst/status_buffer_reg[16][7]/C
Max Period        n/a     PLLE2_ADV/CLKOUT0  n/a            160.000       20.000      140.000    PLLE2_ADV_X1Y1  pll_inst/inst/plle2_adv_inst/CLKOUT0
Low Pulse Width   Slow    FDCE/C             n/a            0.400         10.000      9.600      SLICE_X24Y256   twin_controller_inst/send_cnt_reg[1]/C
Low Pulse Width   Fast    FDCE/C             n/a            0.400         10.000      9.600      SLICE_X24Y256   twin_controller_inst/send_cnt_reg[1]/C
Low Pulse Width   Slow    FDCE/C             n/a            0.400         10.000      9.600      SLICE_X24Y256   twin_controller_inst/send_cnt_reg[3]/C
Low Pulse Width   Fast    FDCE/C             n/a            0.400         10.000      9.600      SLICE_X24Y256   twin_controller_inst/send_cnt_reg[3]/C
Low Pulse Width   Slow    FDCE/C             n/a            0.400         10.000      9.600      SLICE_X33Y245   twin_controller_inst/status_buffer_reg[15][1]/C
Low Pulse Width   Fast    FDCE/C             n/a            0.400         10.000      9.600      SLICE_X33Y245   twin_controller_inst/status_buffer_reg[15][1]/C
Low Pulse Width   Slow    FDCE/C             n/a            0.400         10.000      9.600      SLICE_X33Y244   twin_controller_inst/status_buffer_reg[15][5]/C
Low Pulse Width   Fast    FDCE/C             n/a            0.400         10.000      9.600      SLICE_X33Y244   twin_controller_inst/status_buffer_reg[15][5]/C
Low Pulse Width   Slow    FDCE/C             n/a            0.400         10.000      9.600      SLICE_X33Y245   twin_controller_inst/status_buffer_reg[15][7]/C
Low Pulse Width   Fast    FDCE/C             n/a            0.400         10.000      9.600      SLICE_X33Y245   twin_controller_inst/status_buffer_reg[15][7]/C
High Pulse Width  Slow    FDRE/C             n/a            0.350         10.000      9.650      SLICE_X44Y240   student_top_inst/bridge_inst/counter_inst/cnt_1ms_reg[0]/C
High Pulse Width  Fast    FDRE/C             n/a            0.350         10.000      9.650      SLICE_X44Y240   student_top_inst/bridge_inst/counter_inst/cnt_1ms_reg[0]/C
High Pulse Width  Slow    FDRE/C             n/a            0.350         10.000      9.650      SLICE_X44Y242   student_top_inst/bridge_inst/counter_inst/cnt_1ms_reg[10]/C
High Pulse Width  Fast    FDRE/C             n/a            0.350         10.000      9.650      SLICE_X44Y242   student_top_inst/bridge_inst/counter_inst/cnt_1ms_reg[10]/C
High Pulse Width  Slow    FDRE/C             n/a            0.350         10.000      9.650      SLICE_X44Y242   student_top_inst/bridge_inst/counter_inst/cnt_1ms_reg[11]/C
High Pulse Width  Fast    FDRE/C             n/a            0.350         10.000      9.650      SLICE_X44Y242   student_top_inst/bridge_inst/counter_inst/cnt_1ms_reg[11]/C
High Pulse Width  Slow    FDRE/C             n/a            0.350         10.000      9.650      SLICE_X44Y243   student_top_inst/bridge_inst/counter_inst/cnt_1ms_reg[12]/C
High Pulse Width  Fast    FDRE/C             n/a            0.350         10.000      9.650      SLICE_X44Y243   student_top_inst/bridge_inst/counter_inst/cnt_1ms_reg[12]/C
High Pulse Width  Slow    FDRE/C             n/a            0.350         10.000      9.650      SLICE_X44Y243   student_top_inst/bridge_inst/counter_inst/cnt_1ms_reg[13]/C
High Pulse Width  Fast    FDRE/C             n/a            0.350         10.000      9.650      SLICE_X44Y243   student_top_inst/bridge_inst/counter_inst/cnt_1ms_reg[13]/C



---------------------------------------------------------------------------------------------------
From Clock:  clk_out2_pll
  To Clock:  clk_out2_pll

Setup :            0  Failing Endpoints,  Worst Slack        3.871ns,  Total Violation        0.000ns
Hold  :            0  Failing Endpoints,  Worst Slack        0.088ns,  Total Violation        0.000ns
PW    :            0  Failing Endpoints,  Worst Slack        9.232ns,  Total Violation        0.000ns
---------------------------------------------------------------------------------------------------


Max Delay Paths
--------------------------------------------------------------------------------------
Slack (MET) :             3.871ns  (required time - arrival time)
  Source:                 student_top_inst/Core_cpu/u_core/u_reg_ex_mem/o_alu_res_reg[13]/C
                            (rising edge-triggered cell FDCE clocked by clk_out2_pll  {rise@0.000ns fall@10.000ns period=20.000ns})
  Destination:            student_top_inst/bridge_inst/dram_driver_inst/Mem_DRAM/U0/synth_options.dist_mem_inst/gen_sp_ram.spram_inst/ram_reg_30464_30719_28_28/RAMS64E_A/WE
                            (rising edge-triggered cell RAMS64E clocked by clk_out2_pll  {rise@0.000ns fall@10.000ns period=20.000ns})
  Path Group:             clk_out2_pll
  Path Type:              Setup (Max at Slow Process Corner)
  Requirement:            20.000ns  (clk_out2_pll rise@20.000ns - clk_out2_pll rise@0.000ns)
  Data Path Delay:        15.691ns  (logic 0.266ns (1.695%)  route 15.425ns (98.305%))
  Logic Levels:           1  (LUT6=1)
  Clock Path Skew:        -0.030ns (DCD - SCD + CPR)
    Destination Clock Delay (DCD):    -2.141ns = ( 17.859 - 20.000 ) 
    Source Clock Delay      (SCD):    -2.560ns
    Clock Pessimism Removal (CPR):    -0.450ns
  Clock Uncertainty:      0.105ns  ((TSJ^2 + DJ^2)^1/2) / 2 + PE
    Total System Jitter     (TSJ):    0.071ns
    Discrete Jitter          (DJ):    0.198ns
    Phase Error              (PE):    0.000ns

    Location             Delay type                Incr(ns)  Path(ns)    Netlist Resource(s)
  -------------------------------------------------------------------    -------------------
                         (clock clk_out2_pll rise edge)
                                                      0.000     0.000 r  
    AD12                                              0.000     0.000 r  i_sys_clk_p (IN)
                         net (fo=0)                   0.000     0.000    pll_inst/inst/clk_in1_p
    AD12                 IBUFDS (Prop_ibufds_I_O)     0.906     0.906 r  pll_inst/inst/clkin1_ibufgds/O
                         net (fo=1, routed)           1.098     2.004    pll_inst/inst/clk_in1_pll
    PLLE2_ADV_X1Y1       PLLE2_ADV (Prop_plle2_adv_CLKIN1_CLKOUT1)
                                                     -8.058    -6.054 r  pll_inst/inst/plle2_adv_inst/CLKOUT1
                         net (fo=1, routed)           2.128    -3.926    pll_inst/inst/clk_out2_pll
    BUFGCTRL_X0Y0        BUFG (Prop_bufg_I_O)         0.093    -3.833 r  pll_inst/inst/clkout2_buf/O
                         net (fo=35309, routed)       1.273    -2.560    student_top_inst/Core_cpu/u_core/u_reg_ex_mem/clk_out2
    SLICE_X26Y229        FDCE                                         r  student_top_inst/Core_cpu/u_core/u_reg_ex_mem/o_alu_res_reg[13]/C
  -------------------------------------------------------------------    -------------------
    SLICE_X26Y229        FDCE (Prop_fdce_C_Q)         0.223    -2.337 f  student_top_inst/Core_cpu/u_core/u_reg_ex_mem/o_alu_res_reg[13]/Q
                         net (fo=4787, routed)       15.120    12.783    student_top_inst/bridge_inst/dram_driver_inst/Mem_DRAM/U0/synth_options.dist_mem_inst/gen_sp_ram.spram_inst/a[11]
    SLICE_X115Y294       LUT6 (Prop_lut6_I0_O)        0.043    12.826 r  student_top_inst/bridge_inst/dram_driver_inst/Mem_DRAM/U0/synth_options.dist_mem_inst/gen_sp_ram.spram_inst/ram_reg_30464_30719_28_28_i_1/O
                         net (fo=4, routed)           0.305    13.131    student_top_inst/bridge_inst/dram_driver_inst/Mem_DRAM/U0/synth_options.dist_mem_inst/gen_sp_ram.spram_inst/ram_reg_30464_30719_28_28/WE
    SLICE_X118Y295       RAMS64E                                      r  student_top_inst/bridge_inst/dram_driver_inst/Mem_DRAM/U0/synth_options.dist_mem_inst/gen_sp_ram.spram_inst/ram_reg_30464_30719_28_28/RAMS64E_A/WE
  -------------------------------------------------------------------    -------------------

                         (clock clk_out2_pll rise edge)
                                                     20.000    20.000 r  
    AD12                                              0.000    20.000 r  i_sys_clk_p (IN)
                         net (fo=0)                   0.000    20.000    pll_inst/inst/clk_in1_p
    AD12                 IBUFDS (Prop_ibufds_I_O)     0.803    20.803 r  pll_inst/inst/clkin1_ibufgds/O
                         net (fo=1, routed)           1.001    21.804    pll_inst/inst/clk_in1_pll
    PLLE2_ADV_X1Y1       PLLE2_ADV (Prop_plle2_adv_CLKIN1_CLKOUT1)
                                                     -7.261    14.543 r  pll_inst/inst/plle2_adv_inst/CLKOUT1
                         net (fo=1, routed)           2.003    16.546    pll_inst/inst/clk_out2_pll
    BUFGCTRL_X0Y0        BUFG (Prop_bufg_I_O)         0.083    16.629 r  pll_inst/inst/clkout2_buf/O
                         net (fo=35309, routed)       1.230    17.859    student_top_inst/bridge_inst/dram_driver_inst/Mem_DRAM/U0/synth_options.dist_mem_inst/gen_sp_ram.spram_inst/ram_reg_30464_30719_28_28/WCLK
    SLICE_X118Y295       RAMS64E                                      r  student_top_inst/bridge_inst/dram_driver_inst/Mem_DRAM/U0/synth_options.dist_mem_inst/gen_sp_ram.spram_inst/ram_reg_30464_30719_28_28/RAMS64E_A/CLK
                         clock pessimism             -0.450    17.410    
                         clock uncertainty           -0.105    17.304    
    SLICE_X118Y295       RAMS64E (Setup_rams64e_CLK_WE)
                                                     -0.303    17.001    student_top_inst/bridge_inst/dram_driver_inst/Mem_DRAM/U0/synth_options.dist_mem_inst/gen_sp_ram.spram_inst/ram_reg_30464_30719_28_28/RAMS64E_A
  -------------------------------------------------------------------
                         required time                         17.001    
                         arrival time                         -13.131    
  -------------------------------------------------------------------
                         slack                                  3.871    

Slack (MET) :             3.871ns  (required time - arrival time)
  Source:                 student_top_inst/Core_cpu/u_core/u_reg_ex_mem/o_alu_res_reg[13]/C
                            (rising edge-triggered cell FDCE clocked by clk_out2_pll  {rise@0.000ns fall@10.000ns period=20.000ns})
  Destination:            student_top_inst/bridge_inst/dram_driver_inst/Mem_DRAM/U0/synth_options.dist_mem_inst/gen_sp_ram.spram_inst/ram_reg_30464_30719_28_28/RAMS64E_B/WE
                            (rising edge-triggered cell RAMS64E clocked by clk_out2_pll  {rise@0.000ns fall@10.000ns period=20.000ns})
  Path Group:             clk_out2_pll
  Path Type:              Setup (Max at Slow Process Corner)
  Requirement:            20.000ns  (clk_out2_pll rise@20.000ns - clk_out2_pll rise@0.000ns)
  Data Path Delay:        15.691ns  (logic 0.266ns (1.695%)  route 15.425ns (98.305%))
  Logic Levels:           1  (LUT6=1)
  Clock Path Skew:        -0.030ns (DCD - SCD + CPR)
    Destination Clock Delay (DCD):    -2.141ns = ( 17.859 - 20.000 ) 
    Source Clock Delay      (SCD):    -2.560ns
    Clock Pessimism Removal (CPR):    -0.450ns
  Clock Uncertainty:      0.105ns  ((TSJ^2 + DJ^2)^1/2) / 2 + PE
    Total System Jitter     (TSJ):    0.071ns
    Discrete Jitter          (DJ):    0.198ns
    Phase Error              (PE):    0.000ns

    Location             Delay type                Incr(ns)  Path(ns)    Netlist Resource(s)
  -------------------------------------------------------------------    -------------------
                         (clock clk_out2_pll rise edge)
                                                      0.000     0.000 r  
    AD12                                              0.000     0.000 r  i_sys_clk_p (IN)
                         net (fo=0)                   0.000     0.000    pll_inst/inst/clk_in1_p
    AD12                 IBUFDS (Prop_ibufds_I_O)     0.906     0.906 r  pll_inst/inst/clkin1_ibufgds/O
                         net (fo=1, routed)           1.098     2.004    pll_inst/inst/clk_in1_pll
    PLLE2_ADV_X1Y1       PLLE2_ADV (Prop_plle2_adv_CLKIN1_CLKOUT1)
                                                     -8.058    -6.054 r  pll_inst/inst/plle2_adv_inst/CLKOUT1
                         net (fo=1, routed)           2.128    -3.926    pll_inst/inst/clk_out2_pll
    BUFGCTRL_X0Y0        BUFG (Prop_bufg_I_O)         0.093    -3.833 r  pll_inst/inst/clkout2_buf/O
                         net (fo=35309, routed)       1.273    -2.560    student_top_inst/Core_cpu/u_core/u_reg_ex_mem/clk_out2
    SLICE_X26Y229        FDCE                                         r  student_top_inst/Core_cpu/u_core/u_reg_ex_mem/o_alu_res_reg[13]/C
  -------------------------------------------------------------------    -------------------
    SLICE_X26Y229        FDCE (Prop_fdce_C_Q)         0.223    -2.337 f  student_top_inst/Core_cpu/u_core/u_reg_ex_mem/o_alu_res_reg[13]/Q
                         net (fo=4787, routed)       15.120    12.783    student_top_inst/bridge_inst/dram_driver_inst/Mem_DRAM/U0/synth_options.dist_mem_inst/gen_sp_ram.spram_inst/a[11]
    SLICE_X115Y294       LUT6 (Prop_lut6_I0_O)        0.043    12.826 r  student_top_inst/bridge_inst/dram_driver_inst/Mem_DRAM/U0/synth_options.dist_mem_inst/gen_sp_ram.spram_inst/ram_reg_30464_30719_28_28_i_1/O
                         net (fo=4, routed)           0.305    13.131    student_top_inst/bridge_inst/dram_driver_inst/Mem_DRAM/U0/synth_options.dist_mem_inst/gen_sp_ram.spram_inst/ram_reg_30464_30719_28_28/WE
    SLICE_X118Y295       RAMS64E                                      r  student_top_inst/bridge_inst/dram_driver_inst/Mem_DRAM/U0/synth_options.dist_mem_inst/gen_sp_ram.spram_inst/ram_reg_30464_30719_28_28/RAMS64E_B/WE
  -------------------------------------------------------------------    -------------------

                         (clock clk_out2_pll rise edge)
                                                     20.000    20.000 r  
    AD12                                              0.000    20.000 r  i_sys_clk_p (IN)
                         net (fo=0)                   0.000    20.000    pll_inst/inst/clk_in1_p
    AD12                 IBUFDS (Prop_ibufds_I_O)     0.803    20.803 r  pll_inst/inst/clkin1_ibufgds/O
                         net (fo=1, routed)           1.001    21.804    pll_inst/inst/clk_in1_pll
    PLLE2_ADV_X1Y1       PLLE2_ADV (Prop_plle2_adv_CLKIN1_CLKOUT1)
                                                     -7.261    14.543 r  pll_inst/inst/plle2_adv_inst/CLKOUT1
                         net (fo=1, routed)           2.003    16.546    pll_inst/inst/clk_out2_pll
    BUFGCTRL_X0Y0        BUFG (Prop_bufg_I_O)         0.083    16.629 r  pll_inst/inst/clkout2_buf/O
                         net (fo=35309, routed)       1.230    17.859    student_top_inst/bridge_inst/dram_driver_inst/Mem_DRAM/U0/synth_options.dist_mem_inst/gen_sp_ram.spram_inst/ram_reg_30464_30719_28_28/WCLK
    SLICE_X118Y295       RAMS64E                                      r  student_top_inst/bridge_inst/dram_driver_inst/Mem_DRAM/U0/synth_options.dist_mem_inst/gen_sp_ram.spram_inst/ram_reg_30464_30719_28_28/RAMS64E_B/CLK
                         clock pessimism             -0.450    17.410    
                         clock uncertainty           -0.105    17.304    
    SLICE_X118Y295       RAMS64E (Setup_rams64e_CLK_WE)
                                                     -0.303    17.001    student_top_inst/bridge_inst/dram_driver_inst/Mem_DRAM/U0/synth_options.dist_mem_inst/gen_sp_ram.spram_inst/ram_reg_30464_30719_28_28/RAMS64E_B
  -------------------------------------------------------------------
                         required time                         17.001    
                         arrival time                         -13.131    
  -------------------------------------------------------------------
                         slack                                  3.871    

Slack (MET) :             3.871ns  (required time - arrival time)
  Source:                 student_top_inst/Core_cpu/u_core/u_reg_ex_mem/o_alu_res_reg[13]/C
                            (rising edge-triggered cell FDCE clocked by clk_out2_pll  {rise@0.000ns fall@10.000ns period=20.000ns})
  Destination:            student_top_inst/bridge_inst/dram_driver_inst/Mem_DRAM/U0/synth_options.dist_mem_inst/gen_sp_ram.spram_inst/ram_reg_30464_30719_28_28/RAMS64E_C/WE
                            (rising edge-triggered cell RAMS64E clocked by clk_out2_pll  {rise@0.000ns fall@10.000ns period=20.000ns})
  Path Group:             clk_out2_pll
  Path Type:              Setup (Max at Slow Process Corner)
  Requirement:            20.000ns  (clk_out2_pll rise@20.000ns - clk_out2_pll rise@0.000ns)
  Data Path Delay:        15.691ns  (logic 0.266ns (1.695%)  route 15.425ns (98.305%))
  Logic Levels:           1  (LUT6=1)
  Clock Path Skew:        -0.030ns (DCD - SCD + CPR)
    Destination Clock Delay (DCD):    -2.141ns = ( 17.859 - 20.000 ) 
    Source Clock Delay      (SCD):    -2.560ns
    Clock Pessimism Removal (CPR):    -0.450ns
  Clock Uncertainty:      0.105ns  ((TSJ^2 + DJ^2)^1/2) / 2 + PE
    Total System Jitter     (TSJ):    0.071ns
    Discrete Jitter          (DJ):    0.198ns
    Phase Error              (PE):    0.000ns

    Location             Delay type                Incr(ns)  Path(ns)    Netlist Resource(s)
  -------------------------------------------------------------------    -------------------
                         (clock clk_out2_pll rise edge)
                                                      0.000     0.000 r  
    AD12                                              0.000     0.000 r  i_sys_clk_p (IN)
                         net (fo=0)                   0.000     0.000    pll_inst/inst/clk_in1_p
    AD12                 IBUFDS (Prop_ibufds_I_O)     0.906     0.906 r  pll_inst/inst/clkin1_ibufgds/O
                         net (fo=1, routed)           1.098     2.004    pll_inst/inst/clk_in1_pll
    PLLE2_ADV_X1Y1       PLLE2_ADV (Prop_plle2_adv_CLKIN1_CLKOUT1)
                                                     -8.058    -6.054 r  pll_inst/inst/plle2_adv_inst/CLKOUT1
                         net (fo=1, routed)           2.128    -3.926    pll_inst/inst/clk_out2_pll
    BUFGCTRL_X0Y0        BUFG (Prop_bufg_I_O)         0.093    -3.833 r  pll_inst/inst/clkout2_buf/O
                         net (fo=35309, routed)       1.273    -2.560    student_top_inst/Core_cpu/u_core/u_reg_ex_mem/clk_out2
    SLICE_X26Y229        FDCE                                         r  student_top_inst/Core_cpu/u_core/u_reg_ex_mem/o_alu_res_reg[13]/C
  -------------------------------------------------------------------    -------------------
    SLICE_X26Y229        FDCE (Prop_fdce_C_Q)         0.223    -2.337 f  student_top_inst/Core_cpu/u_core/u_reg_ex_mem/o_alu_res_reg[13]/Q
                         net (fo=4787, routed)       15.120    12.783    student_top_inst/bridge_inst/dram_driver_inst/Mem_DRAM/U0/synth_options.dist_mem_inst/gen_sp_ram.spram_inst/a[11]
    SLICE_X115Y294       LUT6 (Prop_lut6_I0_O)        0.043    12.826 r  student_top_inst/bridge_inst/dram_driver_inst/Mem_DRAM/U0/synth_options.dist_mem_inst/gen_sp_ram.spram_inst/ram_reg_30464_30719_28_28_i_1/O
                         net (fo=4, routed)           0.305    13.131    student_top_inst/bridge_inst/dram_driver_inst/Mem_DRAM/U0/synth_options.dist_mem_inst/gen_sp_ram.spram_inst/ram_reg_30464_30719_28_28/WE
    SLICE_X118Y295       RAMS64E                                      r  student_top_inst/bridge_inst/dram_driver_inst/Mem_DRAM/U0/synth_options.dist_mem_inst/gen_sp_ram.spram_inst/ram_reg_30464_30719_28_28/RAMS64E_C/WE
  -------------------------------------------------------------------    -------------------

                         (clock clk_out2_pll rise edge)
                                                     20.000    20.000 r  
    AD12                                              0.000    20.000 r  i_sys_clk_p (IN)
                         net (fo=0)                   0.000    20.000    pll_inst/inst/clk_in1_p
    AD12                 IBUFDS (Prop_ibufds_I_O)     0.803    20.803 r  pll_inst/inst/clkin1_ibufgds/O
                         net (fo=1, routed)           1.001    21.804    pll_inst/inst/clk_in1_pll
    PLLE2_ADV_X1Y1       PLLE2_ADV (Prop_plle2_adv_CLKIN1_CLKOUT1)
                                                     -7.261    14.543 r  pll_inst/inst/plle2_adv_inst/CLKOUT1
                         net (fo=1, routed)           2.003    16.546    pll_inst/inst/clk_out2_pll
    BUFGCTRL_X0Y0        BUFG (Prop_bufg_I_O)         0.083    16.629 r  pll_inst/inst/clkout2_buf/O
                         net (fo=35309, routed)       1.230    17.859    student_top_inst/bridge_inst/dram_driver_inst/Mem_DRAM/U0/synth_options.dist_mem_inst/gen_sp_ram.spram_inst/ram_reg_30464_30719_28_28/WCLK
    SLICE_X118Y295       RAMS64E                                      r  student_top_inst/bridge_inst/dram_driver_inst/Mem_DRAM/U0/synth_options.dist_mem_inst/gen_sp_ram.spram_inst/ram_reg_30464_30719_28_28/RAMS64E_C/CLK
                         clock pessimism             -0.450    17.410    
                         clock uncertainty           -0.105    17.304    
    SLICE_X118Y295       RAMS64E (Setup_rams64e_CLK_WE)
                                                     -0.303    17.001    student_top_inst/bridge_inst/dram_driver_inst/Mem_DRAM/U0/synth_options.dist_mem_inst/gen_sp_ram.spram_inst/ram_reg_30464_30719_28_28/RAMS64E_C
  -------------------------------------------------------------------
                         required time                         17.001    
                         arrival time                         -13.131    
  -------------------------------------------------------------------
                         slack                                  3.871    

Slack (MET) :             3.871ns  (required time - arrival time)
  Source:                 student_top_inst/Core_cpu/u_core/u_reg_ex_mem/o_alu_res_reg[13]/C
                            (rising edge-triggered cell FDCE clocked by clk_out2_pll  {rise@0.000ns fall@10.000ns period=20.000ns})
  Destination:            student_top_inst/bridge_inst/dram_driver_inst/Mem_DRAM/U0/synth_options.dist_mem_inst/gen_sp_ram.spram_inst/ram_reg_30464_30719_28_28/RAMS64E_D/WE
                            (rising edge-triggered cell RAMS64E clocked by clk_out2_pll  {rise@0.000ns fall@10.000ns period=20.000ns})
  Path Group:             clk_out2_pll
  Path Type:              Setup (Max at Slow Process Corner)
  Requirement:            20.000ns  (clk_out2_pll rise@20.000ns - clk_out2_pll rise@0.000ns)
  Data Path Delay:        15.691ns  (logic 0.266ns (1.695%)  route 15.425ns (98.305%))
  Logic Levels:           1  (LUT6=1)
  Clock Path Skew:        -0.030ns (DCD - SCD + CPR)
    Destination Clock Delay (DCD):    -2.141ns = ( 17.859 - 20.000 ) 
    Source Clock Delay      (SCD):    -2.560ns
    Clock Pessimism Removal (CPR):    -0.450ns
  Clock Uncertainty:      0.105ns  ((TSJ^2 + DJ^2)^1/2) / 2 + PE
    Total System Jitter     (TSJ):    0.071ns
    Discrete Jitter          (DJ):    0.198ns
    Phase Error              (PE):    0.000ns

    Location             Delay type                Incr(ns)  Path(ns)    Netlist Resource(s)
  -------------------------------------------------------------------    -------------------
                         (clock clk_out2_pll rise edge)
                                                      0.000     0.000 r  
    AD12                                              0.000     0.000 r  i_sys_clk_p (IN)
                         net (fo=0)                   0.000     0.000    pll_inst/inst/clk_in1_p
    AD12                 IBUFDS (Prop_ibufds_I_O)     0.906     0.906 r  pll_inst/inst/clkin1_ibufgds/O
                         net (fo=1, routed)           1.098     2.004    pll_inst/inst/clk_in1_pll
    PLLE2_ADV_X1Y1       PLLE2_ADV (Prop_plle2_adv_CLKIN1_CLKOUT1)
                                                     -8.058    -6.054 r  pll_inst/inst/plle2_adv_inst/CLKOUT1
                         net (fo=1, routed)           2.128    -3.926    pll_inst/inst/clk_out2_pll
    BUFGCTRL_X0Y0        BUFG (Prop_bufg_I_O)         0.093    -3.833 r  pll_inst/inst/clkout2_buf/O
                         net (fo=35309, routed)       1.273    -2.560    student_top_inst/Core_cpu/u_core/u_reg_ex_mem/clk_out2
    SLICE_X26Y229        FDCE                                         r  student_top_inst/Core_cpu/u_core/u_reg_ex_mem/o_alu_res_reg[13]/C
  -------------------------------------------------------------------    -------------------
    SLICE_X26Y229        FDCE (Prop_fdce_C_Q)         0.223    -2.337 f  student_top_inst/Core_cpu/u_core/u_reg_ex_mem/o_alu_res_reg[13]/Q
                         net (fo=4787, routed)       15.120    12.783    student_top_inst/bridge_inst/dram_driver_inst/Mem_DRAM/U0/synth_options.dist_mem_inst/gen_sp_ram.spram_inst/a[11]
    SLICE_X115Y294       LUT6 (Prop_lut6_I0_O)        0.043    12.826 r  student_top_inst/bridge_inst/dram_driver_inst/Mem_DRAM/U0/synth_options.dist_mem_inst/gen_sp_ram.spram_inst/ram_reg_30464_30719_28_28_i_1/O
                         net (fo=4, routed)           0.305    13.131    student_top_inst/bridge_inst/dram_driver_inst/Mem_DRAM/U0/synth_options.dist_mem_inst/gen_sp_ram.spram_inst/ram_reg_30464_30719_28_28/WE
    SLICE_X118Y295       RAMS64E                                      r  student_top_inst/bridge_inst/dram_driver_inst/Mem_DRAM/U0/synth_options.dist_mem_inst/gen_sp_ram.spram_inst/ram_reg_30464_30719_28_28/RAMS64E_D/WE
  -------------------------------------------------------------------    -------------------

                         (clock clk_out2_pll rise edge)
                                                     20.000    20.000 r  
    AD12                                              0.000    20.000 r  i_sys_clk_p (IN)
                         net (fo=0)                   0.000    20.000    pll_inst/inst/clk_in1_p
    AD12                 IBUFDS (Prop_ibufds_I_O)     0.803    20.803 r  pll_inst/inst/clkin1_ibufgds/O
                         net (fo=1, routed)           1.001    21.804    pll_inst/inst/clk_in1_pll
    PLLE2_ADV_X1Y1       PLLE2_ADV (Prop_plle2_adv_CLKIN1_CLKOUT1)
                                                     -7.261    14.543 r  pll_inst/inst/plle2_adv_inst/CLKOUT1
                         net (fo=1, routed)           2.003    16.546    pll_inst/inst/clk_out2_pll
    BUFGCTRL_X0Y0        BUFG (Prop_bufg_I_O)         0.083    16.629 r  pll_inst/inst/clkout2_buf/O
                         net (fo=35309, routed)       1.230    17.859    student_top_inst/bridge_inst/dram_driver_inst/Mem_DRAM/U0/synth_options.dist_mem_inst/gen_sp_ram.spram_inst/ram_reg_30464_30719_28_28/WCLK
    SLICE_X118Y295       RAMS64E                                      r  student_top_inst/bridge_inst/dram_driver_inst/Mem_DRAM/U0/synth_options.dist_mem_inst/gen_sp_ram.spram_inst/ram_reg_30464_30719_28_28/RAMS64E_D/CLK
                         clock pessimism             -0.450    17.410    
                         clock uncertainty           -0.105    17.304    
    SLICE_X118Y295       RAMS64E (Setup_rams64e_CLK_WE)
                                                     -0.303    17.001    student_top_inst/bridge_inst/dram_driver_inst/Mem_DRAM/U0/synth_options.dist_mem_inst/gen_sp_ram.spram_inst/ram_reg_30464_30719_28_28/RAMS64E_D
  -------------------------------------------------------------------
                         required time                         17.001    
                         arrival time                         -13.131    
  -------------------------------------------------------------------
                         slack                                  3.871    

Slack (MET) :             4.054ns  (required time - arrival time)
  Source:                 student_top_inst/Core_cpu/u_core/u_reg_ex_mem/o_alu_res_reg[13]/C
                            (rising edge-triggered cell FDCE clocked by clk_out2_pll  {rise@0.000ns fall@10.000ns period=20.000ns})
  Destination:            student_top_inst/bridge_inst/dram_driver_inst/Mem_DRAM/U0/synth_options.dist_mem_inst/gen_sp_ram.spram_inst/ram_reg_55040_55295_27_27/RAMS64E_A/WE
                            (rising edge-triggered cell RAMS64E clocked by clk_out2_pll  {rise@0.000ns fall@10.000ns period=20.000ns})
  Path Group:             clk_out2_pll
  Path Type:              Setup (Max at Slow Process Corner)
  Requirement:            20.000ns  (clk_out2_pll rise@20.000ns - clk_out2_pll rise@0.000ns)
  Data Path Delay:        15.506ns  (logic 0.266ns (1.715%)  route 15.240ns (98.285%))
  Logic Levels:           1  (LUT6=1)
  Clock Path Skew:        -0.032ns (DCD - SCD + CPR)
    Destination Clock Delay (DCD):    -2.143ns = ( 17.857 - 20.000 ) 
    Source Clock Delay      (SCD):    -2.560ns
    Clock Pessimism Removal (CPR):    -0.450ns
  Clock Uncertainty:      0.105ns  ((TSJ^2 + DJ^2)^1/2) / 2 + PE
    Total System Jitter     (TSJ):    0.071ns
    Discrete Jitter          (DJ):    0.198ns
    Phase Error              (PE):    0.000ns

    Location             Delay type                Incr(ns)  Path(ns)    Netlist Resource(s)
  -------------------------------------------------------------------    -------------------
                         (clock clk_out2_pll rise edge)
                                                      0.000     0.000 r  
    AD12                                              0.000     0.000 r  i_sys_clk_p (IN)
                         net (fo=0)                   0.000     0.000    pll_inst/inst/clk_in1_p
    AD12                 IBUFDS (Prop_ibufds_I_O)     0.906     0.906 r  pll_inst/inst/clkin1_ibufgds/O
                         net (fo=1, routed)           1.098     2.004    pll_inst/inst/clk_in1_pll
    PLLE2_ADV_X1Y1       PLLE2_ADV (Prop_plle2_adv_CLKIN1_CLKOUT1)
                                                     -8.058    -6.054 r  pll_inst/inst/plle2_adv_inst/CLKOUT1
                         net (fo=1, routed)           2.128    -3.926    pll_inst/inst/clk_out2_pll
    BUFGCTRL_X0Y0        BUFG (Prop_bufg_I_O)         0.093    -3.833 r  pll_inst/inst/clkout2_buf/O
                         net (fo=35309, routed)       1.273    -2.560    student_top_inst/Core_cpu/u_core/u_reg_ex_mem/clk_out2
    SLICE_X26Y229        FDCE                                         r  student_top_inst/Core_cpu/u_core/u_reg_ex_mem/o_alu_res_reg[13]/C
  -------------------------------------------------------------------    -------------------
    SLICE_X26Y229        FDCE (Prop_fdce_C_Q)         0.223    -2.337 f  student_top_inst/Core_cpu/u_core/u_reg_ex_mem/o_alu_res_reg[13]/Q
                         net (fo=4787, routed)       14.955    12.618    student_top_inst/bridge_inst/dram_driver_inst/Mem_DRAM/U0/synth_options.dist_mem_inst/gen_sp_ram.spram_inst/a[11]
    SLICE_X117Y290       LUT6 (Prop_lut6_I0_O)        0.043    12.661 r  student_top_inst/bridge_inst/dram_driver_inst/Mem_DRAM/U0/synth_options.dist_mem_inst/gen_sp_ram.spram_inst/ram_reg_55040_55295_27_27_i_1/O
                         net (fo=4, routed)           0.285    12.946    student_top_inst/bridge_inst/dram_driver_inst/Mem_DRAM/U0/synth_options.dist_mem_inst/gen_sp_ram.spram_inst/ram_reg_55040_55295_27_27/WE
    SLICE_X118Y290       RAMS64E                                      r  student_top_inst/bridge_inst/dram_driver_inst/Mem_DRAM/U0/synth_options.dist_mem_inst/gen_sp_ram.spram_inst/ram_reg_55040_55295_27_27/RAMS64E_A/WE
  -------------------------------------------------------------------    -------------------

                         (clock clk_out2_pll rise edge)
                                                     20.000    20.000 r  
    AD12                                              0.000    20.000 r  i_sys_clk_p (IN)
                         net (fo=0)                   0.000    20.000    pll_inst/inst/clk_in1_p
    AD12                 IBUFDS (Prop_ibufds_I_O)     0.803    20.803 r  pll_inst/inst/clkin1_ibufgds/O
                         net (fo=1, routed)           1.001    21.804    pll_inst/inst/clk_in1_pll
    PLLE2_ADV_X1Y1       PLLE2_ADV (Prop_plle2_adv_CLKIN1_CLKOUT1)
                                                     -7.261    14.543 r  pll_inst/inst/plle2_adv_inst/CLKOUT1
                         net (fo=1, routed)           2.003    16.546    pll_inst/inst/clk_out2_pll
    BUFGCTRL_X0Y0        BUFG (Prop_bufg_I_O)         0.083    16.629 r  pll_inst/inst/clkout2_buf/O
                         net (fo=35309, routed)       1.228    17.857    student_top_inst/bridge_inst/dram_driver_inst/Mem_DRAM/U0/synth_options.dist_mem_inst/gen_sp_ram.spram_inst/ram_reg_55040_55295_27_27/WCLK
    SLICE_X118Y290       RAMS64E                                      r  student_top_inst/bridge_inst/dram_driver_inst/Mem_DRAM/U0/synth_options.dist_mem_inst/gen_sp_ram.spram_inst/ram_reg_55040_55295_27_27/RAMS64E_A/CLK
                         clock pessimism             -0.450    17.408    
                         clock uncertainty           -0.105    17.302    
    SLICE_X118Y290       RAMS64E (Setup_rams64e_CLK_WE)
                                                     -0.303    16.999    student_top_inst/bridge_inst/dram_driver_inst/Mem_DRAM/U0/synth_options.dist_mem_inst/gen_sp_ram.spram_inst/ram_reg_55040_55295_27_27/RAMS64E_A
  -------------------------------------------------------------------
                         required time                         16.999    
                         arrival time                         -12.946    
  -------------------------------------------------------------------
                         slack                                  4.054    

Slack (MET) :             4.054ns  (required time - arrival time)
  Source:                 student_top_inst/Core_cpu/u_core/u_reg_ex_mem/o_alu_res_reg[13]/C
                            (rising edge-triggered cell FDCE clocked by clk_out2_pll  {rise@0.000ns fall@10.000ns period=20.000ns})
  Destination:            student_top_inst/bridge_inst/dram_driver_inst/Mem_DRAM/U0/synth_options.dist_mem_inst/gen_sp_ram.spram_inst/ram_reg_55040_55295_27_27/RAMS64E_B/WE
                            (rising edge-triggered cell RAMS64E clocked by clk_out2_pll  {rise@0.000ns fall@10.000ns period=20.000ns})
  Path Group:             clk_out2_pll
  Path Type:              Setup (Max at Slow Process Corner)
  Requirement:            20.000ns  (clk_out2_pll rise@20.000ns - clk_out2_pll rise@0.000ns)
  Data Path Delay:        15.506ns  (logic 0.266ns (1.715%)  route 15.240ns (98.285%))
  Logic Levels:           1  (LUT6=1)
  Clock Path Skew:        -0.032ns (DCD - SCD + CPR)
    Destination Clock Delay (DCD):    -2.143ns = ( 17.857 - 20.000 ) 
    Source Clock Delay      (SCD):    -2.560ns
    Clock Pessimism Removal (CPR):    -0.450ns
  Clock Uncertainty:      0.105ns  ((TSJ^2 + DJ^2)^1/2) / 2 + PE
    Total System Jitter     (TSJ):    0.071ns
    Discrete Jitter          (DJ):    0.198ns
    Phase Error              (PE):    0.000ns

    Location             Delay type                Incr(ns)  Path(ns)    Netlist Resource(s)
  -------------------------------------------------------------------    -------------------
                         (clock clk_out2_pll rise edge)
                                                      0.000     0.000 r  
    AD12                                              0.000     0.000 r  i_sys_clk_p (IN)
                         net (fo=0)                   0.000     0.000    pll_inst/inst/clk_in1_p
    AD12                 IBUFDS (Prop_ibufds_I_O)     0.906     0.906 r  pll_inst/inst/clkin1_ibufgds/O
                         net (fo=1, routed)           1.098     2.004    pll_inst/inst/clk_in1_pll
    PLLE2_ADV_X1Y1       PLLE2_ADV (Prop_plle2_adv_CLKIN1_CLKOUT1)
                                                     -8.058    -6.054 r  pll_inst/inst/plle2_adv_inst/CLKOUT1
                         net (fo=1, routed)           2.128    -3.926    pll_inst/inst/clk_out2_pll
    BUFGCTRL_X0Y0        BUFG (Prop_bufg_I_O)         0.093    -3.833 r  pll_inst/inst/clkout2_buf/O
                         net (fo=35309, routed)       1.273    -2.560    student_top_inst/Core_cpu/u_core/u_reg_ex_mem/clk_out2
    SLICE_X26Y229        FDCE                                         r  student_top_inst/Core_cpu/u_core/u_reg_ex_mem/o_alu_res_reg[13]/C
  -------------------------------------------------------------------    -------------------
    SLICE_X26Y229        FDCE (Prop_fdce_C_Q)         0.223    -2.337 f  student_top_inst/Core_cpu/u_core/u_reg_ex_mem/o_alu_res_reg[13]/Q
                         net (fo=4787, routed)       14.955    12.618    student_top_inst/bridge_inst/dram_driver_inst/Mem_DRAM/U0/synth_options.dist_mem_inst/gen_sp_ram.spram_inst/a[11]
    SLICE_X117Y290       LUT6 (Prop_lut6_I0_O)        0.043    12.661 r  student_top_inst/bridge_inst/dram_driver_inst/Mem_DRAM/U0/synth_options.dist_mem_inst/gen_sp_ram.spram_inst/ram_reg_55040_55295_27_27_i_1/O
                         net (fo=4, routed)           0.285    12.946    student_top_inst/bridge_inst/dram_driver_inst/Mem_DRAM/U0/synth_options.dist_mem_inst/gen_sp_ram.spram_inst/ram_reg_55040_55295_27_27/WE
    SLICE_X118Y290       RAMS64E                                      r  student_top_inst/bridge_inst/dram_driver_inst/Mem_DRAM/U0/synth_options.dist_mem_inst/gen_sp_ram.spram_inst/ram_reg_55040_55295_27_27/RAMS64E_B/WE
  -------------------------------------------------------------------    -------------------

                         (clock clk_out2_pll rise edge)
                                                     20.000    20.000 r  
    AD12                                              0.000    20.000 r  i_sys_clk_p (IN)
                         net (fo=0)                   0.000    20.000    pll_inst/inst/clk_in1_p
    AD12                 IBUFDS (Prop_ibufds_I_O)     0.803    20.803 r  pll_inst/inst/clkin1_ibufgds/O
                         net (fo=1, routed)           1.001    21.804    pll_inst/inst/clk_in1_pll
    PLLE2_ADV_X1Y1       PLLE2_ADV (Prop_plle2_adv_CLKIN1_CLKOUT1)
                                                     -7.261    14.543 r  pll_inst/inst/plle2_adv_inst/CLKOUT1
                         net (fo=1, routed)           2.003    16.546    pll_inst/inst/clk_out2_pll
    BUFGCTRL_X0Y0        BUFG (Prop_bufg_I_O)         0.083    16.629 r  pll_inst/inst/clkout2_buf/O
                         net (fo=35309, routed)       1.228    17.857    student_top_inst/bridge_inst/dram_driver_inst/Mem_DRAM/U0/synth_options.dist_mem_inst/gen_sp_ram.spram_inst/ram_reg_55040_55295_27_27/WCLK
    SLICE_X118Y290       RAMS64E                                      r  student_top_inst/bridge_inst/dram_driver_inst/Mem_DRAM/U0/synth_options.dist_mem_inst/gen_sp_ram.spram_inst/ram_reg_55040_55295_27_27/RAMS64E_B/CLK
                         clock pessimism             -0.450    17.408    
                         clock uncertainty           -0.105    17.302    
    SLICE_X118Y290       RAMS64E (Setup_rams64e_CLK_WE)
                                                     -0.303    16.999    student_top_inst/bridge_inst/dram_driver_inst/Mem_DRAM/U0/synth_options.dist_mem_inst/gen_sp_ram.spram_inst/ram_reg_55040_55295_27_27/RAMS64E_B
  -------------------------------------------------------------------
                         required time                         16.999    
                         arrival time                         -12.946    
  -------------------------------------------------------------------
                         slack                                  4.054    

Slack (MET) :             4.054ns  (required time - arrival time)
  Source:                 student_top_inst/Core_cpu/u_core/u_reg_ex_mem/o_alu_res_reg[13]/C
                            (rising edge-triggered cell FDCE clocked by clk_out2_pll  {rise@0.000ns fall@10.000ns period=20.000ns})
  Destination:            student_top_inst/bridge_inst/dram_driver_inst/Mem_DRAM/U0/synth_options.dist_mem_inst/gen_sp_ram.spram_inst/ram_reg_55040_55295_27_27/RAMS64E_C/WE
                            (rising edge-triggered cell RAMS64E clocked by clk_out2_pll  {rise@0.000ns fall@10.000ns period=20.000ns})
  Path Group:             clk_out2_pll
  Path Type:              Setup (Max at Slow Process Corner)
  Requirement:            20.000ns  (clk_out2_pll rise@20.000ns - clk_out2_pll rise@0.000ns)
  Data Path Delay:        15.506ns  (logic 0.266ns (1.715%)  route 15.240ns (98.285%))
  Logic Levels:           1  (LUT6=1)
  Clock Path Skew:        -0.032ns (DCD - SCD + CPR)
    Destination Clock Delay (DCD):    -2.143ns = ( 17.857 - 20.000 ) 
    Source Clock Delay      (SCD):    -2.560ns
    Clock Pessimism Removal (CPR):    -0.450ns
  Clock Uncertainty:      0.105ns  ((TSJ^2 + DJ^2)^1/2) / 2 + PE
    Total System Jitter     (TSJ):    0.071ns
    Discrete Jitter          (DJ):    0.198ns
    Phase Error              (PE):    0.000ns

    Location             Delay type                Incr(ns)  Path(ns)    Netlist Resource(s)
  -------------------------------------------------------------------    -------------------
                         (clock clk_out2_pll rise edge)
                                                      0.000     0.000 r  
    AD12                                              0.000     0.000 r  i_sys_clk_p (IN)
                         net (fo=0)                   0.000     0.000    pll_inst/inst/clk_in1_p
    AD12                 IBUFDS (Prop_ibufds_I_O)     0.906     0.906 r  pll_inst/inst/clkin1_ibufgds/O
                         net (fo=1, routed)           1.098     2.004    pll_inst/inst/clk_in1_pll
    PLLE2_ADV_X1Y1       PLLE2_ADV (Prop_plle2_adv_CLKIN1_CLKOUT1)
                                                     -8.058    -6.054 r  pll_inst/inst/plle2_adv_inst/CLKOUT1
                         net (fo=1, routed)           2.128    -3.926    pll_inst/inst/clk_out2_pll
    BUFGCTRL_X0Y0        BUFG (Prop_bufg_I_O)         0.093    -3.833 r  pll_inst/inst/clkout2_buf/O
                         net (fo=35309, routed)       1.273    -2.560    student_top_inst/Core_cpu/u_core/u_reg_ex_mem/clk_out2
    SLICE_X26Y229        FDCE                                         r  student_top_inst/Core_cpu/u_core/u_reg_ex_mem/o_alu_res_reg[13]/C
  -------------------------------------------------------------------    -------------------
    SLICE_X26Y229        FDCE (Prop_fdce_C_Q)         0.223    -2.337 f  student_top_inst/Core_cpu/u_core/u_reg_ex_mem/o_alu_res_reg[13]/Q
                         net (fo=4787, routed)       14.955    12.618    student_top_inst/bridge_inst/dram_driver_inst/Mem_DRAM/U0/synth_options.dist_mem_inst/gen_sp_ram.spram_inst/a[11]
    SLICE_X117Y290       LUT6 (Prop_lut6_I0_O)        0.043    12.661 r  student_top_inst/bridge_inst/dram_driver_inst/Mem_DRAM/U0/synth_options.dist_mem_inst/gen_sp_ram.spram_inst/ram_reg_55040_55295_27_27_i_1/O
                         net (fo=4, routed)           0.285    12.946    student_top_inst/bridge_inst/dram_driver_inst/Mem_DRAM/U0/synth_options.dist_mem_inst/gen_sp_ram.spram_inst/ram_reg_55040_55295_27_27/WE
    SLICE_X118Y290       RAMS64E                                      r  student_top_inst/bridge_inst/dram_driver_inst/Mem_DRAM/U0/synth_options.dist_mem_inst/gen_sp_ram.spram_inst/ram_reg_55040_55295_27_27/RAMS64E_C/WE
  -------------------------------------------------------------------    -------------------

                         (clock clk_out2_pll rise edge)
                                                     20.000    20.000 r  
    AD12                                              0.000    20.000 r  i_sys_clk_p (IN)
                         net (fo=0)                   0.000    20.000    pll_inst/inst/clk_in1_p
    AD12                 IBUFDS (Prop_ibufds_I_O)     0.803    20.803 r  pll_inst/inst/clkin1_ibufgds/O
                         net (fo=1, routed)           1.001    21.804    pll_inst/inst/clk_in1_pll
    PLLE2_ADV_X1Y1       PLLE2_ADV (Prop_plle2_adv_CLKIN1_CLKOUT1)
                                                     -7.261    14.543 r  pll_inst/inst/plle2_adv_inst/CLKOUT1
                         net (fo=1, routed)           2.003    16.546    pll_inst/inst/clk_out2_pll
    BUFGCTRL_X0Y0        BUFG (Prop_bufg_I_O)         0.083    16.629 r  pll_inst/inst/clkout2_buf/O
                         net (fo=35309, routed)       1.228    17.857    student_top_inst/bridge_inst/dram_driver_inst/Mem_DRAM/U0/synth_options.dist_mem_inst/gen_sp_ram.spram_inst/ram_reg_55040_55295_27_27/WCLK
    SLICE_X118Y290       RAMS64E                                      r  student_top_inst/bridge_inst/dram_driver_inst/Mem_DRAM/U0/synth_options.dist_mem_inst/gen_sp_ram.spram_inst/ram_reg_55040_55295_27_27/RAMS64E_C/CLK
                         clock pessimism             -0.450    17.408    
                         clock uncertainty           -0.105    17.302    
    SLICE_X118Y290       RAMS64E (Setup_rams64e_CLK_WE)
                                                     -0.303    16.999    student_top_inst/bridge_inst/dram_driver_inst/Mem_DRAM/U0/synth_options.dist_mem_inst/gen_sp_ram.spram_inst/ram_reg_55040_55295_27_27/RAMS64E_C
  -------------------------------------------------------------------
                         required time                         16.999    
                         arrival time                         -12.946    
  -------------------------------------------------------------------
                         slack                                  4.054    

Slack (MET) :             4.054ns  (required time - arrival time)
  Source:                 student_top_inst/Core_cpu/u_core/u_reg_ex_mem/o_alu_res_reg[13]/C
                            (rising edge-triggered cell FDCE clocked by clk_out2_pll  {rise@0.000ns fall@10.000ns period=20.000ns})
  Destination:            student_top_inst/bridge_inst/dram_driver_inst/Mem_DRAM/U0/synth_options.dist_mem_inst/gen_sp_ram.spram_inst/ram_reg_55040_55295_27_27/RAMS64E_D/WE
                            (rising edge-triggered cell RAMS64E clocked by clk_out2_pll  {rise@0.000ns fall@10.000ns period=20.000ns})
  Path Group:             clk_out2_pll
  Path Type:              Setup (Max at Slow Process Corner)
  Requirement:            20.000ns  (clk_out2_pll rise@20.000ns - clk_out2_pll rise@0.000ns)
  Data Path Delay:        15.506ns  (logic 0.266ns (1.715%)  route 15.240ns (98.285%))
  Logic Levels:           1  (LUT6=1)
  Clock Path Skew:        -0.032ns (DCD - SCD + CPR)
    Destination Clock Delay (DCD):    -2.143ns = ( 17.857 - 20.000 ) 
    Source Clock Delay      (SCD):    -2.560ns
    Clock Pessimism Removal (CPR):    -0.450ns
  Clock Uncertainty:      0.105ns  ((TSJ^2 + DJ^2)^1/2) / 2 + PE
    Total System Jitter     (TSJ):    0.071ns
    Discrete Jitter          (DJ):    0.198ns
    Phase Error              (PE):    0.000ns

    Location             Delay type                Incr(ns)  Path(ns)    Netlist Resource(s)
  -------------------------------------------------------------------    -------------------
                         (clock clk_out2_pll rise edge)
                                                      0.000     0.000 r  
    AD12                                              0.000     0.000 r  i_sys_clk_p (IN)
                         net (fo=0)                   0.000     0.000    pll_inst/inst/clk_in1_p
    AD12                 IBUFDS (Prop_ibufds_I_O)     0.906     0.906 r  pll_inst/inst/clkin1_ibufgds/O
                         net (fo=1, routed)           1.098     2.004    pll_inst/inst/clk_in1_pll
    PLLE2_ADV_X1Y1       PLLE2_ADV (Prop_plle2_adv_CLKIN1_CLKOUT1)
                                                     -8.058    -6.054 r  pll_inst/inst/plle2_adv_inst/CLKOUT1
                         net (fo=1, routed)           2.128    -3.926    pll_inst/inst/clk_out2_pll
    BUFGCTRL_X0Y0        BUFG (Prop_bufg_I_O)         0.093    -3.833 r  pll_inst/inst/clkout2_buf/O
                         net (fo=35309, routed)       1.273    -2.560    student_top_inst/Core_cpu/u_core/u_reg_ex_mem/clk_out2
    SLICE_X26Y229        FDCE                                         r  student_top_inst/Core_cpu/u_core/u_reg_ex_mem/o_alu_res_reg[13]/C
  -------------------------------------------------------------------    -------------------
    SLICE_X26Y229        FDCE (Prop_fdce_C_Q)         0.223    -2.337 f  student_top_inst/Core_cpu/u_core/u_reg_ex_mem/o_alu_res_reg[13]/Q
                         net (fo=4787, routed)       14.955    12.618    student_top_inst/bridge_inst/dram_driver_inst/Mem_DRAM/U0/synth_options.dist_mem_inst/gen_sp_ram.spram_inst/a[11]
    SLICE_X117Y290       LUT6 (Prop_lut6_I0_O)        0.043    12.661 r  student_top_inst/bridge_inst/dram_driver_inst/Mem_DRAM/U0/synth_options.dist_mem_inst/gen_sp_ram.spram_inst/ram_reg_55040_55295_27_27_i_1/O
                         net (fo=4, routed)           0.285    12.946    student_top_inst/bridge_inst/dram_driver_inst/Mem_DRAM/U0/synth_options.dist_mem_inst/gen_sp_ram.spram_inst/ram_reg_55040_55295_27_27/WE
    SLICE_X118Y290       RAMS64E                                      r  student_top_inst/bridge_inst/dram_driver_inst/Mem_DRAM/U0/synth_options.dist_mem_inst/gen_sp_ram.spram_inst/ram_reg_55040_55295_27_27/RAMS64E_D/WE
  -------------------------------------------------------------------    -------------------

                         (clock clk_out2_pll rise edge)
                                                     20.000    20.000 r  
    AD12                                              0.000    20.000 r  i_sys_clk_p (IN)
                         net (fo=0)                   0.000    20.000    pll_inst/inst/clk_in1_p
    AD12                 IBUFDS (Prop_ibufds_I_O)     0.803    20.803 r  pll_inst/inst/clkin1_ibufgds/O
                         net (fo=1, routed)           1.001    21.804    pll_inst/inst/clk_in1_pll
    PLLE2_ADV_X1Y1       PLLE2_ADV (Prop_plle2_adv_CLKIN1_CLKOUT1)
                                                     -7.261    14.543 r  pll_inst/inst/plle2_adv_inst/CLKOUT1
                         net (fo=1, routed)           2.003    16.546    pll_inst/inst/clk_out2_pll
    BUFGCTRL_X0Y0        BUFG (Prop_bufg_I_O)         0.083    16.629 r  pll_inst/inst/clkout2_buf/O
                         net (fo=35309, routed)       1.228    17.857    student_top_inst/bridge_inst/dram_driver_inst/Mem_DRAM/U0/synth_options.dist_mem_inst/gen_sp_ram.spram_inst/ram_reg_55040_55295_27_27/WCLK
    SLICE_X118Y290       RAMS64E                                      r  student_top_inst/bridge_inst/dram_driver_inst/Mem_DRAM/U0/synth_options.dist_mem_inst/gen_sp_ram.spram_inst/ram_reg_55040_55295_27_27/RAMS64E_D/CLK
                         clock pessimism             -0.450    17.408    
                         clock uncertainty           -0.105    17.302    
    SLICE_X118Y290       RAMS64E (Setup_rams64e_CLK_WE)
                                                     -0.303    16.999    student_top_inst/bridge_inst/dram_driver_inst/Mem_DRAM/U0/synth_options.dist_mem_inst/gen_sp_ram.spram_inst/ram_reg_55040_55295_27_27/RAMS64E_D
  -------------------------------------------------------------------
                         required time                         16.999    
                         arrival time                         -12.946    
  -------------------------------------------------------------------
                         slack                                  4.054    

Slack (MET) :             4.140ns  (required time - arrival time)
  Source:                 student_top_inst/Core_cpu/u_core/u_reg_ex_mem/o_alu_res_reg[13]/C
                            (rising edge-triggered cell FDCE clocked by clk_out2_pll  {rise@0.000ns fall@10.000ns period=20.000ns})
  Destination:            student_top_inst/bridge_inst/dram_driver_inst/Mem_DRAM/U0/synth_options.dist_mem_inst/gen_sp_ram.spram_inst/ram_reg_30208_30463_28_28/RAMS64E_A/WE
                            (rising edge-triggered cell RAMS64E clocked by clk_out2_pll  {rise@0.000ns fall@10.000ns period=20.000ns})
  Path Group:             clk_out2_pll
  Path Type:              Setup (Max at Slow Process Corner)
  Requirement:            20.000ns  (clk_out2_pll rise@20.000ns - clk_out2_pll rise@0.000ns)
  Data Path Delay:        15.421ns  (logic 0.266ns (1.725%)  route 15.155ns (98.275%))
  Logic Levels:           1  (LUT6=1)
  Clock Path Skew:        -0.031ns (DCD - SCD + CPR)
    Destination Clock Delay (DCD):    -2.142ns = ( 17.858 - 20.000 ) 
    Source Clock Delay      (SCD):    -2.560ns
    Clock Pessimism Removal (CPR):    -0.450ns
  Clock Uncertainty:      0.105ns  ((TSJ^2 + DJ^2)^1/2) / 2 + PE
    Total System Jitter     (TSJ):    0.071ns
    Discrete Jitter          (DJ):    0.198ns
    Phase Error              (PE):    0.000ns

    Location             Delay type                Incr(ns)  Path(ns)    Netlist Resource(s)
  -------------------------------------------------------------------    -------------------
                         (clock clk_out2_pll rise edge)
                                                      0.000     0.000 r  
    AD12                                              0.000     0.000 r  i_sys_clk_p (IN)
                         net (fo=0)                   0.000     0.000    pll_inst/inst/clk_in1_p
    AD12                 IBUFDS (Prop_ibufds_I_O)     0.906     0.906 r  pll_inst/inst/clkin1_ibufgds/O
                         net (fo=1, routed)           1.098     2.004    pll_inst/inst/clk_in1_pll
    PLLE2_ADV_X1Y1       PLLE2_ADV (Prop_plle2_adv_CLKIN1_CLKOUT1)
                                                     -8.058    -6.054 r  pll_inst/inst/plle2_adv_inst/CLKOUT1
                         net (fo=1, routed)           2.128    -3.926    pll_inst/inst/clk_out2_pll
    BUFGCTRL_X0Y0        BUFG (Prop_bufg_I_O)         0.093    -3.833 r  pll_inst/inst/clkout2_buf/O
                         net (fo=35309, routed)       1.273    -2.560    student_top_inst/Core_cpu/u_core/u_reg_ex_mem/clk_out2
    SLICE_X26Y229        FDCE                                         r  student_top_inst/Core_cpu/u_core/u_reg_ex_mem/o_alu_res_reg[13]/C
  -------------------------------------------------------------------    -------------------
    SLICE_X26Y229        FDCE (Prop_fdce_C_Q)         0.223    -2.337 f  student_top_inst/Core_cpu/u_core/u_reg_ex_mem/o_alu_res_reg[13]/Q
                         net (fo=4787, routed)       14.871    12.534    student_top_inst/bridge_inst/dram_driver_inst/Mem_DRAM/U0/synth_options.dist_mem_inst/gen_sp_ram.spram_inst/a[11]
    SLICE_X115Y294       LUT6 (Prop_lut6_I0_O)        0.043    12.577 r  student_top_inst/bridge_inst/dram_driver_inst/Mem_DRAM/U0/synth_options.dist_mem_inst/gen_sp_ram.spram_inst/ram_reg_30208_30463_28_28_i_1/O
                         net (fo=4, routed)           0.283    12.860    student_top_inst/bridge_inst/dram_driver_inst/Mem_DRAM/U0/synth_options.dist_mem_inst/gen_sp_ram.spram_inst/ram_reg_30208_30463_28_28/WE
    SLICE_X116Y294       RAMS64E                                      r  student_top_inst/bridge_inst/dram_driver_inst/Mem_DRAM/U0/synth_options.dist_mem_inst/gen_sp_ram.spram_inst/ram_reg_30208_30463_28_28/RAMS64E_A/WE
  -------------------------------------------------------------------    -------------------

                         (clock clk_out2_pll rise edge)
                                                     20.000    20.000 r  
    AD12                                              0.000    20.000 r  i_sys_clk_p (IN)
                         net (fo=0)                   0.000    20.000    pll_inst/inst/clk_in1_p
    AD12                 IBUFDS (Prop_ibufds_I_O)     0.803    20.803 r  pll_inst/inst/clkin1_ibufgds/O
                         net (fo=1, routed)           1.001    21.804    pll_inst/inst/clk_in1_pll
    PLLE2_ADV_X1Y1       PLLE2_ADV (Prop_plle2_adv_CLKIN1_CLKOUT1)
                                                     -7.261    14.543 r  pll_inst/inst/plle2_adv_inst/CLKOUT1
                         net (fo=1, routed)           2.003    16.546    pll_inst/inst/clk_out2_pll
    BUFGCTRL_X0Y0        BUFG (Prop_bufg_I_O)         0.083    16.629 r  pll_inst/inst/clkout2_buf/O
                         net (fo=35309, routed)       1.229    17.858    student_top_inst/bridge_inst/dram_driver_inst/Mem_DRAM/U0/synth_options.dist_mem_inst/gen_sp_ram.spram_inst/ram_reg_30208_30463_28_28/WCLK
    SLICE_X116Y294       RAMS64E                                      r  student_top_inst/bridge_inst/dram_driver_inst/Mem_DRAM/U0/synth_options.dist_mem_inst/gen_sp_ram.spram_inst/ram_reg_30208_30463_28_28/RAMS64E_A/CLK
                         clock pessimism             -0.450    17.409    
                         clock uncertainty           -0.105    17.303    
    SLICE_X116Y294       RAMS64E (Setup_rams64e_CLK_WE)
                                                     -0.303    17.000    student_top_inst/bridge_inst/dram_driver_inst/Mem_DRAM/U0/synth_options.dist_mem_inst/gen_sp_ram.spram_inst/ram_reg_30208_30463_28_28/RAMS64E_A
  -------------------------------------------------------------------
                         required time                         17.000    
                         arrival time                         -12.860    
  -------------------------------------------------------------------
                         slack                                  4.140    

Slack (MET) :             4.140ns  (required time - arrival time)
  Source:                 student_top_inst/Core_cpu/u_core/u_reg_ex_mem/o_alu_res_reg[13]/C
                            (rising edge-triggered cell FDCE clocked by clk_out2_pll  {rise@0.000ns fall@10.000ns period=20.000ns})
  Destination:            student_top_inst/bridge_inst/dram_driver_inst/Mem_DRAM/U0/synth_options.dist_mem_inst/gen_sp_ram.spram_inst/ram_reg_30208_30463_28_28/RAMS64E_B/WE
                            (rising edge-triggered cell RAMS64E clocked by clk_out2_pll  {rise@0.000ns fall@10.000ns period=20.000ns})
  Path Group:             clk_out2_pll
  Path Type:              Setup (Max at Slow Process Corner)
  Requirement:            20.000ns  (clk_out2_pll rise@20.000ns - clk_out2_pll rise@0.000ns)
  Data Path Delay:        15.421ns  (logic 0.266ns (1.725%)  route 15.155ns (98.275%))
  Logic Levels:           1  (LUT6=1)
  Clock Path Skew:        -0.031ns (DCD - SCD + CPR)
    Destination Clock Delay (DCD):    -2.142ns = ( 17.858 - 20.000 ) 
    Source Clock Delay      (SCD):    -2.560ns
    Clock Pessimism Removal (CPR):    -0.450ns
  Clock Uncertainty:      0.105ns  ((TSJ^2 + DJ^2)^1/2) / 2 + PE
    Total System Jitter     (TSJ):    0.071ns
    Discrete Jitter          (DJ):    0.198ns
    Phase Error              (PE):    0.000ns

    Location             Delay type                Incr(ns)  Path(ns)    Netlist Resource(s)
  -------------------------------------------------------------------    -------------------
                         (clock clk_out2_pll rise edge)
                                                      0.000     0.000 r  
    AD12                                              0.000     0.000 r  i_sys_clk_p (IN)
                         net (fo=0)                   0.000     0.000    pll_inst/inst/clk_in1_p
    AD12                 IBUFDS (Prop_ibufds_I_O)     0.906     0.906 r  pll_inst/inst/clkin1_ibufgds/O
                         net (fo=1, routed)           1.098     2.004    pll_inst/inst/clk_in1_pll
    PLLE2_ADV_X1Y1       PLLE2_ADV (Prop_plle2_adv_CLKIN1_CLKOUT1)
                                                     -8.058    -6.054 r  pll_inst/inst/plle2_adv_inst/CLKOUT1
                         net (fo=1, routed)           2.128    -3.926    pll_inst/inst/clk_out2_pll
    BUFGCTRL_X0Y0        BUFG (Prop_bufg_I_O)         0.093    -3.833 r  pll_inst/inst/clkout2_buf/O
                         net (fo=35309, routed)       1.273    -2.560    student_top_inst/Core_cpu/u_core/u_reg_ex_mem/clk_out2
    SLICE_X26Y229        FDCE                                         r  student_top_inst/Core_cpu/u_core/u_reg_ex_mem/o_alu_res_reg[13]/C
  -------------------------------------------------------------------    -------------------
    SLICE_X26Y229        FDCE (Prop_fdce_C_Q)         0.223    -2.337 f  student_top_inst/Core_cpu/u_core/u_reg_ex_mem/o_alu_res_reg[13]/Q
                         net (fo=4787, routed)       14.871    12.534    student_top_inst/bridge_inst/dram_driver_inst/Mem_DRAM/U0/synth_options.dist_mem_inst/gen_sp_ram.spram_inst/a[11]
    SLICE_X115Y294       LUT6 (Prop_lut6_I0_O)        0.043    12.577 r  student_top_inst/bridge_inst/dram_driver_inst/Mem_DRAM/U0/synth_options.dist_mem_inst/gen_sp_ram.spram_inst/ram_reg_30208_30463_28_28_i_1/O
                         net (fo=4, routed)           0.283    12.860    student_top_inst/bridge_inst/dram_driver_inst/Mem_DRAM/U0/synth_options.dist_mem_inst/gen_sp_ram.spram_inst/ram_reg_30208_30463_28_28/WE
    SLICE_X116Y294       RAMS64E                                      r  student_top_inst/bridge_inst/dram_driver_inst/Mem_DRAM/U0/synth_options.dist_mem_inst/gen_sp_ram.spram_inst/ram_reg_30208_30463_28_28/RAMS64E_B/WE
  -------------------------------------------------------------------    -------------------

                         (clock clk_out2_pll rise edge)
                                                     20.000    20.000 r  
    AD12                                              0.000    20.000 r  i_sys_clk_p (IN)
                         net (fo=0)                   0.000    20.000    pll_inst/inst/clk_in1_p
    AD12                 IBUFDS (Prop_ibufds_I_O)     0.803    20.803 r  pll_inst/inst/clkin1_ibufgds/O
                         net (fo=1, routed)           1.001    21.804    pll_inst/inst/clk_in1_pll
    PLLE2_ADV_X1Y1       PLLE2_ADV (Prop_plle2_adv_CLKIN1_CLKOUT1)
                                                     -7.261    14.543 r  pll_inst/inst/plle2_adv_inst/CLKOUT1
                         net (fo=1, routed)           2.003    16.546    pll_inst/inst/clk_out2_pll
    BUFGCTRL_X0Y0        BUFG (Prop_bufg_I_O)         0.083    16.629 r  pll_inst/inst/clkout2_buf/O
                         net (fo=35309, routed)       1.229    17.858    student_top_inst/bridge_inst/dram_driver_inst/Mem_DRAM/U0/synth_options.dist_mem_inst/gen_sp_ram.spram_inst/ram_reg_30208_30463_28_28/WCLK
    SLICE_X116Y294       RAMS64E                                      r  student_top_inst/bridge_inst/dram_driver_inst/Mem_DRAM/U0/synth_options.dist_mem_inst/gen_sp_ram.spram_inst/ram_reg_30208_30463_28_28/RAMS64E_B/CLK
                         clock pessimism             -0.450    17.409    
                         clock uncertainty           -0.105    17.303    
    SLICE_X116Y294       RAMS64E (Setup_rams64e_CLK_WE)
                                                     -0.303    17.000    student_top_inst/bridge_inst/dram_driver_inst/Mem_DRAM/U0/synth_options.dist_mem_inst/gen_sp_ram.spram_inst/ram_reg_30208_30463_28_28/RAMS64E_B
  -------------------------------------------------------------------
                         required time                         17.000    
                         arrival time                         -12.860    
  -------------------------------------------------------------------
                         slack                                  4.140    





Min Delay Paths
--------------------------------------------------------------------------------------
Slack (MET) :             0.088ns  (arrival time - required time)
  Source:                 student_top_inst/Core_cpu/u_core/u_reg_id_ex/o_pc_d_e_reg[17]/C
                            (rising edge-triggered cell FDCE clocked by clk_out2_pll  {rise@0.000ns fall@10.000ns period=20.000ns})
  Destination:            student_top_inst/Core_cpu/u_core/u_bpu_top/tag_mem_reg[8][11]/D
                            (rising edge-triggered cell FDCE clocked by clk_out2_pll  {rise@0.000ns fall@10.000ns period=20.000ns})
  Path Group:             clk_out2_pll
  Path Type:              Hold (Min at Fast Process Corner)
  Requirement:            0.000ns  (clk_out2_pll rise@0.000ns - clk_out2_pll rise@0.000ns)
  Data Path Delay:        0.419ns  (logic 0.100ns (23.863%)  route 0.319ns (76.137%))
  Logic Levels:           0  
  Clock Path Skew:        0.299ns (DCD - SCD - CPR)
    Destination Clock Delay (DCD):    -0.559ns
    Source Clock Delay      (SCD):    -0.456ns
    Clock Pessimism Removal (CPR):    -0.403ns

    Location             Delay type                Incr(ns)  Path(ns)    Netlist Resource(s)
  -------------------------------------------------------------------    -------------------
                         (clock clk_out2_pll rise edge)
                                                      0.000     0.000 r  
    AD12                                              0.000     0.000 r  i_sys_clk_p (IN)
                         net (fo=0)                   0.000     0.000    pll_inst/inst/clk_in1_p
    AD12                 IBUFDS (Prop_ibufds_I_O)     0.388     0.388 r  pll_inst/inst/clkin1_ibufgds/O
                         net (fo=1, routed)           0.503     0.891    pll_inst/inst/clk_in1_pll
    PLLE2_ADV_X1Y1       PLLE2_ADV (Prop_plle2_adv_CLKIN1_CLKOUT1)
                                                     -2.908    -2.017 r  pll_inst/inst/plle2_adv_inst/CLKOUT1
                         net (fo=1, routed)           0.958    -1.059    pll_inst/inst/clk_out2_pll
    BUFGCTRL_X0Y0        BUFG (Prop_bufg_I_O)         0.026    -1.033 r  pll_inst/inst/clkout2_buf/O
                         net (fo=35309, routed)       0.577    -0.456    student_top_inst/Core_cpu/u_core/u_reg_id_ex/clk_out2
    SLICE_X13Y243        FDCE                                         r  student_top_inst/Core_cpu/u_core/u_reg_id_ex/o_pc_d_e_reg[17]/C
  -------------------------------------------------------------------    -------------------
    SLICE_X13Y243        FDCE (Prop_fdce_C_Q)         0.100    -0.356 r  student_top_inst/Core_cpu/u_core/u_reg_id_ex/o_pc_d_e_reg[17]/Q
                         net (fo=20, routed)          0.319    -0.037    student_top_inst/Core_cpu/u_core/u_bpu_top/pc_e[15]
    SLICE_X13Y251        FDCE                                         r  student_top_inst/Core_cpu/u_core/u_bpu_top/tag_mem_reg[8][11]/D
  -------------------------------------------------------------------    -------------------

                         (clock clk_out2_pll rise edge)
                                                      0.000     0.000 r  
    AD12                                              0.000     0.000 r  i_sys_clk_p (IN)
                         net (fo=0)                   0.000     0.000    pll_inst/inst/clk_in1_p
    AD12                 IBUFDS (Prop_ibufds_I_O)     0.470     0.470 r  pll_inst/inst/clkin1_ibufgds/O
                         net (fo=1, routed)           0.554     1.024    pll_inst/inst/clk_in1_pll
    PLLE2_ADV_X1Y1       PLLE2_ADV (Prop_plle2_adv_CLKIN1_CLKOUT1)
                                                     -3.524    -2.500 r  pll_inst/inst/plle2_adv_inst/CLKOUT1
                         net (fo=1, routed)           1.027    -1.473    pll_inst/inst/clk_out2_pll
    BUFGCTRL_X0Y0        BUFG (Prop_bufg_I_O)         0.030    -1.443 r  pll_inst/inst/clkout2_buf/O
                         net (fo=35309, routed)       0.884    -0.559    student_top_inst/Core_cpu/u_core/u_bpu_top/clk_out2
    SLICE_X13Y251        FDCE                                         r  student_top_inst/Core_cpu/u_core/u_bpu_top/tag_mem_reg[8][11]/C
                         clock pessimism              0.403    -0.157    
    SLICE_X13Y251        FDCE (Hold_fdce_C_D)         0.032    -0.125    student_top_inst/Core_cpu/u_core/u_bpu_top/tag_mem_reg[8][11]
  -------------------------------------------------------------------
                         required time                          0.125    
                         arrival time                          -0.037    
  -------------------------------------------------------------------
                         slack                                  0.088    

Slack (MET) :             0.113ns  (arrival time - required time)
  Source:                 student_top_inst/Core_cpu/u_core/u_reg_if_id/o_pc_predict_reg[0]/C
                            (rising edge-triggered cell FDCE clocked by clk_out2_pll  {rise@0.000ns fall@10.000ns period=20.000ns})
  Destination:            student_top_inst/Core_cpu/u_core/u_reg_id_ex/o_pc_predict_reg[0]/D
                            (rising edge-triggered cell FDCE clocked by clk_out2_pll  {rise@0.000ns fall@10.000ns period=20.000ns})
  Path Group:             clk_out2_pll
  Path Type:              Hold (Min at Fast Process Corner)
  Requirement:            0.000ns  (clk_out2_pll rise@0.000ns - clk_out2_pll rise@0.000ns)
  Data Path Delay:        0.211ns  (logic 0.128ns (60.799%)  route 0.083ns (39.201%))
  Logic Levels:           1  (LUT2=1)
  Clock Path Skew:        0.011ns (DCD - SCD - CPR)
    Destination Clock Delay (DCD):    -0.631ns
    Source Clock Delay      (SCD):    -0.426ns
    Clock Pessimism Removal (CPR):    -0.217ns

    Location             Delay type                Incr(ns)  Path(ns)    Netlist Resource(s)
  -------------------------------------------------------------------    -------------------
                         (clock clk_out2_pll rise edge)
                                                      0.000     0.000 r  
    AD12                                              0.000     0.000 r  i_sys_clk_p (IN)
                         net (fo=0)                   0.000     0.000    pll_inst/inst/clk_in1_p
    AD12                 IBUFDS (Prop_ibufds_I_O)     0.388     0.388 r  pll_inst/inst/clkin1_ibufgds/O
                         net (fo=1, routed)           0.503     0.891    pll_inst/inst/clk_in1_pll
    PLLE2_ADV_X1Y1       PLLE2_ADV (Prop_plle2_adv_CLKIN1_CLKOUT1)
                                                     -2.908    -2.017 r  pll_inst/inst/plle2_adv_inst/CLKOUT1
                         net (fo=1, routed)           0.958    -1.059    pll_inst/inst/clk_out2_pll
    BUFGCTRL_X0Y0        BUFG (Prop_bufg_I_O)         0.026    -1.033 r  pll_inst/inst/clkout2_buf/O
                         net (fo=35309, routed)       0.607    -0.426    student_top_inst/Core_cpu/u_core/u_reg_if_id/clk_out2
    SLICE_X7Y238         FDCE                                         r  student_top_inst/Core_cpu/u_core/u_reg_if_id/o_pc_predict_reg[0]/C
  -------------------------------------------------------------------    -------------------
    SLICE_X7Y238         FDCE (Prop_fdce_C_Q)         0.100    -0.326 r  student_top_inst/Core_cpu/u_core/u_reg_if_id/o_pc_predict_reg[0]/Q
                         net (fo=1, routed)           0.083    -0.243    student_top_inst/Core_cpu/u_core/u_reg_if_id/pc_predict_d[0]
    SLICE_X6Y238         LUT2 (Prop_lut2_I0_O)        0.028    -0.215 r  student_top_inst/Core_cpu/u_core/u_reg_if_id/o_pc_predict[0]_i_1__0/O
                         net (fo=1, routed)           0.000    -0.215    student_top_inst/Core_cpu/u_core/u_reg_id_ex/o_pc_predict_reg[0]_0
    SLICE_X6Y238         FDCE                                         r  student_top_inst/Core_cpu/u_core/u_reg_id_ex/o_pc_predict_reg[0]/D
  -------------------------------------------------------------------    -------------------

                         (clock clk_out2_pll rise edge)
                                                      0.000     0.000 r  
    AD12                                              0.000     0.000 r  i_sys_clk_p (IN)
                         net (fo=0)                   0.000     0.000    pll_inst/inst/clk_in1_p
    AD12                 IBUFDS (Prop_ibufds_I_O)     0.470     0.470 r  pll_inst/inst/clkin1_ibufgds/O
                         net (fo=1, routed)           0.554     1.024    pll_inst/inst/clk_in1_pll
    PLLE2_ADV_X1Y1       PLLE2_ADV (Prop_plle2_adv_CLKIN1_CLKOUT1)
                                                     -3.524    -2.500 r  pll_inst/inst/plle2_adv_inst/CLKOUT1
                         net (fo=1, routed)           1.027    -1.473    pll_inst/inst/clk_out2_pll
    BUFGCTRL_X0Y0        BUFG (Prop_bufg_I_O)         0.030    -1.443 r  pll_inst/inst/clkout2_buf/O
                         net (fo=35309, routed)       0.812    -0.631    student_top_inst/Core_cpu/u_core/u_reg_id_ex/clk_out2
    SLICE_X6Y238         FDCE                                         r  student_top_inst/Core_cpu/u_core/u_reg_id_ex/o_pc_predict_reg[0]/C
                         clock pessimism              0.217    -0.415    
    SLICE_X6Y238         FDCE (Hold_fdce_C_D)         0.087    -0.328    student_top_inst/Core_cpu/u_core/u_reg_id_ex/o_pc_predict_reg[0]
  -------------------------------------------------------------------
                         required time                          0.328    
                         arrival time                          -0.215    
  -------------------------------------------------------------------
                         slack                                  0.113    

Slack (MET) :             0.123ns  (arrival time - required time)
  Source:                 student_top_inst/Core_cpu/u_core/u_reg_if_id/o_pc_predict_reg[12]/C
                            (rising edge-triggered cell FDCE clocked by clk_out2_pll  {rise@0.000ns fall@10.000ns period=20.000ns})
  Destination:            student_top_inst/Core_cpu/u_core/u_reg_id_ex/o_pc_predict_reg[12]/D
                            (rising edge-triggered cell FDCE clocked by clk_out2_pll  {rise@0.000ns fall@10.000ns period=20.000ns})
  Path Group:             clk_out2_pll
  Path Type:              Hold (Min at Fast Process Corner)
  Requirement:            0.000ns  (clk_out2_pll rise@0.000ns - clk_out2_pll rise@0.000ns)
  Data Path Delay:        0.209ns  (logic 0.130ns (62.278%)  route 0.079ns (37.722%))
  Logic Levels:           1  (LUT2=1)
  Clock Path Skew:        0.011ns (DCD - SCD - CPR)
    Destination Clock Delay (DCD):    -0.630ns
    Source Clock Delay      (SCD):    -0.425ns
    Clock Pessimism Removal (CPR):    -0.217ns

    Location             Delay type                Incr(ns)  Path(ns)    Netlist Resource(s)
  -------------------------------------------------------------------    -------------------
                         (clock clk_out2_pll rise edge)
                                                      0.000     0.000 r  
    AD12                                              0.000     0.000 r  i_sys_clk_p (IN)
                         net (fo=0)                   0.000     0.000    pll_inst/inst/clk_in1_p
    AD12                 IBUFDS (Prop_ibufds_I_O)     0.388     0.388 r  pll_inst/inst/clkin1_ibufgds/O
                         net (fo=1, routed)           0.503     0.891    pll_inst/inst/clk_in1_pll
    PLLE2_ADV_X1Y1       PLLE2_ADV (Prop_plle2_adv_CLKIN1_CLKOUT1)
                                                     -2.908    -2.017 r  pll_inst/inst/plle2_adv_inst/CLKOUT1
                         net (fo=1, routed)           0.958    -1.059    pll_inst/inst/clk_out2_pll
    BUFGCTRL_X0Y0        BUFG (Prop_bufg_I_O)         0.026    -1.033 r  pll_inst/inst/clkout2_buf/O
                         net (fo=35309, routed)       0.608    -0.425    student_top_inst/Core_cpu/u_core/u_reg_if_id/clk_out2
    SLICE_X4Y240         FDCE                                         r  student_top_inst/Core_cpu/u_core/u_reg_if_id/o_pc_predict_reg[12]/C
  -------------------------------------------------------------------    -------------------
    SLICE_X4Y240         FDCE (Prop_fdce_C_Q)         0.100    -0.325 r  student_top_inst/Core_cpu/u_core/u_reg_if_id/o_pc_predict_reg[12]/Q
                         net (fo=1, routed)           0.079    -0.246    student_top_inst/Core_cpu/u_core/u_reg_if_id/pc_predict_d[12]
    SLICE_X5Y240         LUT2 (Prop_lut2_I0_O)        0.030    -0.216 r  student_top_inst/Core_cpu/u_core/u_reg_if_id/o_pc_predict[12]_i_1__0/O
                         net (fo=1, routed)           0.000    -0.216    student_top_inst/Core_cpu/u_core/u_reg_id_ex/o_pc_predict_reg[12]_0
    SLICE_X5Y240         FDCE                                         r  student_top_inst/Core_cpu/u_core/u_reg_id_ex/o_pc_predict_reg[12]/D
  -------------------------------------------------------------------    -------------------

                         (clock clk_out2_pll rise edge)
                                                      0.000     0.000 r  
    AD12                                              0.000     0.000 r  i_sys_clk_p (IN)
                         net (fo=0)                   0.000     0.000    pll_inst/inst/clk_in1_p
    AD12                 IBUFDS (Prop_ibufds_I_O)     0.470     0.470 r  pll_inst/inst/clkin1_ibufgds/O
                         net (fo=1, routed)           0.554     1.024    pll_inst/inst/clk_in1_pll
    PLLE2_ADV_X1Y1       PLLE2_ADV (Prop_plle2_adv_CLKIN1_CLKOUT1)
                                                     -3.524    -2.500 r  pll_inst/inst/plle2_adv_inst/CLKOUT1
                         net (fo=1, routed)           1.027    -1.473    pll_inst/inst/clk_out2_pll
    BUFGCTRL_X0Y0        BUFG (Prop_bufg_I_O)         0.030    -1.443 r  pll_inst/inst/clkout2_buf/O
                         net (fo=35309, routed)       0.813    -0.630    student_top_inst/Core_cpu/u_core/u_reg_id_ex/clk_out2
    SLICE_X5Y240         FDCE                                         r  student_top_inst/Core_cpu/u_core/u_reg_id_ex/o_pc_predict_reg[12]/C
                         clock pessimism              0.217    -0.414    
    SLICE_X5Y240         FDCE (Hold_fdce_C_D)         0.075    -0.339    student_top_inst/Core_cpu/u_core/u_reg_id_ex/o_pc_predict_reg[12]
  -------------------------------------------------------------------
                         required time                          0.339    
                         arrival time                          -0.216    
  -------------------------------------------------------------------
                         slack                                  0.123    

Slack (MET) :             0.138ns  (arrival time - required time)
  Source:                 student_top_inst/Core_cpu/u_core/u_reg_id_ex/o_pc_d_e_reg[28]/C
                            (rising edge-triggered cell FDCE clocked by clk_out2_pll  {rise@0.000ns fall@10.000ns period=20.000ns})
  Destination:            student_top_inst/Core_cpu/u_core/u_bpu_top/tag_mem_reg[7][22]/D
                            (rising edge-triggered cell FDCE clocked by clk_out2_pll  {rise@0.000ns fall@10.000ns period=20.000ns})
  Path Group:             clk_out2_pll
  Path Type:              Hold (Min at Fast Process Corner)
  Requirement:            0.000ns  (clk_out2_pll rise@0.000ns - clk_out2_pll rise@0.000ns)
  Data Path Delay:        0.472ns  (logic 0.091ns (19.267%)  route 0.381ns (80.733%))
  Logic Levels:           0  
  Clock Path Skew:        0.330ns (DCD - SCD - CPR)
    Destination Clock Delay (DCD):    -0.528ns
    Source Clock Delay      (SCD):    -0.456ns
    Clock Pessimism Removal (CPR):    -0.403ns

    Location             Delay type                Incr(ns)  Path(ns)    Netlist Resource(s)
  -------------------------------------------------------------------    -------------------
                         (clock clk_out2_pll rise edge)
                                                      0.000     0.000 r  
    AD12                                              0.000     0.000 r  i_sys_clk_p (IN)
                         net (fo=0)                   0.000     0.000    pll_inst/inst/clk_in1_p
    AD12                 IBUFDS (Prop_ibufds_I_O)     0.388     0.388 r  pll_inst/inst/clkin1_ibufgds/O
                         net (fo=1, routed)           0.503     0.891    pll_inst/inst/clk_in1_pll
    PLLE2_ADV_X1Y1       PLLE2_ADV (Prop_plle2_adv_CLKIN1_CLKOUT1)
                                                     -2.908    -2.017 r  pll_inst/inst/plle2_adv_inst/CLKOUT1
                         net (fo=1, routed)           0.958    -1.059    pll_inst/inst/clk_out2_pll
    BUFGCTRL_X0Y0        BUFG (Prop_bufg_I_O)         0.026    -1.033 r  pll_inst/inst/clkout2_buf/O
                         net (fo=35309, routed)       0.577    -0.456    student_top_inst/Core_cpu/u_core/u_reg_id_ex/clk_out2
    SLICE_X9Y241         FDCE                                         r  student_top_inst/Core_cpu/u_core/u_reg_id_ex/o_pc_d_e_reg[28]/C
  -------------------------------------------------------------------    -------------------
    SLICE_X9Y241         FDCE (Prop_fdce_C_Q)         0.091    -0.365 r  student_top_inst/Core_cpu/u_core/u_reg_id_ex/o_pc_d_e_reg[28]/Q
                         net (fo=20, routed)          0.381     0.017    student_top_inst/Core_cpu/u_core/u_bpu_top/pc_e[26]
    SLICE_X7Y250         FDCE                                         r  student_top_inst/Core_cpu/u_core/u_bpu_top/tag_mem_reg[7][22]/D
  -------------------------------------------------------------------    -------------------

                         (clock clk_out2_pll rise edge)
                                                      0.000     0.000 r  
    AD12                                              0.000     0.000 r  i_sys_clk_p (IN)
                         net (fo=0)                   0.000     0.000    pll_inst/inst/clk_in1_p
    AD12                 IBUFDS (Prop_ibufds_I_O)     0.470     0.470 r  pll_inst/inst/clkin1_ibufgds/O
                         net (fo=1, routed)           0.554     1.024    pll_inst/inst/clk_in1_pll
    PLLE2_ADV_X1Y1       PLLE2_ADV (Prop_plle2_adv_CLKIN1_CLKOUT1)
                                                     -3.524    -2.500 r  pll_inst/inst/plle2_adv_inst/CLKOUT1
                         net (fo=1, routed)           1.027    -1.473    pll_inst/inst/clk_out2_pll
    BUFGCTRL_X0Y0        BUFG (Prop_bufg_I_O)         0.030    -1.443 r  pll_inst/inst/clkout2_buf/O
                         net (fo=35309, routed)       0.915    -0.528    student_top_inst/Core_cpu/u_core/u_bpu_top/clk_out2
    SLICE_X7Y250         FDCE                                         r  student_top_inst/Core_cpu/u_core/u_bpu_top/tag_mem_reg[7][22]/C
                         clock pessimism              0.403    -0.126    
    SLICE_X7Y250         FDCE (Hold_fdce_C_D)         0.004    -0.122    student_top_inst/Core_cpu/u_core/u_bpu_top/tag_mem_reg[7][22]
  -------------------------------------------------------------------
                         required time                          0.122    
                         arrival time                           0.017    
  -------------------------------------------------------------------
                         slack                                  0.138    

Slack (MET) :             0.142ns  (arrival time - required time)
  Source:                 student_top_inst/Core_cpu/u_core/u_reg_ex_mem/o_alu_res_reg[5]/C
                            (rising edge-triggered cell FDCE clocked by clk_out2_pll  {rise@0.000ns fall@10.000ns period=20.000ns})
  Destination:            student_top_inst/bridge_inst/dram_driver_inst/Mem_DRAM/U0/synth_options.dist_mem_inst/gen_sp_ram.spram_inst/ram_reg_48128_48383_20_20/RAMS64E_A/ADR3
                            (rising edge-triggered cell RAMS64E clocked by clk_out2_pll  {rise@0.000ns fall@10.000ns period=20.000ns})
  Path Group:             clk_out2_pll
  Path Type:              Hold (Min at Fast Process Corner)
  Requirement:            0.000ns  (clk_out2_pll rise@0.000ns - clk_out2_pll rise@0.000ns)
  Data Path Delay:        0.683ns  (logic 0.100ns (14.643%)  route 0.583ns (85.357%))
  Logic Levels:           0  
  Clock Path Skew:        0.316ns (DCD - SCD - CPR)
    Destination Clock Delay (DCD):    -0.562ns
    Source Clock Delay      (SCD):    -0.476ns
    Clock Pessimism Removal (CPR):    -0.403ns

    Location             Delay type                Incr(ns)  Path(ns)    Netlist Resource(s)
  -------------------------------------------------------------------    -------------------
                         (clock clk_out2_pll rise edge)
                                                      0.000     0.000 r  
    AD12                                              0.000     0.000 r  i_sys_clk_p (IN)
                         net (fo=0)                   0.000     0.000    pll_inst/inst/clk_in1_p
    AD12                 IBUFDS (Prop_ibufds_I_O)     0.388     0.388 r  pll_inst/inst/clkin1_ibufgds/O
                         net (fo=1, routed)           0.503     0.891    pll_inst/inst/clk_in1_pll
    PLLE2_ADV_X1Y1       PLLE2_ADV (Prop_plle2_adv_CLKIN1_CLKOUT1)
                                                     -2.908    -2.017 r  pll_inst/inst/plle2_adv_inst/CLKOUT1
                         net (fo=1, routed)           0.958    -1.059    pll_inst/inst/clk_out2_pll
    BUFGCTRL_X0Y0        BUFG (Prop_bufg_I_O)         0.026    -1.033 r  pll_inst/inst/clkout2_buf/O
                         net (fo=35309, routed)       0.557    -0.476    student_top_inst/Core_cpu/u_core/u_reg_ex_mem/clk_out2
    SLICE_X32Y226        FDCE                                         r  student_top_inst/Core_cpu/u_core/u_reg_ex_mem/o_alu_res_reg[5]/C
  -------------------------------------------------------------------    -------------------
    SLICE_X32Y226        FDCE (Prop_fdce_C_Q)         0.100    -0.376 r  student_top_inst/Core_cpu/u_core/u_reg_ex_mem/o_alu_res_reg[5]/Q
                         net (fo=32819, routed)       0.583     0.207    student_top_inst/bridge_inst/dram_driver_inst/Mem_DRAM/U0/synth_options.dist_mem_inst/gen_sp_ram.spram_inst/ram_reg_48128_48383_20_20/A3
    SLICE_X22Y251        RAMS64E                                      r  student_top_inst/bridge_inst/dram_driver_inst/Mem_DRAM/U0/synth_options.dist_mem_inst/gen_sp_ram.spram_inst/ram_reg_48128_48383_20_20/RAMS64E_A/ADR3
  -------------------------------------------------------------------    -------------------

                         (clock clk_out2_pll rise edge)
                                                      0.000     0.000 r  
    AD12                                              0.000     0.000 r  i_sys_clk_p (IN)
                         net (fo=0)                   0.000     0.000    pll_inst/inst/clk_in1_p
    AD12                 IBUFDS (Prop_ibufds_I_O)     0.470     0.470 r  pll_inst/inst/clkin1_ibufgds/O
                         net (fo=1, routed)           0.554     1.024    pll_inst/inst/clk_in1_pll
    PLLE2_ADV_X1Y1       PLLE2_ADV (Prop_plle2_adv_CLKIN1_CLKOUT1)
                                                     -3.524    -2.500 r  pll_inst/inst/plle2_adv_inst/CLKOUT1
                         net (fo=1, routed)           1.027    -1.473    pll_inst/inst/clk_out2_pll
    BUFGCTRL_X0Y0        BUFG (Prop_bufg_I_O)         0.030    -1.443 r  pll_inst/inst/clkout2_buf/O
                         net (fo=35309, routed)       0.881    -0.562    student_top_inst/bridge_inst/dram_driver_inst/Mem_DRAM/U0/synth_options.dist_mem_inst/gen_sp_ram.spram_inst/ram_reg_48128_48383_20_20/WCLK
    SLICE_X22Y251        RAMS64E                                      r  student_top_inst/bridge_inst/dram_driver_inst/Mem_DRAM/U0/synth_options.dist_mem_inst/gen_sp_ram.spram_inst/ram_reg_48128_48383_20_20/RAMS64E_A/CLK
                         clock pessimism              0.403    -0.160    
    SLICE_X22Y251        RAMS64E (Hold_rams64e_CLK_ADR3)
                                                      0.225     0.065    student_top_inst/bridge_inst/dram_driver_inst/Mem_DRAM/U0/synth_options.dist_mem_inst/gen_sp_ram.spram_inst/ram_reg_48128_48383_20_20/RAMS64E_A
  -------------------------------------------------------------------
                         required time                         -0.065    
                         arrival time                           0.207    
  -------------------------------------------------------------------
                         slack                                  0.142    

Slack (MET) :             0.142ns  (arrival time - required time)
  Source:                 student_top_inst/Core_cpu/u_core/u_reg_ex_mem/o_alu_res_reg[5]/C
                            (rising edge-triggered cell FDCE clocked by clk_out2_pll  {rise@0.000ns fall@10.000ns period=20.000ns})
  Destination:            student_top_inst/bridge_inst/dram_driver_inst/Mem_DRAM/U0/synth_options.dist_mem_inst/gen_sp_ram.spram_inst/ram_reg_48128_48383_20_20/RAMS64E_B/ADR3
                            (rising edge-triggered cell RAMS64E clocked by clk_out2_pll  {rise@0.000ns fall@10.000ns period=20.000ns})
  Path Group:             clk_out2_pll
  Path Type:              Hold (Min at Fast Process Corner)
  Requirement:            0.000ns  (clk_out2_pll rise@0.000ns - clk_out2_pll rise@0.000ns)
  Data Path Delay:        0.683ns  (logic 0.100ns (14.643%)  route 0.583ns (85.357%))
  Logic Levels:           0  
  Clock Path Skew:        0.316ns (DCD - SCD - CPR)
    Destination Clock Delay (DCD):    -0.562ns
    Source Clock Delay      (SCD):    -0.476ns
    Clock Pessimism Removal (CPR):    -0.403ns

    Location             Delay type                Incr(ns)  Path(ns)    Netlist Resource(s)
  -------------------------------------------------------------------    -------------------
                         (clock clk_out2_pll rise edge)
                                                      0.000     0.000 r  
    AD12                                              0.000     0.000 r  i_sys_clk_p (IN)
                         net (fo=0)                   0.000     0.000    pll_inst/inst/clk_in1_p
    AD12                 IBUFDS (Prop_ibufds_I_O)     0.388     0.388 r  pll_inst/inst/clkin1_ibufgds/O
                         net (fo=1, routed)           0.503     0.891    pll_inst/inst/clk_in1_pll
    PLLE2_ADV_X1Y1       PLLE2_ADV (Prop_plle2_adv_CLKIN1_CLKOUT1)
                                                     -2.908    -2.017 r  pll_inst/inst/plle2_adv_inst/CLKOUT1
                         net (fo=1, routed)           0.958    -1.059    pll_inst/inst/clk_out2_pll
    BUFGCTRL_X0Y0        BUFG (Prop_bufg_I_O)         0.026    -1.033 r  pll_inst/inst/clkout2_buf/O
                         net (fo=35309, routed)       0.557    -0.476    student_top_inst/Core_cpu/u_core/u_reg_ex_mem/clk_out2
    SLICE_X32Y226        FDCE                                         r  student_top_inst/Core_cpu/u_core/u_reg_ex_mem/o_alu_res_reg[5]/C
  -------------------------------------------------------------------    -------------------
    SLICE_X32Y226        FDCE (Prop_fdce_C_Q)         0.100    -0.376 r  student_top_inst/Core_cpu/u_core/u_reg_ex_mem/o_alu_res_reg[5]/Q
                         net (fo=32819, routed)       0.583     0.207    student_top_inst/bridge_inst/dram_driver_inst/Mem_DRAM/U0/synth_options.dist_mem_inst/gen_sp_ram.spram_inst/ram_reg_48128_48383_20_20/A3
    SLICE_X22Y251        RAMS64E                                      r  student_top_inst/bridge_inst/dram_driver_inst/Mem_DRAM/U0/synth_options.dist_mem_inst/gen_sp_ram.spram_inst/ram_reg_48128_48383_20_20/RAMS64E_B/ADR3
  -------------------------------------------------------------------    -------------------

                         (clock clk_out2_pll rise edge)
                                                      0.000     0.000 r  
    AD12                                              0.000     0.000 r  i_sys_clk_p (IN)
                         net (fo=0)                   0.000     0.000    pll_inst/inst/clk_in1_p
    AD12                 IBUFDS (Prop_ibufds_I_O)     0.470     0.470 r  pll_inst/inst/clkin1_ibufgds/O
                         net (fo=1, routed)           0.554     1.024    pll_inst/inst/clk_in1_pll
    PLLE2_ADV_X1Y1       PLLE2_ADV (Prop_plle2_adv_CLKIN1_CLKOUT1)
                                                     -3.524    -2.500 r  pll_inst/inst/plle2_adv_inst/CLKOUT1
                         net (fo=1, routed)           1.027    -1.473    pll_inst/inst/clk_out2_pll
    BUFGCTRL_X0Y0        BUFG (Prop_bufg_I_O)         0.030    -1.443 r  pll_inst/inst/clkout2_buf/O
                         net (fo=35309, routed)       0.881    -0.562    student_top_inst/bridge_inst/dram_driver_inst/Mem_DRAM/U0/synth_options.dist_mem_inst/gen_sp_ram.spram_inst/ram_reg_48128_48383_20_20/WCLK
    SLICE_X22Y251        RAMS64E                                      r  student_top_inst/bridge_inst/dram_driver_inst/Mem_DRAM/U0/synth_options.dist_mem_inst/gen_sp_ram.spram_inst/ram_reg_48128_48383_20_20/RAMS64E_B/CLK
                         clock pessimism              0.403    -0.160    
    SLICE_X22Y251        RAMS64E (Hold_rams64e_CLK_ADR3)
                                                      0.225     0.065    student_top_inst/bridge_inst/dram_driver_inst/Mem_DRAM/U0/synth_options.dist_mem_inst/gen_sp_ram.spram_inst/ram_reg_48128_48383_20_20/RAMS64E_B
  -------------------------------------------------------------------
                         required time                         -0.065    
                         arrival time                           0.207    
  -------------------------------------------------------------------
                         slack                                  0.142    

Slack (MET) :             0.142ns  (arrival time - required time)
  Source:                 student_top_inst/Core_cpu/u_core/u_reg_ex_mem/o_alu_res_reg[5]/C
                            (rising edge-triggered cell FDCE clocked by clk_out2_pll  {rise@0.000ns fall@10.000ns period=20.000ns})
  Destination:            student_top_inst/bridge_inst/dram_driver_inst/Mem_DRAM/U0/synth_options.dist_mem_inst/gen_sp_ram.spram_inst/ram_reg_48128_48383_20_20/RAMS64E_C/ADR3
                            (rising edge-triggered cell RAMS64E clocked by clk_out2_pll  {rise@0.000ns fall@10.000ns period=20.000ns})
  Path Group:             clk_out2_pll
  Path Type:              Hold (Min at Fast Process Corner)
  Requirement:            0.000ns  (clk_out2_pll rise@0.000ns - clk_out2_pll rise@0.000ns)
  Data Path Delay:        0.683ns  (logic 0.100ns (14.643%)  route 0.583ns (85.357%))
  Logic Levels:           0  
  Clock Path Skew:        0.316ns (DCD - SCD - CPR)
    Destination Clock Delay (DCD):    -0.562ns
    Source Clock Delay      (SCD):    -0.476ns
    Clock Pessimism Removal (CPR):    -0.403ns

    Location             Delay type                Incr(ns)  Path(ns)    Netlist Resource(s)
  -------------------------------------------------------------------    -------------------
                         (clock clk_out2_pll rise edge)
                                                      0.000     0.000 r  
    AD12                                              0.000     0.000 r  i_sys_clk_p (IN)
                         net (fo=0)                   0.000     0.000    pll_inst/inst/clk_in1_p
    AD12                 IBUFDS (Prop_ibufds_I_O)     0.388     0.388 r  pll_inst/inst/clkin1_ibufgds/O
                         net (fo=1, routed)           0.503     0.891    pll_inst/inst/clk_in1_pll
    PLLE2_ADV_X1Y1       PLLE2_ADV (Prop_plle2_adv_CLKIN1_CLKOUT1)
                                                     -2.908    -2.017 r  pll_inst/inst/plle2_adv_inst/CLKOUT1
                         net (fo=1, routed)           0.958    -1.059    pll_inst/inst/clk_out2_pll
    BUFGCTRL_X0Y0        BUFG (Prop_bufg_I_O)         0.026    -1.033 r  pll_inst/inst/clkout2_buf/O
                         net (fo=35309, routed)       0.557    -0.476    student_top_inst/Core_cpu/u_core/u_reg_ex_mem/clk_out2
    SLICE_X32Y226        FDCE                                         r  student_top_inst/Core_cpu/u_core/u_reg_ex_mem/o_alu_res_reg[5]/C
  -------------------------------------------------------------------    -------------------
    SLICE_X32Y226        FDCE (Prop_fdce_C_Q)         0.100    -0.376 r  student_top_inst/Core_cpu/u_core/u_reg_ex_mem/o_alu_res_reg[5]/Q
                         net (fo=32819, routed)       0.583     0.207    student_top_inst/bridge_inst/dram_driver_inst/Mem_DRAM/U0/synth_options.dist_mem_inst/gen_sp_ram.spram_inst/ram_reg_48128_48383_20_20/A3
    SLICE_X22Y251        RAMS64E                                      r  student_top_inst/bridge_inst/dram_driver_inst/Mem_DRAM/U0/synth_options.dist_mem_inst/gen_sp_ram.spram_inst/ram_reg_48128_48383_20_20/RAMS64E_C/ADR3
  -------------------------------------------------------------------    -------------------

                         (clock clk_out2_pll rise edge)
                                                      0.000     0.000 r  
    AD12                                              0.000     0.000 r  i_sys_clk_p (IN)
                         net (fo=0)                   0.000     0.000    pll_inst/inst/clk_in1_p
    AD12                 IBUFDS (Prop_ibufds_I_O)     0.470     0.470 r  pll_inst/inst/clkin1_ibufgds/O
                         net (fo=1, routed)           0.554     1.024    pll_inst/inst/clk_in1_pll
    PLLE2_ADV_X1Y1       PLLE2_ADV (Prop_plle2_adv_CLKIN1_CLKOUT1)
                                                     -3.524    -2.500 r  pll_inst/inst/plle2_adv_inst/CLKOUT1
                         net (fo=1, routed)           1.027    -1.473    pll_inst/inst/clk_out2_pll
    BUFGCTRL_X0Y0        BUFG (Prop_bufg_I_O)         0.030    -1.443 r  pll_inst/inst/clkout2_buf/O
                         net (fo=35309, routed)       0.881    -0.562    student_top_inst/bridge_inst/dram_driver_inst/Mem_DRAM/U0/synth_options.dist_mem_inst/gen_sp_ram.spram_inst/ram_reg_48128_48383_20_20/WCLK
    SLICE_X22Y251        RAMS64E                                      r  student_top_inst/bridge_inst/dram_driver_inst/Mem_DRAM/U0/synth_options.dist_mem_inst/gen_sp_ram.spram_inst/ram_reg_48128_48383_20_20/RAMS64E_C/CLK
                         clock pessimism              0.403    -0.160    
    SLICE_X22Y251        RAMS64E (Hold_rams64e_CLK_ADR3)
                                                      0.225     0.065    student_top_inst/bridge_inst/dram_driver_inst/Mem_DRAM/U0/synth_options.dist_mem_inst/gen_sp_ram.spram_inst/ram_reg_48128_48383_20_20/RAMS64E_C
  -------------------------------------------------------------------
                         required time                         -0.065    
                         arrival time                           0.207    
  -------------------------------------------------------------------
                         slack                                  0.142    

Slack (MET) :             0.142ns  (arrival time - required time)
  Source:                 student_top_inst/Core_cpu/u_core/u_reg_ex_mem/o_alu_res_reg[5]/C
                            (rising edge-triggered cell FDCE clocked by clk_out2_pll  {rise@0.000ns fall@10.000ns period=20.000ns})
  Destination:            student_top_inst/bridge_inst/dram_driver_inst/Mem_DRAM/U0/synth_options.dist_mem_inst/gen_sp_ram.spram_inst/ram_reg_48128_48383_20_20/RAMS64E_D/ADR3
                            (rising edge-triggered cell RAMS64E clocked by clk_out2_pll  {rise@0.000ns fall@10.000ns period=20.000ns})
  Path Group:             clk_out2_pll
  Path Type:              Hold (Min at Fast Process Corner)
  Requirement:            0.000ns  (clk_out2_pll rise@0.000ns - clk_out2_pll rise@0.000ns)
  Data Path Delay:        0.683ns  (logic 0.100ns (14.643%)  route 0.583ns (85.357%))
  Logic Levels:           0  
  Clock Path Skew:        0.316ns (DCD - SCD - CPR)
    Destination Clock Delay (DCD):    -0.562ns
    Source Clock Delay      (SCD):    -0.476ns
    Clock Pessimism Removal (CPR):    -0.403ns

    Location             Delay type                Incr(ns)  Path(ns)    Netlist Resource(s)
  -------------------------------------------------------------------    -------------------
                         (clock clk_out2_pll rise edge)
                                                      0.000     0.000 r  
    AD12                                              0.000     0.000 r  i_sys_clk_p (IN)
                         net (fo=0)                   0.000     0.000    pll_inst/inst/clk_in1_p
    AD12                 IBUFDS (Prop_ibufds_I_O)     0.388     0.388 r  pll_inst/inst/clkin1_ibufgds/O
                         net (fo=1, routed)           0.503     0.891    pll_inst/inst/clk_in1_pll
    PLLE2_ADV_X1Y1       PLLE2_ADV (Prop_plle2_adv_CLKIN1_CLKOUT1)
                                                     -2.908    -2.017 r  pll_inst/inst/plle2_adv_inst/CLKOUT1
                         net (fo=1, routed)           0.958    -1.059    pll_inst/inst/clk_out2_pll
    BUFGCTRL_X0Y0        BUFG (Prop_bufg_I_O)         0.026    -1.033 r  pll_inst/inst/clkout2_buf/O
                         net (fo=35309, routed)       0.557    -0.476    student_top_inst/Core_cpu/u_core/u_reg_ex_mem/clk_out2
    SLICE_X32Y226        FDCE                                         r  student_top_inst/Core_cpu/u_core/u_reg_ex_mem/o_alu_res_reg[5]/C
  -------------------------------------------------------------------    -------------------
    SLICE_X32Y226        FDCE (Prop_fdce_C_Q)         0.100    -0.376 r  student_top_inst/Core_cpu/u_core/u_reg_ex_mem/o_alu_res_reg[5]/Q
                         net (fo=32819, routed)       0.583     0.207    student_top_inst/bridge_inst/dram_driver_inst/Mem_DRAM/U0/synth_options.dist_mem_inst/gen_sp_ram.spram_inst/ram_reg_48128_48383_20_20/A3
    SLICE_X22Y251        RAMS64E                                      r  student_top_inst/bridge_inst/dram_driver_inst/Mem_DRAM/U0/synth_options.dist_mem_inst/gen_sp_ram.spram_inst/ram_reg_48128_48383_20_20/RAMS64E_D/ADR3
  -------------------------------------------------------------------    -------------------

                         (clock clk_out2_pll rise edge)
                                                      0.000     0.000 r  
    AD12                                              0.000     0.000 r  i_sys_clk_p (IN)
                         net (fo=0)                   0.000     0.000    pll_inst/inst/clk_in1_p
    AD12                 IBUFDS (Prop_ibufds_I_O)     0.470     0.470 r  pll_inst/inst/clkin1_ibufgds/O
                         net (fo=1, routed)           0.554     1.024    pll_inst/inst/clk_in1_pll
    PLLE2_ADV_X1Y1       PLLE2_ADV (Prop_plle2_adv_CLKIN1_CLKOUT1)
                                                     -3.524    -2.500 r  pll_inst/inst/plle2_adv_inst/CLKOUT1
                         net (fo=1, routed)           1.027    -1.473    pll_inst/inst/clk_out2_pll
    BUFGCTRL_X0Y0        BUFG (Prop_bufg_I_O)         0.030    -1.443 r  pll_inst/inst/clkout2_buf/O
                         net (fo=35309, routed)       0.881    -0.562    student_top_inst/bridge_inst/dram_driver_inst/Mem_DRAM/U0/synth_options.dist_mem_inst/gen_sp_ram.spram_inst/ram_reg_48128_48383_20_20/WCLK
    SLICE_X22Y251        RAMS64E                                      r  student_top_inst/bridge_inst/dram_driver_inst/Mem_DRAM/U0/synth_options.dist_mem_inst/gen_sp_ram.spram_inst/ram_reg_48128_48383_20_20/RAMS64E_D/CLK
                         clock pessimism              0.403    -0.160    
    SLICE_X22Y251        RAMS64E (Hold_rams64e_CLK_ADR3)
                                                      0.225     0.065    student_top_inst/bridge_inst/dram_driver_inst/Mem_DRAM/U0/synth_options.dist_mem_inst/gen_sp_ram.spram_inst/ram_reg_48128_48383_20_20/RAMS64E_D
  -------------------------------------------------------------------
                         required time                         -0.065    
                         arrival time                           0.207    
  -------------------------------------------------------------------
                         slack                                  0.142    

Slack (MET) :             0.142ns  (arrival time - required time)
  Source:                 student_top_inst/Core_cpu/u_core/u_reg_id_ex/o_pc_d_e_reg[23]/C
                            (rising edge-triggered cell FDCE clocked by clk_out2_pll  {rise@0.000ns fall@10.000ns period=20.000ns})
  Destination:            student_top_inst/Core_cpu/u_core/u_bpu_top/tag_mem_reg[3][17]/D
                            (rising edge-triggered cell FDCE clocked by clk_out2_pll  {rise@0.000ns fall@10.000ns period=20.000ns})
  Path Group:             clk_out2_pll
  Path Type:              Hold (Min at Fast Process Corner)
  Requirement:            0.000ns  (clk_out2_pll rise@0.000ns - clk_out2_pll rise@0.000ns)
  Data Path Delay:        0.485ns  (logic 0.118ns (24.310%)  route 0.367ns (75.690%))
  Logic Levels:           0  
  Clock Path Skew:        0.296ns (DCD - SCD - CPR)
    Destination Clock Delay (DCD):    -0.562ns
    Source Clock Delay      (SCD):    -0.456ns
    Clock Pessimism Removal (CPR):    -0.403ns

    Location             Delay type                Incr(ns)  Path(ns)    Netlist Resource(s)
  -------------------------------------------------------------------    -------------------
                         (clock clk_out2_pll rise edge)
                                                      0.000     0.000 r  
    AD12                                              0.000     0.000 r  i_sys_clk_p (IN)
                         net (fo=0)                   0.000     0.000    pll_inst/inst/clk_in1_p
    AD12                 IBUFDS (Prop_ibufds_I_O)     0.388     0.388 r  pll_inst/inst/clkin1_ibufgds/O
                         net (fo=1, routed)           0.503     0.891    pll_inst/inst/clk_in1_pll
    PLLE2_ADV_X1Y1       PLLE2_ADV (Prop_plle2_adv_CLKIN1_CLKOUT1)
                                                     -2.908    -2.017 r  pll_inst/inst/plle2_adv_inst/CLKOUT1
                         net (fo=1, routed)           0.958    -1.059    pll_inst/inst/clk_out2_pll
    BUFGCTRL_X0Y0        BUFG (Prop_bufg_I_O)         0.026    -1.033 r  pll_inst/inst/clkout2_buf/O
                         net (fo=35309, routed)       0.577    -0.456    student_top_inst/Core_cpu/u_core/u_reg_id_ex/clk_out2
    SLICE_X10Y242        FDCE                                         r  student_top_inst/Core_cpu/u_core/u_reg_id_ex/o_pc_d_e_reg[23]/C
  -------------------------------------------------------------------    -------------------
    SLICE_X10Y242        FDCE (Prop_fdce_C_Q)         0.118    -0.338 r  student_top_inst/Core_cpu/u_core/u_reg_id_ex/o_pc_d_e_reg[23]/Q
                         net (fo=20, routed)          0.367     0.030    student_top_inst/Core_cpu/u_core/u_bpu_top/pc_e[21]
    SLICE_X23Y250        FDCE                                         r  student_top_inst/Core_cpu/u_core/u_bpu_top/tag_mem_reg[3][17]/D
  -------------------------------------------------------------------    -------------------

                         (clock clk_out2_pll rise edge)
                                                      0.000     0.000 r  
    AD12                                              0.000     0.000 r  i_sys_clk_p (IN)
                         net (fo=0)                   0.000     0.000    pll_inst/inst/clk_in1_p
    AD12                 IBUFDS (Prop_ibufds_I_O)     0.470     0.470 r  pll_inst/inst/clkin1_ibufgds/O
                         net (fo=1, routed)           0.554     1.024    pll_inst/inst/clk_in1_pll
    PLLE2_ADV_X1Y1       PLLE2_ADV (Prop_plle2_adv_CLKIN1_CLKOUT1)
                                                     -3.524    -2.500 r  pll_inst/inst/plle2_adv_inst/CLKOUT1
                         net (fo=1, routed)           1.027    -1.473    pll_inst/inst/clk_out2_pll
    BUFGCTRL_X0Y0        BUFG (Prop_bufg_I_O)         0.030    -1.443 r  pll_inst/inst/clkout2_buf/O
                         net (fo=35309, routed)       0.881    -0.562    student_top_inst/Core_cpu/u_core/u_bpu_top/clk_out2
    SLICE_X23Y250        FDCE                                         r  student_top_inst/Core_cpu/u_core/u_bpu_top/tag_mem_reg[3][17]/C
                         clock pessimism              0.403    -0.160    
    SLICE_X23Y250        FDCE (Hold_fdce_C_D)         0.047    -0.113    student_top_inst/Core_cpu/u_core/u_bpu_top/tag_mem_reg[3][17]
  -------------------------------------------------------------------
                         required time                          0.113    
                         arrival time                           0.030    
  -------------------------------------------------------------------
                         slack                                  0.142    

Slack (MET) :             0.144ns  (arrival time - required time)
  Source:                 student_top_inst/Core_cpu/u_core/u_reg_if_id/o_pc_f_d_reg[24]/C
                            (rising edge-triggered cell FDCE clocked by clk_out2_pll  {rise@0.000ns fall@10.000ns period=20.000ns})
  Destination:            student_top_inst/Core_cpu/u_core/u_reg_id_ex/o_pc_d_e_reg[24]/D
                            (rising edge-triggered cell FDCE clocked by clk_out2_pll  {rise@0.000ns fall@10.000ns period=20.000ns})
  Path Group:             clk_out2_pll
  Path Type:              Hold (Min at Fast Process Corner)
  Requirement:            0.000ns  (clk_out2_pll rise@0.000ns - clk_out2_pll rise@0.000ns)
  Data Path Delay:        0.251ns  (logic 0.129ns (51.491%)  route 0.122ns (48.509%))
  Logic Levels:           1  (LUT2=1)
  Clock Path Skew:        0.011ns (DCD - SCD - CPR)
    Destination Clock Delay (DCD):    -0.661ns
    Source Clock Delay      (SCD):    -0.456ns
    Clock Pessimism Removal (CPR):    -0.217ns

    Location             Delay type                Incr(ns)  Path(ns)    Netlist Resource(s)
  -------------------------------------------------------------------    -------------------
                         (clock clk_out2_pll rise edge)
                                                      0.000     0.000 r  
    AD12                                              0.000     0.000 r  i_sys_clk_p (IN)
                         net (fo=0)                   0.000     0.000    pll_inst/inst/clk_in1_p
    AD12                 IBUFDS (Prop_ibufds_I_O)     0.388     0.388 r  pll_inst/inst/clkin1_ibufgds/O
                         net (fo=1, routed)           0.503     0.891    pll_inst/inst/clk_in1_pll
    PLLE2_ADV_X1Y1       PLLE2_ADV (Prop_plle2_adv_CLKIN1_CLKOUT1)
                                                     -2.908    -2.017 r  pll_inst/inst/plle2_adv_inst/CLKOUT1
                         net (fo=1, routed)           0.958    -1.059    pll_inst/inst/clk_out2_pll
    BUFGCTRL_X0Y0        BUFG (Prop_bufg_I_O)         0.026    -1.033 r  pll_inst/inst/clkout2_buf/O
                         net (fo=35309, routed)       0.577    -0.456    student_top_inst/Core_cpu/u_core/u_reg_if_id/clk_out2
    SLICE_X11Y242        FDCE                                         r  student_top_inst/Core_cpu/u_core/u_reg_if_id/o_pc_f_d_reg[24]/C
  -------------------------------------------------------------------    -------------------
    SLICE_X11Y242        FDCE (Prop_fdce_C_Q)         0.100    -0.356 r  student_top_inst/Core_cpu/u_core/u_reg_if_id/o_pc_f_d_reg[24]/Q
                         net (fo=1, routed)           0.122    -0.234    student_top_inst/Core_cpu/u_core/u_reg_if_id/pc_d[24]
    SLICE_X10Y242        LUT2 (Prop_lut2_I0_O)        0.029    -0.205 r  student_top_inst/Core_cpu/u_core/u_reg_if_id/o_pc_d_e[24]_i_1/O
                         net (fo=1, routed)           0.000    -0.205    student_top_inst/Core_cpu/u_core/u_reg_id_ex/o_pc_d_e_reg[24]_0
    SLICE_X10Y242        FDCE                                         r  student_top_inst/Core_cpu/u_core/u_reg_id_ex/o_pc_d_e_reg[24]/D
  -------------------------------------------------------------------    -------------------

                         (clock clk_out2_pll rise edge)
                                                      0.000     0.000 r  
    AD12                                              0.000     0.000 r  i_sys_clk_p (IN)
                         net (fo=0)                   0.000     0.000    pll_inst/inst/clk_in1_p
    AD12                 IBUFDS (Prop_ibufds_I_O)     0.470     0.470 r  pll_inst/inst/clkin1_ibufgds/O
                         net (fo=1, routed)           0.554     1.024    pll_inst/inst/clk_in1_pll
    PLLE2_ADV_X1Y1       PLLE2_ADV (Prop_plle2_adv_CLKIN1_CLKOUT1)
                                                     -3.524    -2.500 r  pll_inst/inst/plle2_adv_inst/CLKOUT1
                         net (fo=1, routed)           1.027    -1.473    pll_inst/inst/clk_out2_pll
    BUFGCTRL_X0Y0        BUFG (Prop_bufg_I_O)         0.030    -1.443 r  pll_inst/inst/clkout2_buf/O
                         net (fo=35309, routed)       0.782    -0.661    student_top_inst/Core_cpu/u_core/u_reg_id_ex/clk_out2
    SLICE_X10Y242        FDCE                                         r  student_top_inst/Core_cpu/u_core/u_reg_id_ex/o_pc_d_e_reg[24]/C
                         clock pessimism              0.217    -0.445    
    SLICE_X10Y242        FDCE (Hold_fdce_C_D)         0.096    -0.349    student_top_inst/Core_cpu/u_core/u_reg_id_ex/o_pc_d_e_reg[24]
  -------------------------------------------------------------------
                         required time                          0.349    
                         arrival time                          -0.205    
  -------------------------------------------------------------------
                         slack                                  0.144    





Pulse Width Checks
--------------------------------------------------------------------------------------
Clock Name:         clk_out2_pll
Waveform(ns):       { 0.000 10.000 }
Period(ns):         20.000
Sources:            { pll_inst/inst/plle2_adv_inst/CLKOUT1 }

Check Type        Corner  Lib Pin            Reference Pin  Required(ns)  Actual(ns)  Slack(ns)  Location        Pin
Min Period        n/a     BUFG/I             n/a            1.408         20.000      18.591     BUFGCTRL_X0Y0   pll_inst/inst/clkout2_buf/I
Min Period        n/a     PLLE2_ADV/CLKOUT1  n/a            1.071         20.000      18.929     PLLE2_ADV_X1Y1  pll_inst/inst/plle2_adv_inst/CLKOUT1
Min Period        n/a     FDCE/C             n/a            0.750         20.000      19.250     SLICE_X21Y253   student_top_inst/Core_cpu/u_core/u_bpu_top/tag_mem_reg[10][17]/C
Min Period        n/a     FDCE/C             n/a            0.750         20.000      19.250     SLICE_X21Y255   student_top_inst/Core_cpu/u_core/u_bpu_top/tag_mem_reg[11][17]/C
Min Period        n/a     FDCE/C             n/a            0.750         20.000      19.250     SLICE_X24Y249   student_top_inst/Core_cpu/u_core/u_bpu_top/tag_mem_reg[14][24]/C
Min Period        n/a     FDCE/C             n/a            0.750         20.000      19.250     SLICE_X23Y251   student_top_inst/Core_cpu/u_core/u_bpu_top/tag_mem_reg[1][15]/C
Min Period        n/a     FDCE/C             n/a            0.750         20.000      19.250     SLICE_X23Y251   student_top_inst/Core_cpu/u_core/u_bpu_top/tag_mem_reg[1][17]/C
Min Period        n/a     FDCE/C             n/a            0.750         20.000      19.250     SLICE_X21Y248   student_top_inst/Core_cpu/u_core/u_bpu_top/tag_mem_reg[2][16]/C
Min Period        n/a     FDCE/C             n/a            0.750         20.000      19.250     SLICE_X21Y248   student_top_inst/Core_cpu/u_core/u_bpu_top/tag_mem_reg[2][17]/C
Min Period        n/a     FDCE/C             n/a            0.750         20.000      19.250     SLICE_X23Y250   student_top_inst/Core_cpu/u_core/u_bpu_top/tag_mem_reg[3][17]/C
Max Period        n/a     PLLE2_ADV/CLKOUT1  n/a            160.000       20.000      140.000    PLLE2_ADV_X1Y1  pll_inst/inst/plle2_adv_inst/CLKOUT1
Low Pulse Width   Slow    RAMS64E/CLK        n/a            0.768         10.000      9.232      SLICE_X114Y151  student_top_inst/bridge_inst/dram_driver_inst/Mem_DRAM/U0/synth_options.dist_mem_inst/gen_sp_ram.spram_inst/ram_reg_0_255_0_0/RAMS64E_A/CLK
Low Pulse Width   Fast    RAMS64E/CLK        n/a            0.768         10.000      9.232      SLICE_X114Y151  student_top_inst/bridge_inst/dram_driver_inst/Mem_DRAM/U0/synth_options.dist_mem_inst/gen_sp_ram.spram_inst/ram_reg_0_255_0_0/RAMS64E_A/CLK
Low Pulse Width   Slow    RAMS64E/CLK        n/a            0.768         10.000      9.232      SLICE_X114Y151  student_top_inst/bridge_inst/dram_driver_inst/Mem_DRAM/U0/synth_options.dist_mem_inst/gen_sp_ram.spram_inst/ram_reg_0_255_0_0/RAMS64E_B/CLK
Low Pulse Width   Fast    RAMS64E/CLK        n/a            0.768         10.000      9.232      SLICE_X114Y151  student_top_inst/bridge_inst/dram_driver_inst/Mem_DRAM/U0/synth_options.dist_mem_inst/gen_sp_ram.spram_inst/ram_reg_0_255_0_0/RAMS64E_B/CLK
Low Pulse Width   Slow    RAMS64E/CLK        n/a            0.768         10.000      9.232      SLICE_X114Y151  student_top_inst/bridge_inst/dram_driver_inst/Mem_DRAM/U0/synth_options.dist_mem_inst/gen_sp_ram.spram_inst/ram_reg_0_255_0_0/RAMS64E_C/CLK
Low Pulse Width   Fast    RAMS64E/CLK        n/a            0.768         10.000      9.232      SLICE_X114Y151  student_top_inst/bridge_inst/dram_driver_inst/Mem_DRAM/U0/synth_options.dist_mem_inst/gen_sp_ram.spram_inst/ram_reg_0_255_0_0/RAMS64E_C/CLK
Low Pulse Width   Slow    RAMS64E/CLK        n/a            0.768         10.000      9.232      SLICE_X114Y151  student_top_inst/bridge_inst/dram_driver_inst/Mem_DRAM/U0/synth_options.dist_mem_inst/gen_sp_ram.spram_inst/ram_reg_0_255_0_0/RAMS64E_D/CLK
Low Pulse Width   Fast    RAMS64E/CLK        n/a            0.768         10.000      9.232      SLICE_X114Y151  student_top_inst/bridge_inst/dram_driver_inst/Mem_DRAM/U0/synth_options.dist_mem_inst/gen_sp_ram.spram_inst/ram_reg_0_255_0_0/RAMS64E_D/CLK
Low Pulse Width   Slow    RAMS64E/CLK        n/a            0.768         10.000      9.232      SLICE_X70Y150   student_top_inst/bridge_inst/dram_driver_inst/Mem_DRAM/U0/synth_options.dist_mem_inst/gen_sp_ram.spram_inst/ram_reg_0_255_10_10/RAMS64E_A/CLK
Low Pulse Width   Fast    RAMS64E/CLK        n/a            0.768         10.000      9.232      SLICE_X70Y150   student_top_inst/bridge_inst/dram_driver_inst/Mem_DRAM/U0/synth_options.dist_mem_inst/gen_sp_ram.spram_inst/ram_reg_0_255_10_10/RAMS64E_A/CLK
High Pulse Width  Slow    RAMS64E/CLK        n/a            0.768         10.000      9.232      SLICE_X114Y151  student_top_inst/bridge_inst/dram_driver_inst/Mem_DRAM/U0/synth_options.dist_mem_inst/gen_sp_ram.spram_inst/ram_reg_0_255_0_0/RAMS64E_A/CLK
High Pulse Width  Fast    RAMS64E/CLK        n/a            0.768         10.000      9.232      SLICE_X114Y151  student_top_inst/bridge_inst/dram_driver_inst/Mem_DRAM/U0/synth_options.dist_mem_inst/gen_sp_ram.spram_inst/ram_reg_0_255_0_0/RAMS64E_A/CLK
High Pulse Width  Slow    RAMS64E/CLK        n/a            0.768         10.000      9.232      SLICE_X114Y151  student_top_inst/bridge_inst/dram_driver_inst/Mem_DRAM/U0/synth_options.dist_mem_inst/gen_sp_ram.spram_inst/ram_reg_0_255_0_0/RAMS64E_B/CLK
High Pulse Width  Fast    RAMS64E/CLK        n/a            0.768         10.000      9.232      SLICE_X114Y151  student_top_inst/bridge_inst/dram_driver_inst/Mem_DRAM/U0/synth_options.dist_mem_inst/gen_sp_ram.spram_inst/ram_reg_0_255_0_0/RAMS64E_B/CLK
High Pulse Width  Slow    RAMS64E/CLK        n/a            0.768         10.000      9.232      SLICE_X114Y151  student_top_inst/bridge_inst/dram_driver_inst/Mem_DRAM/U0/synth_options.dist_mem_inst/gen_sp_ram.spram_inst/ram_reg_0_255_0_0/RAMS64E_C/CLK
High Pulse Width  Fast    RAMS64E/CLK        n/a            0.768         10.000      9.232      SLICE_X114Y151  student_top_inst/bridge_inst/dram_driver_inst/Mem_DRAM/U0/synth_options.dist_mem_inst/gen_sp_ram.spram_inst/ram_reg_0_255_0_0/RAMS64E_C/CLK
High Pulse Width  Slow    RAMS64E/CLK        n/a            0.768         10.000      9.232      SLICE_X114Y151  student_top_inst/bridge_inst/dram_driver_inst/Mem_DRAM/U0/synth_options.dist_mem_inst/gen_sp_ram.spram_inst/ram_reg_0_255_0_0/RAMS64E_D/CLK
High Pulse Width  Fast    RAMS64E/CLK        n/a            0.768         10.000      9.232      SLICE_X114Y151  student_top_inst/bridge_inst/dram_driver_inst/Mem_DRAM/U0/synth_options.dist_mem_inst/gen_sp_ram.spram_inst/ram_reg_0_255_0_0/RAMS64E_D/CLK
High Pulse Width  Slow    RAMS64E/CLK        n/a            0.768         10.000      9.232      SLICE_X70Y150   student_top_inst/bridge_inst/dram_driver_inst/Mem_DRAM/U0/synth_options.dist_mem_inst/gen_sp_ram.spram_inst/ram_reg_0_255_10_10/RAMS64E_A/CLK
High Pulse Width  Fast    RAMS64E/CLK        n/a            0.768         10.000      9.232      SLICE_X70Y150   student_top_inst/bridge_inst/dram_driver_inst/Mem_DRAM/U0/synth_options.dist_mem_inst/gen_sp_ram.spram_inst/ram_reg_0_255_10_10/RAMS64E_A/CLK



---------------------------------------------------------------------------------------------------
From Clock:  clkfbout_pll
  To Clock:  clkfbout_pll

Setup :           NA  Failing Endpoints,  Worst Slack           NA  ,  Total Violation           NA
Hold  :           NA  Failing Endpoints,  Worst Slack           NA  ,  Total Violation           NA
PW    :            0  Failing Endpoints,  Worst Slack       18.591ns,  Total Violation        0.000ns
---------------------------------------------------------------------------------------------------


Pulse Width Checks
--------------------------------------------------------------------------------------
Clock Name:         clkfbout_pll
Waveform(ns):       { 0.000 10.000 }
Period(ns):         20.000
Sources:            { pll_inst/inst/plle2_adv_inst/CLKFBOUT }

Check Type  Corner  Lib Pin             Reference Pin  Required(ns)  Actual(ns)  Slack(ns)  Location        Pin
Min Period  n/a     BUFG/I              n/a            1.408         20.000      18.591     BUFGCTRL_X0Y2   pll_inst/inst/clkf_buf/I
Min Period  n/a     PLLE2_ADV/CLKFBOUT  n/a            1.071         20.000      18.929     PLLE2_ADV_X1Y1  pll_inst/inst/plle2_adv_inst/CLKFBOUT
Min Period  n/a     PLLE2_ADV/CLKFBIN   n/a            1.071         20.000      18.929     PLLE2_ADV_X1Y1  pll_inst/inst/plle2_adv_inst/CLKFBIN
Max Period  n/a     PLLE2_ADV/CLKFBIN   n/a            52.633        20.000      32.633     PLLE2_ADV_X1Y1  pll_inst/inst/plle2_adv_inst/CLKFBIN
Max Period  n/a     PLLE2_ADV/CLKFBOUT  n/a            160.000       20.000      140.000    PLLE2_ADV_X1Y1  pll_inst/inst/plle2_adv_inst/CLKFBOUT



---------------------------------------------------------------------------------------------------
From Clock:  clk_out2_pll
  To Clock:  clk_out1_pll

Setup :            0  Failing Endpoints,  Worst Slack       14.402ns,  Total Violation        0.000ns
Hold  :            0  Failing Endpoints,  Worst Slack        0.115ns,  Total Violation        0.000ns
---------------------------------------------------------------------------------------------------


Max Delay Paths
--------------------------------------------------------------------------------------
Slack (MET) :             14.402ns  (required time - arrival time)
  Source:                 student_top_inst/Core_cpu/u_core/u_reg_ex_mem/o_alu_res_reg[16]/C
                            (rising edge-triggered cell FDCE clocked by clk_out2_pll  {rise@0.000ns fall@10.000ns period=20.000ns})
  Destination:            student_top_inst/bridge_inst/counter_inst/start_reg/D
                            (rising edge-triggered cell FDRE clocked by clk_out1_pll  {rise@0.000ns fall@10.000ns period=20.000ns})
  Path Group:             clk_out1_pll
  Path Type:              Setup (Max at Slow Process Corner)
  Requirement:            20.000ns  (clk_out1_pll rise@20.000ns - clk_out2_pll rise@0.000ns)
  Data Path Delay:        5.140ns  (logic 0.438ns (8.522%)  route 4.702ns (91.478%))
  Logic Levels:           5  (LUT2=1 LUT4=1 LUT6=3)
  Clock Path Skew:        -0.267ns (DCD - SCD + CPR)
    Destination Clock Delay (DCD):    -2.233ns = ( 17.767 - 20.000 ) 
    Source Clock Delay      (SCD):    -2.563ns
    Clock Pessimism Removal (CPR):    -0.598ns
  Clock Uncertainty:      0.225ns  ((TSJ^2 + DJ^2)^1/2) / 2 + PE
    Total System Jitter     (TSJ):    0.071ns
    Discrete Jitter          (DJ):    0.198ns
    Phase Error              (PE):    0.120ns

    Location             Delay type                Incr(ns)  Path(ns)    Netlist Resource(s)
  -------------------------------------------------------------------    -------------------
                         (clock clk_out2_pll rise edge)
                                                      0.000     0.000 r  
    AD12                                              0.000     0.000 r  i_sys_clk_p (IN)
                         net (fo=0)                   0.000     0.000    pll_inst/inst/clk_in1_p
    AD12                 IBUFDS (Prop_ibufds_I_O)     0.906     0.906 r  pll_inst/inst/clkin1_ibufgds/O
                         net (fo=1, routed)           1.098     2.004    pll_inst/inst/clk_in1_pll
    PLLE2_ADV_X1Y1       PLLE2_ADV (Prop_plle2_adv_CLKIN1_CLKOUT1)
                                                     -8.058    -6.054 r  pll_inst/inst/plle2_adv_inst/CLKOUT1
                         net (fo=1, routed)           2.128    -3.926    pll_inst/inst/clk_out2_pll
    BUFGCTRL_X0Y0        BUFG (Prop_bufg_I_O)         0.093    -3.833 r  pll_inst/inst/clkout2_buf/O
                         net (fo=35309, routed)       1.270    -2.563    student_top_inst/Core_cpu/u_core/u_reg_ex_mem/clk_out2
    SLICE_X25Y227        FDCE                                         r  student_top_inst/Core_cpu/u_core/u_reg_ex_mem/o_alu_res_reg[16]/C
  -------------------------------------------------------------------    -------------------
    SLICE_X25Y227        FDCE (Prop_fdce_C_Q)         0.223    -2.340 f  student_top_inst/Core_cpu/u_core/u_reg_ex_mem/o_alu_res_reg[16]/Q
                         net (fo=4359, routed)        2.411     0.071    student_top_inst/Core_cpu/u_core/u_reg_ex_mem/o_alu_res_reg[16]_0
    SLICE_X45Y234        LUT4 (Prop_lut4_I3_O)        0.043     0.114 f  student_top_inst/Core_cpu/u_core/u_reg_ex_mem/o_mem_data[15]_i_7/O
                         net (fo=2, routed)           0.352     0.466    student_top_inst/Core_cpu/u_core/u_reg_ex_mem/o_mem_data[15]_i_7_n_0
    SLICE_X45Y234        LUT6 (Prop_lut6_I1_O)        0.043     0.509 r  student_top_inst/Core_cpu/u_core/u_reg_ex_mem/seg_wdata[31]_i_4/O
                         net (fo=2, routed)           0.350     0.858    student_top_inst/Core_cpu/u_core/u_reg_ex_mem/seg_wdata[31]_i_4_n_0
    SLICE_X43Y234        LUT6 (Prop_lut6_I0_O)        0.043     0.901 f  student_top_inst/Core_cpu/u_core/u_reg_ex_mem/o_mem_data[31]_i_8/O
                         net (fo=33, routed)          1.040     1.941    student_top_inst/Core_cpu/u_core/u_reg_ex_mem/o_mem_data[31]_i_8_n_0
    SLICE_X37Y240        LUT2 (Prop_lut2_I1_O)        0.043     1.984 r  student_top_inst/Core_cpu/u_core/u_reg_ex_mem/start_i_5/O
                         net (fo=1, routed)           0.549     2.533    student_top_inst/Core_cpu/u_core/u_reg_ex_mem/start_i_5_n_0
    SLICE_X37Y241        LUT6 (Prop_lut6_I4_O)        0.043     2.576 r  student_top_inst/Core_cpu/u_core/u_reg_ex_mem/start_i_1/O
                         net (fo=1, routed)           0.000     2.576    student_top_inst/bridge_inst/counter_inst/start_reg_0
    SLICE_X37Y241        FDRE                                         r  student_top_inst/bridge_inst/counter_inst/start_reg/D
  -------------------------------------------------------------------    -------------------

                         (clock clk_out1_pll rise edge)
                                                     20.000    20.000 r  
    AD12                                              0.000    20.000 r  i_sys_clk_p (IN)
                         net (fo=0)                   0.000    20.000    pll_inst/inst/clk_in1_p
    AD12                 IBUFDS (Prop_ibufds_I_O)     0.803    20.803 r  pll_inst/inst/clkin1_ibufgds/O
                         net (fo=1, routed)           1.001    21.804    pll_inst/inst/clk_in1_pll
    PLLE2_ADV_X1Y1       PLLE2_ADV (Prop_plle2_adv_CLKIN1_CLKOUT0)
                                                     -7.261    14.543 r  pll_inst/inst/plle2_adv_inst/CLKOUT0
                         net (fo=1, routed)           2.003    16.546    pll_inst/inst/clk_out1_pll
    BUFGCTRL_X0Y1        BUFG (Prop_bufg_I_O)         0.083    16.629 r  pll_inst/inst/clkout1_buf/O
                         net (fo=353, routed)         1.138    17.767    student_top_inst/bridge_inst/counter_inst/clk_out1
    SLICE_X37Y241        FDRE                                         r  student_top_inst/bridge_inst/counter_inst/start_reg/C
                         clock pessimism             -0.598    17.170    
                         clock uncertainty           -0.225    16.944    
    SLICE_X37Y241        FDRE (Setup_fdre_C_D)        0.034    16.978    student_top_inst/bridge_inst/counter_inst/start_reg
  -------------------------------------------------------------------
                         required time                         16.978    
                         arrival time                          -2.576    
  -------------------------------------------------------------------
                         slack                                 14.402    

Slack (MET) :             14.931ns  (required time - arrival time)
  Source:                 student_top_inst/bridge_inst/seg_driver/count_reg[4]/C
                            (rising edge-triggered cell FDCE clocked by clk_out2_pll  {rise@0.000ns fall@10.000ns period=20.000ns})
  Destination:            twin_controller_inst/status_buffer_reg[4][3]/D
                            (rising edge-triggered cell FDCE clocked by clk_out1_pll  {rise@0.000ns fall@10.000ns period=20.000ns})
  Path Group:             clk_out1_pll
  Path Type:              Setup (Max at Slow Process Corner)
  Requirement:            20.000ns  (clk_out1_pll rise@20.000ns - clk_out2_pll rise@0.000ns)
  Data Path Delay:        4.553ns  (logic 0.504ns (11.070%)  route 4.049ns (88.930%))
  Logic Levels:           2  (LUT3=1 LUT6=1)
  Clock Path Skew:        -0.281ns (DCD - SCD + CPR)
    Destination Clock Delay (DCD):    -2.226ns = ( 17.774 - 20.000 ) 
    Source Clock Delay      (SCD):    -2.542ns
    Clock Pessimism Removal (CPR):    -0.598ns
  Clock Uncertainty:      0.225ns  ((TSJ^2 + DJ^2)^1/2) / 2 + PE
    Total System Jitter     (TSJ):    0.071ns
    Discrete Jitter          (DJ):    0.198ns
    Phase Error              (PE):    0.120ns

    Location             Delay type                Incr(ns)  Path(ns)    Netlist Resource(s)
  -------------------------------------------------------------------    -------------------
                         (clock clk_out2_pll rise edge)
                                                      0.000     0.000 r  
    AD12                                              0.000     0.000 r  i_sys_clk_p (IN)
                         net (fo=0)                   0.000     0.000    pll_inst/inst/clk_in1_p
    AD12                 IBUFDS (Prop_ibufds_I_O)     0.906     0.906 r  pll_inst/inst/clkin1_ibufgds/O
                         net (fo=1, routed)           1.098     2.004    pll_inst/inst/clk_in1_pll
    PLLE2_ADV_X1Y1       PLLE2_ADV (Prop_plle2_adv_CLKIN1_CLKOUT1)
                                                     -8.058    -6.054 r  pll_inst/inst/plle2_adv_inst/CLKOUT1
                         net (fo=1, routed)           2.128    -3.926    pll_inst/inst/clk_out2_pll
    BUFGCTRL_X0Y0        BUFG (Prop_bufg_I_O)         0.093    -3.833 r  pll_inst/inst/clkout2_buf/O
                         net (fo=35309, routed)       1.291    -2.542    student_top_inst/bridge_inst/seg_driver/clk_out2
    SLICE_X14Y245        FDCE                                         r  student_top_inst/bridge_inst/seg_driver/count_reg[4]/C
  -------------------------------------------------------------------    -------------------
    SLICE_X14Y245        FDCE (Prop_fdce_C_Q)         0.236    -2.306 r  student_top_inst/bridge_inst/seg_driver/count_reg[4]/Q
                         net (fo=50, routed)          2.068    -0.239    student_top_inst/bridge_inst/seg_driver/Q[0]
    SLICE_X28Y241        LUT3 (Prop_lut3_I1_O)        0.132    -0.107 r  student_top_inst/bridge_inst/seg_driver/virtual_seg_OBUF[36]_inst_i_3/O
                         net (fo=4, routed)           0.940     0.834    student_top_inst/bridge_inst/seg_driver/virtual_seg_OBUF[36]_inst_i_3_n_0
    SLICE_X28Y240        LUT6 (Prop_lut6_I4_O)        0.136     0.970 r  student_top_inst/bridge_inst/seg_driver/virtual_seg_OBUF[35]_inst_i_1/O
                         net (fo=2, routed)           1.041     2.011    twin_controller_inst/virtual_seg_OBUF[28]
    SLICE_X26Y244        FDCE                                         r  twin_controller_inst/status_buffer_reg[4][3]/D
  -------------------------------------------------------------------    -------------------

                         (clock clk_out1_pll rise edge)
                                                     20.000    20.000 r  
    AD12                                              0.000    20.000 r  i_sys_clk_p (IN)
                         net (fo=0)                   0.000    20.000    pll_inst/inst/clk_in1_p
    AD12                 IBUFDS (Prop_ibufds_I_O)     0.803    20.803 r  pll_inst/inst/clkin1_ibufgds/O
                         net (fo=1, routed)           1.001    21.804    pll_inst/inst/clk_in1_pll
    PLLE2_ADV_X1Y1       PLLE2_ADV (Prop_plle2_adv_CLKIN1_CLKOUT0)
                                                     -7.261    14.543 r  pll_inst/inst/plle2_adv_inst/CLKOUT0
                         net (fo=1, routed)           2.003    16.546    pll_inst/inst/clk_out1_pll
    BUFGCTRL_X0Y1        BUFG (Prop_bufg_I_O)         0.083    16.629 r  pll_inst/inst/clkout1_buf/O
                         net (fo=353, routed)         1.145    17.774    twin_controller_inst/CLK
    SLICE_X26Y244        FDCE                                         r  twin_controller_inst/status_buffer_reg[4][3]/C
                         clock pessimism             -0.598    17.177    
                         clock uncertainty           -0.225    16.951    
    SLICE_X26Y244        FDCE (Setup_fdce_C_D)       -0.010    16.941    twin_controller_inst/status_buffer_reg[4][3]
  -------------------------------------------------------------------
                         required time                         16.941    
                         arrival time                          -2.011    
  -------------------------------------------------------------------
                         slack                                 14.931    

Slack (MET) :             15.066ns  (required time - arrival time)
  Source:                 student_top_inst/bridge_inst/seg_driver/count_reg[4]/C
                            (rising edge-triggered cell FDCE clocked by clk_out2_pll  {rise@0.000ns fall@10.000ns period=20.000ns})
  Destination:            twin_controller_inst/status_buffer_reg[4][2]/D
                            (rising edge-triggered cell FDCE clocked by clk_out1_pll  {rise@0.000ns fall@10.000ns period=20.000ns})
  Path Group:             clk_out1_pll
  Path Type:              Setup (Max at Slow Process Corner)
  Requirement:            20.000ns  (clk_out1_pll rise@20.000ns - clk_out2_pll rise@0.000ns)
  Data Path Delay:        4.393ns  (logic 0.504ns (11.473%)  route 3.889ns (88.527%))
  Logic Levels:           2  (LUT3=1 LUT6=1)
  Clock Path Skew:        -0.285ns (DCD - SCD + CPR)
    Destination Clock Delay (DCD):    -2.230ns = ( 17.770 - 20.000 ) 
    Source Clock Delay      (SCD):    -2.542ns
    Clock Pessimism Removal (CPR):    -0.598ns
  Clock Uncertainty:      0.225ns  ((TSJ^2 + DJ^2)^1/2) / 2 + PE
    Total System Jitter     (TSJ):    0.071ns
    Discrete Jitter          (DJ):    0.198ns
    Phase Error              (PE):    0.120ns

    Location             Delay type                Incr(ns)  Path(ns)    Netlist Resource(s)
  -------------------------------------------------------------------    -------------------
                         (clock clk_out2_pll rise edge)
                                                      0.000     0.000 r  
    AD12                                              0.000     0.000 r  i_sys_clk_p (IN)
                         net (fo=0)                   0.000     0.000    pll_inst/inst/clk_in1_p
    AD12                 IBUFDS (Prop_ibufds_I_O)     0.906     0.906 r  pll_inst/inst/clkin1_ibufgds/O
                         net (fo=1, routed)           1.098     2.004    pll_inst/inst/clk_in1_pll
    PLLE2_ADV_X1Y1       PLLE2_ADV (Prop_plle2_adv_CLKIN1_CLKOUT1)
                                                     -8.058    -6.054 r  pll_inst/inst/plle2_adv_inst/CLKOUT1
                         net (fo=1, routed)           2.128    -3.926    pll_inst/inst/clk_out2_pll
    BUFGCTRL_X0Y0        BUFG (Prop_bufg_I_O)         0.093    -3.833 r  pll_inst/inst/clkout2_buf/O
                         net (fo=35309, routed)       1.291    -2.542    student_top_inst/bridge_inst/seg_driver/clk_out2
    SLICE_X14Y245        FDCE                                         r  student_top_inst/bridge_inst/seg_driver/count_reg[4]/C
  -------------------------------------------------------------------    -------------------
    SLICE_X14Y245        FDCE (Prop_fdce_C_Q)         0.236    -2.306 r  student_top_inst/bridge_inst/seg_driver/count_reg[4]/Q
                         net (fo=50, routed)          2.068    -0.239    student_top_inst/bridge_inst/seg_driver/Q[0]
    SLICE_X28Y241        LUT3 (Prop_lut3_I1_O)        0.132    -0.107 r  student_top_inst/bridge_inst/seg_driver/virtual_seg_OBUF[36]_inst_i_3/O
                         net (fo=4, routed)           0.845     0.738    student_top_inst/bridge_inst/seg_driver/virtual_seg_OBUF[36]_inst_i_3_n_0
    SLICE_X28Y241        LUT6 (Prop_lut6_I3_O)        0.136     0.874 r  student_top_inst/bridge_inst/seg_driver/virtual_seg_OBUF[34]_inst_i_1/O
                         net (fo=2, routed)           0.977     1.851    twin_controller_inst/virtual_seg_OBUF[27]
    SLICE_X35Y241        FDCE                                         r  twin_controller_inst/status_buffer_reg[4][2]/D
  -------------------------------------------------------------------    -------------------

                         (clock clk_out1_pll rise edge)
                                                     20.000    20.000 r  
    AD12                                              0.000    20.000 r  i_sys_clk_p (IN)
                         net (fo=0)                   0.000    20.000    pll_inst/inst/clk_in1_p
    AD12                 IBUFDS (Prop_ibufds_I_O)     0.803    20.803 r  pll_inst/inst/clkin1_ibufgds/O
                         net (fo=1, routed)           1.001    21.804    pll_inst/inst/clk_in1_pll
    PLLE2_ADV_X1Y1       PLLE2_ADV (Prop_plle2_adv_CLKIN1_CLKOUT0)
                                                     -7.261    14.543 r  pll_inst/inst/plle2_adv_inst/CLKOUT0
                         net (fo=1, routed)           2.003    16.546    pll_inst/inst/clk_out1_pll
    BUFGCTRL_X0Y1        BUFG (Prop_bufg_I_O)         0.083    16.629 r  pll_inst/inst/clkout1_buf/O
                         net (fo=353, routed)         1.141    17.770    twin_controller_inst/CLK
    SLICE_X35Y241        FDCE                                         r  twin_controller_inst/status_buffer_reg[4][2]/C
                         clock pessimism             -0.598    17.173    
                         clock uncertainty           -0.225    16.947    
    SLICE_X35Y241        FDCE (Setup_fdce_C_D)       -0.031    16.916    twin_controller_inst/status_buffer_reg[4][2]
  -------------------------------------------------------------------
                         required time                         16.916    
                         arrival time                          -1.851    
  -------------------------------------------------------------------
                         slack                                 15.066    

Slack (MET) :             15.230ns  (required time - arrival time)
  Source:                 student_top_inst/bridge_inst/seg_driver/count_reg[4]/C
                            (rising edge-triggered cell FDCE clocked by clk_out2_pll  {rise@0.000ns fall@10.000ns period=20.000ns})
  Destination:            twin_controller_inst/status_buffer_reg[4][0]/D
                            (rising edge-triggered cell FDCE clocked by clk_out1_pll  {rise@0.000ns fall@10.000ns period=20.000ns})
  Path Group:             clk_out1_pll
  Path Type:              Setup (Max at Slow Process Corner)
  Requirement:            20.000ns  (clk_out1_pll rise@20.000ns - clk_out2_pll rise@0.000ns)
  Data Path Delay:        4.242ns  (logic 0.504ns (11.881%)  route 3.738ns (88.119%))
  Logic Levels:           2  (LUT3=1 LUT6=1)
  Clock Path Skew:        -0.284ns (DCD - SCD + CPR)
    Destination Clock Delay (DCD):    -2.229ns = ( 17.771 - 20.000 ) 
    Source Clock Delay      (SCD):    -2.542ns
    Clock Pessimism Removal (CPR):    -0.598ns
  Clock Uncertainty:      0.225ns  ((TSJ^2 + DJ^2)^1/2) / 2 + PE
    Total System Jitter     (TSJ):    0.071ns
    Discrete Jitter          (DJ):    0.198ns
    Phase Error              (PE):    0.120ns

    Location             Delay type                Incr(ns)  Path(ns)    Netlist Resource(s)
  -------------------------------------------------------------------    -------------------
                         (clock clk_out2_pll rise edge)
                                                      0.000     0.000 r  
    AD12                                              0.000     0.000 r  i_sys_clk_p (IN)
                         net (fo=0)                   0.000     0.000    pll_inst/inst/clk_in1_p
    AD12                 IBUFDS (Prop_ibufds_I_O)     0.906     0.906 r  pll_inst/inst/clkin1_ibufgds/O
                         net (fo=1, routed)           1.098     2.004    pll_inst/inst/clk_in1_pll
    PLLE2_ADV_X1Y1       PLLE2_ADV (Prop_plle2_adv_CLKIN1_CLKOUT1)
                                                     -8.058    -6.054 r  pll_inst/inst/plle2_adv_inst/CLKOUT1
                         net (fo=1, routed)           2.128    -3.926    pll_inst/inst/clk_out2_pll
    BUFGCTRL_X0Y0        BUFG (Prop_bufg_I_O)         0.093    -3.833 r  pll_inst/inst/clkout2_buf/O
                         net (fo=35309, routed)       1.291    -2.542    student_top_inst/bridge_inst/seg_driver/clk_out2
    SLICE_X14Y245        FDCE                                         r  student_top_inst/bridge_inst/seg_driver/count_reg[4]/C
  -------------------------------------------------------------------    -------------------
    SLICE_X14Y245        FDCE (Prop_fdce_C_Q)         0.236    -2.306 r  student_top_inst/bridge_inst/seg_driver/count_reg[4]/Q
                         net (fo=50, routed)          2.068    -0.239    student_top_inst/bridge_inst/seg_driver/Q[0]
    SLICE_X28Y241        LUT3 (Prop_lut3_I1_O)        0.132    -0.107 f  student_top_inst/bridge_inst/seg_driver/virtual_seg_OBUF[36]_inst_i_3/O
                         net (fo=4, routed)           0.932     0.826    student_top_inst/bridge_inst/seg_driver/virtual_seg_OBUF[36]_inst_i_3_n_0
    SLICE_X28Y241        LUT6 (Prop_lut6_I5_O)        0.136     0.962 r  student_top_inst/bridge_inst/seg_driver/virtual_seg_OBUF[32]_inst_i_1/O
                         net (fo=2, routed)           0.738     1.700    twin_controller_inst/virtual_seg_OBUF[25]
    SLICE_X28Y241        FDCE                                         r  twin_controller_inst/status_buffer_reg[4][0]/D
  -------------------------------------------------------------------    -------------------

                         (clock clk_out1_pll rise edge)
                                                     20.000    20.000 r  
    AD12                                              0.000    20.000 r  i_sys_clk_p (IN)
                         net (fo=0)                   0.000    20.000    pll_inst/inst/clk_in1_p
    AD12                 IBUFDS (Prop_ibufds_I_O)     0.803    20.803 r  pll_inst/inst/clkin1_ibufgds/O
                         net (fo=1, routed)           1.001    21.804    pll_inst/inst/clk_in1_pll
    PLLE2_ADV_X1Y1       PLLE2_ADV (Prop_plle2_adv_CLKIN1_CLKOUT0)
                                                     -7.261    14.543 r  pll_inst/inst/plle2_adv_inst/CLKOUT0
                         net (fo=1, routed)           2.003    16.546    pll_inst/inst/clk_out1_pll
    BUFGCTRL_X0Y1        BUFG (Prop_bufg_I_O)         0.083    16.629 r  pll_inst/inst/clkout1_buf/O
                         net (fo=353, routed)         1.142    17.771    twin_controller_inst/CLK
    SLICE_X28Y241        FDCE                                         r  twin_controller_inst/status_buffer_reg[4][0]/C
                         clock pessimism             -0.598    17.174    
                         clock uncertainty           -0.225    16.948    
    SLICE_X28Y241        FDCE (Setup_fdce_C_D)       -0.019    16.929    twin_controller_inst/status_buffer_reg[4][0]
  -------------------------------------------------------------------
                         required time                         16.929    
                         arrival time                          -1.700    
  -------------------------------------------------------------------
                         slack                                 15.230    

Slack (MET) :             15.532ns  (required time - arrival time)
  Source:                 student_top_inst/bridge_inst/seg_driver/count_reg[4]/C
                            (rising edge-triggered cell FDCE clocked by clk_out2_pll  {rise@0.000ns fall@10.000ns period=20.000ns})
  Destination:            twin_controller_inst/status_buffer_reg[3][7]/D
                            (rising edge-triggered cell FDCE clocked by clk_out1_pll  {rise@0.000ns fall@10.000ns period=20.000ns})
  Path Group:             clk_out1_pll
  Path Type:              Setup (Max at Slow Process Corner)
  Requirement:            20.000ns  (clk_out1_pll rise@20.000ns - clk_out2_pll rise@0.000ns)
  Data Path Delay:        3.941ns  (logic 0.403ns (10.226%)  route 3.538ns (89.774%))
  Logic Levels:           2  (LUT3=1 LUT6=1)
  Clock Path Skew:        -0.283ns (DCD - SCD + CPR)
    Destination Clock Delay (DCD):    -2.228ns = ( 17.772 - 20.000 ) 
    Source Clock Delay      (SCD):    -2.542ns
    Clock Pessimism Removal (CPR):    -0.598ns
  Clock Uncertainty:      0.225ns  ((TSJ^2 + DJ^2)^1/2) / 2 + PE
    Total System Jitter     (TSJ):    0.071ns
    Discrete Jitter          (DJ):    0.198ns
    Phase Error              (PE):    0.120ns

    Location             Delay type                Incr(ns)  Path(ns)    Netlist Resource(s)
  -------------------------------------------------------------------    -------------------
                         (clock clk_out2_pll rise edge)
                                                      0.000     0.000 r  
    AD12                                              0.000     0.000 r  i_sys_clk_p (IN)
                         net (fo=0)                   0.000     0.000    pll_inst/inst/clk_in1_p
    AD12                 IBUFDS (Prop_ibufds_I_O)     0.906     0.906 r  pll_inst/inst/clkin1_ibufgds/O
                         net (fo=1, routed)           1.098     2.004    pll_inst/inst/clk_in1_pll
    PLLE2_ADV_X1Y1       PLLE2_ADV (Prop_plle2_adv_CLKIN1_CLKOUT1)
                                                     -8.058    -6.054 r  pll_inst/inst/plle2_adv_inst/CLKOUT1
                         net (fo=1, routed)           2.128    -3.926    pll_inst/inst/clk_out2_pll
    BUFGCTRL_X0Y0        BUFG (Prop_bufg_I_O)         0.093    -3.833 r  pll_inst/inst/clkout2_buf/O
                         net (fo=35309, routed)       1.291    -2.542    student_top_inst/bridge_inst/seg_driver/clk_out2
    SLICE_X14Y245        FDCE                                         r  student_top_inst/bridge_inst/seg_driver/count_reg[4]/C
  -------------------------------------------------------------------    -------------------
    SLICE_X14Y245        FDCE (Prop_fdce_C_Q)         0.236    -2.306 r  student_top_inst/bridge_inst/seg_driver/count_reg[4]/Q
                         net (fo=50, routed)          1.455    -0.851    student_top_inst/bridge_inst/seg_driver/Q[0]
    SLICE_X32Y241        LUT3 (Prop_lut3_I1_O)        0.124    -0.727 r  student_top_inst/bridge_inst/seg_driver/virtual_seg_OBUF[36]_inst_i_2/O
                         net (fo=7, routed)           1.098     0.371    student_top_inst/bridge_inst/seg_driver/virtual_seg_OBUF[36]_inst_i_2_n_0
    SLICE_X29Y241        LUT6 (Prop_lut6_I0_O)        0.043     0.414 r  student_top_inst/bridge_inst/seg_driver/virtual_seg_OBUF[31]_inst_i_1/O
                         net (fo=2, routed)           0.985     1.398    twin_controller_inst/virtual_seg_OBUF[24]
    SLICE_X29Y243        FDCE                                         r  twin_controller_inst/status_buffer_reg[3][7]/D
  -------------------------------------------------------------------    -------------------

                         (clock clk_out1_pll rise edge)
                                                     20.000    20.000 r  
    AD12                                              0.000    20.000 r  i_sys_clk_p (IN)
                         net (fo=0)                   0.000    20.000    pll_inst/inst/clk_in1_p
    AD12                 IBUFDS (Prop_ibufds_I_O)     0.803    20.803 r  pll_inst/inst/clkin1_ibufgds/O
                         net (fo=1, routed)           1.001    21.804    pll_inst/inst/clk_in1_pll
    PLLE2_ADV_X1Y1       PLLE2_ADV (Prop_plle2_adv_CLKIN1_CLKOUT0)
                                                     -7.261    14.543 r  pll_inst/inst/plle2_adv_inst/CLKOUT0
                         net (fo=1, routed)           2.003    16.546    pll_inst/inst/clk_out1_pll
    BUFGCTRL_X0Y1        BUFG (Prop_bufg_I_O)         0.083    16.629 r  pll_inst/inst/clkout1_buf/O
                         net (fo=353, routed)         1.143    17.772    twin_controller_inst/CLK
    SLICE_X29Y243        FDCE                                         r  twin_controller_inst/status_buffer_reg[3][7]/C
                         clock pessimism             -0.598    17.175    
                         clock uncertainty           -0.225    16.949    
    SLICE_X29Y243        FDCE (Setup_fdce_C_D)       -0.019    16.930    twin_controller_inst/status_buffer_reg[3][7]
  -------------------------------------------------------------------
                         required time                         16.930    
                         arrival time                          -1.398    
  -------------------------------------------------------------------
                         slack                                 15.532    

Slack (MET) :             15.721ns  (required time - arrival time)
  Source:                 student_top_inst/bridge_inst/seg_driver/count_reg[4]/C
                            (rising edge-triggered cell FDCE clocked by clk_out2_pll  {rise@0.000ns fall@10.000ns period=20.000ns})
  Destination:            twin_controller_inst/status_buffer_reg[0][2]/D
                            (rising edge-triggered cell FDCE clocked by clk_out1_pll  {rise@0.000ns fall@10.000ns period=20.000ns})
  Path Group:             clk_out1_pll
  Path Type:              Setup (Max at Slow Process Corner)
  Requirement:            20.000ns  (clk_out1_pll rise@20.000ns - clk_out2_pll rise@0.000ns)
  Data Path Delay:        3.750ns  (logic 0.505ns (13.466%)  route 3.245ns (86.534%))
  Logic Levels:           2  (LUT3=1 LUT6=1)
  Clock Path Skew:        -0.282ns (DCD - SCD + CPR)
    Destination Clock Delay (DCD):    -2.227ns = ( 17.773 - 20.000 ) 
    Source Clock Delay      (SCD):    -2.542ns
    Clock Pessimism Removal (CPR):    -0.598ns
  Clock Uncertainty:      0.225ns  ((TSJ^2 + DJ^2)^1/2) / 2 + PE
    Total System Jitter     (TSJ):    0.071ns
    Discrete Jitter          (DJ):    0.198ns
    Phase Error              (PE):    0.120ns

    Location             Delay type                Incr(ns)  Path(ns)    Netlist Resource(s)
  -------------------------------------------------------------------    -------------------
                         (clock clk_out2_pll rise edge)
                                                      0.000     0.000 r  
    AD12                                              0.000     0.000 r  i_sys_clk_p (IN)
                         net (fo=0)                   0.000     0.000    pll_inst/inst/clk_in1_p
    AD12                 IBUFDS (Prop_ibufds_I_O)     0.906     0.906 r  pll_inst/inst/clkin1_ibufgds/O
                         net (fo=1, routed)           1.098     2.004    pll_inst/inst/clk_in1_pll
    PLLE2_ADV_X1Y1       PLLE2_ADV (Prop_plle2_adv_CLKIN1_CLKOUT1)
                                                     -8.058    -6.054 r  pll_inst/inst/plle2_adv_inst/CLKOUT1
                         net (fo=1, routed)           2.128    -3.926    pll_inst/inst/clk_out2_pll
    BUFGCTRL_X0Y0        BUFG (Prop_bufg_I_O)         0.093    -3.833 r  pll_inst/inst/clkout2_buf/O
                         net (fo=35309, routed)       1.291    -2.542    student_top_inst/bridge_inst/seg_driver/clk_out2
    SLICE_X14Y245        FDCE                                         r  student_top_inst/bridge_inst/seg_driver/count_reg[4]/C
  -------------------------------------------------------------------    -------------------
    SLICE_X14Y245        FDCE (Prop_fdce_C_Q)         0.236    -2.306 r  student_top_inst/bridge_inst/seg_driver/count_reg[4]/Q
                         net (fo=50, routed)          1.460    -0.846    student_top_inst/bridge_inst/seg_driver/Q[0]
    SLICE_X32Y241        LUT3 (Prop_lut3_I1_O)        0.133    -0.713 r  student_top_inst/bridge_inst/seg_driver/virtual_seg_OBUF[6]_inst_i_4/O
                         net (fo=7, routed)           0.878     0.165    student_top_inst/bridge_inst/seg_driver/virtual_seg_OBUF[6]_inst_i_4_n_0
    SLICE_X25Y244        LUT6 (Prop_lut6_I4_O)        0.136     0.301 r  student_top_inst/bridge_inst/seg_driver/virtual_seg_OBUF[2]_inst_i_1/O
                         net (fo=2, routed)           0.907     1.208    twin_controller_inst/virtual_seg_OBUF[2]
    SLICE_X25Y243        FDCE                                         r  twin_controller_inst/status_buffer_reg[0][2]/D
  -------------------------------------------------------------------    -------------------

                         (clock clk_out1_pll rise edge)
                                                     20.000    20.000 r  
    AD12                                              0.000    20.000 r  i_sys_clk_p (IN)
                         net (fo=0)                   0.000    20.000    pll_inst/inst/clk_in1_p
    AD12                 IBUFDS (Prop_ibufds_I_O)     0.803    20.803 r  pll_inst/inst/clkin1_ibufgds/O
                         net (fo=1, routed)           1.001    21.804    pll_inst/inst/clk_in1_pll
    PLLE2_ADV_X1Y1       PLLE2_ADV (Prop_plle2_adv_CLKIN1_CLKOUT0)
                                                     -7.261    14.543 r  pll_inst/inst/plle2_adv_inst/CLKOUT0
                         net (fo=1, routed)           2.003    16.546    pll_inst/inst/clk_out1_pll
    BUFGCTRL_X0Y1        BUFG (Prop_bufg_I_O)         0.083    16.629 r  pll_inst/inst/clkout1_buf/O
                         net (fo=353, routed)         1.144    17.773    twin_controller_inst/CLK
    SLICE_X25Y243        FDCE                                         r  twin_controller_inst/status_buffer_reg[0][2]/C
                         clock pessimism             -0.598    17.176    
                         clock uncertainty           -0.225    16.950    
    SLICE_X25Y243        FDCE (Setup_fdce_C_D)       -0.022    16.928    twin_controller_inst/status_buffer_reg[0][2]
  -------------------------------------------------------------------
                         required time                         16.928    
                         arrival time                          -1.208    
  -------------------------------------------------------------------
                         slack                                 15.721    

Slack (MET) :             15.722ns  (required time - arrival time)
  Source:                 student_top_inst/bridge_inst/seg_driver/count_reg[4]/C
                            (rising edge-triggered cell FDCE clocked by clk_out2_pll  {rise@0.000ns fall@10.000ns period=20.000ns})
  Destination:            twin_controller_inst/status_buffer_reg[0][5]/D
                            (rising edge-triggered cell FDCE clocked by clk_out1_pll  {rise@0.000ns fall@10.000ns period=20.000ns})
  Path Group:             clk_out1_pll
  Path Type:              Setup (Max at Slow Process Corner)
  Requirement:            20.000ns  (clk_out1_pll rise@20.000ns - clk_out2_pll rise@0.000ns)
  Data Path Delay:        3.750ns  (logic 0.505ns (13.467%)  route 3.245ns (86.533%))
  Logic Levels:           2  (LUT3=1 LUT6=1)
  Clock Path Skew:        -0.281ns (DCD - SCD + CPR)
    Destination Clock Delay (DCD):    -2.226ns = ( 17.774 - 20.000 ) 
    Source Clock Delay      (SCD):    -2.542ns
    Clock Pessimism Removal (CPR):    -0.598ns
  Clock Uncertainty:      0.225ns  ((TSJ^2 + DJ^2)^1/2) / 2 + PE
    Total System Jitter     (TSJ):    0.071ns
    Discrete Jitter          (DJ):    0.198ns
    Phase Error              (PE):    0.120ns

    Location             Delay type                Incr(ns)  Path(ns)    Netlist Resource(s)
  -------------------------------------------------------------------    -------------------
                         (clock clk_out2_pll rise edge)
                                                      0.000     0.000 r  
    AD12                                              0.000     0.000 r  i_sys_clk_p (IN)
                         net (fo=0)                   0.000     0.000    pll_inst/inst/clk_in1_p
    AD12                 IBUFDS (Prop_ibufds_I_O)     0.906     0.906 r  pll_inst/inst/clkin1_ibufgds/O
                         net (fo=1, routed)           1.098     2.004    pll_inst/inst/clk_in1_pll
    PLLE2_ADV_X1Y1       PLLE2_ADV (Prop_plle2_adv_CLKIN1_CLKOUT1)
                                                     -8.058    -6.054 r  pll_inst/inst/plle2_adv_inst/CLKOUT1
                         net (fo=1, routed)           2.128    -3.926    pll_inst/inst/clk_out2_pll
    BUFGCTRL_X0Y0        BUFG (Prop_bufg_I_O)         0.093    -3.833 r  pll_inst/inst/clkout2_buf/O
                         net (fo=35309, routed)       1.291    -2.542    student_top_inst/bridge_inst/seg_driver/clk_out2
    SLICE_X14Y245        FDCE                                         r  student_top_inst/bridge_inst/seg_driver/count_reg[4]/C
  -------------------------------------------------------------------    -------------------
    SLICE_X14Y245        FDCE (Prop_fdce_C_Q)         0.236    -2.306 r  student_top_inst/bridge_inst/seg_driver/count_reg[4]/Q
                         net (fo=50, routed)          1.460    -0.846    student_top_inst/bridge_inst/seg_driver/Q[0]
    SLICE_X32Y241        LUT3 (Prop_lut3_I1_O)        0.133    -0.713 r  student_top_inst/bridge_inst/seg_driver/virtual_seg_OBUF[6]_inst_i_4/O
                         net (fo=7, routed)           0.790     0.077    student_top_inst/bridge_inst/seg_driver/virtual_seg_OBUF[6]_inst_i_4_n_0
    SLICE_X24Y244        LUT6 (Prop_lut6_I3_O)        0.136     0.213 r  student_top_inst/bridge_inst/seg_driver/virtual_seg_OBUF[5]_inst_i_1/O
                         net (fo=2, routed)           0.995     1.208    twin_controller_inst/virtual_seg_OBUF[5]
    SLICE_X25Y244        FDCE                                         r  twin_controller_inst/status_buffer_reg[0][5]/D
  -------------------------------------------------------------------    -------------------

                         (clock clk_out1_pll rise edge)
                                                     20.000    20.000 r  
    AD12                                              0.000    20.000 r  i_sys_clk_p (IN)
                         net (fo=0)                   0.000    20.000    pll_inst/inst/clk_in1_p
    AD12                 IBUFDS (Prop_ibufds_I_O)     0.803    20.803 r  pll_inst/inst/clkin1_ibufgds/O
                         net (fo=1, routed)           1.001    21.804    pll_inst/inst/clk_in1_pll
    PLLE2_ADV_X1Y1       PLLE2_ADV (Prop_plle2_adv_CLKIN1_CLKOUT0)
                                                     -7.261    14.543 r  pll_inst/inst/plle2_adv_inst/CLKOUT0
                         net (fo=1, routed)           2.003    16.546    pll_inst/inst/clk_out1_pll
    BUFGCTRL_X0Y1        BUFG (Prop_bufg_I_O)         0.083    16.629 r  pll_inst/inst/clkout1_buf/O
                         net (fo=353, routed)         1.145    17.774    twin_controller_inst/CLK
    SLICE_X25Y244        FDCE                                         r  twin_controller_inst/status_buffer_reg[0][5]/C
                         clock pessimism             -0.598    17.177    
                         clock uncertainty           -0.225    16.951    
    SLICE_X25Y244        FDCE (Setup_fdce_C_D)       -0.022    16.929    twin_controller_inst/status_buffer_reg[0][5]
  -------------------------------------------------------------------
                         required time                         16.929    
                         arrival time                          -1.208    
  -------------------------------------------------------------------
                         slack                                 15.722    

Slack (MET) :             15.783ns  (required time - arrival time)
  Source:                 student_top_inst/bridge_inst/seg_driver/count_reg[4]/C
                            (rising edge-triggered cell FDCE clocked by clk_out2_pll  {rise@0.000ns fall@10.000ns period=20.000ns})
  Destination:            twin_controller_inst/status_buffer_reg[4][1]/D
                            (rising edge-triggered cell FDCE clocked by clk_out1_pll  {rise@0.000ns fall@10.000ns period=20.000ns})
  Path Group:             clk_out1_pll
  Path Type:              Setup (Max at Slow Process Corner)
  Requirement:            20.000ns  (clk_out1_pll rise@20.000ns - clk_out2_pll rise@0.000ns)
  Data Path Delay:        3.699ns  (logic 0.403ns (10.896%)  route 3.296ns (89.104%))
  Logic Levels:           2  (LUT3=1 LUT6=1)
  Clock Path Skew:        -0.283ns (DCD - SCD + CPR)
    Destination Clock Delay (DCD):    -2.228ns = ( 17.772 - 20.000 ) 
    Source Clock Delay      (SCD):    -2.542ns
    Clock Pessimism Removal (CPR):    -0.598ns
  Clock Uncertainty:      0.225ns  ((TSJ^2 + DJ^2)^1/2) / 2 + PE
    Total System Jitter     (TSJ):    0.071ns
    Discrete Jitter          (DJ):    0.198ns
    Phase Error              (PE):    0.120ns

    Location             Delay type                Incr(ns)  Path(ns)    Netlist Resource(s)
  -------------------------------------------------------------------    -------------------
                         (clock clk_out2_pll rise edge)
                                                      0.000     0.000 r  
    AD12                                              0.000     0.000 r  i_sys_clk_p (IN)
                         net (fo=0)                   0.000     0.000    pll_inst/inst/clk_in1_p
    AD12                 IBUFDS (Prop_ibufds_I_O)     0.906     0.906 r  pll_inst/inst/clkin1_ibufgds/O
                         net (fo=1, routed)           1.098     2.004    pll_inst/inst/clk_in1_pll
    PLLE2_ADV_X1Y1       PLLE2_ADV (Prop_plle2_adv_CLKIN1_CLKOUT1)
                                                     -8.058    -6.054 r  pll_inst/inst/plle2_adv_inst/CLKOUT1
                         net (fo=1, routed)           2.128    -3.926    pll_inst/inst/clk_out2_pll
    BUFGCTRL_X0Y0        BUFG (Prop_bufg_I_O)         0.093    -3.833 r  pll_inst/inst/clkout2_buf/O
                         net (fo=35309, routed)       1.291    -2.542    student_top_inst/bridge_inst/seg_driver/clk_out2
    SLICE_X14Y245        FDCE                                         r  student_top_inst/bridge_inst/seg_driver/count_reg[4]/C
  -------------------------------------------------------------------    -------------------
    SLICE_X14Y245        FDCE (Prop_fdce_C_Q)         0.236    -2.306 r  student_top_inst/bridge_inst/seg_driver/count_reg[4]/Q
                         net (fo=50, routed)          1.455    -0.851    student_top_inst/bridge_inst/seg_driver/Q[0]
    SLICE_X32Y241        LUT3 (Prop_lut3_I1_O)        0.124    -0.727 r  student_top_inst/bridge_inst/seg_driver/virtual_seg_OBUF[36]_inst_i_2/O
                         net (fo=7, routed)           0.909     0.182    student_top_inst/bridge_inst/seg_driver/virtual_seg_OBUF[36]_inst_i_2_n_0
    SLICE_X31Y241        LUT6 (Prop_lut6_I0_O)        0.043     0.225 r  student_top_inst/bridge_inst/seg_driver/virtual_seg_OBUF[33]_inst_i_1/O
                         net (fo=2, routed)           0.931     1.156    twin_controller_inst/virtual_seg_OBUF[26]
    SLICE_X30Y242        FDCE                                         r  twin_controller_inst/status_buffer_reg[4][1]/D
  -------------------------------------------------------------------    -------------------

                         (clock clk_out1_pll rise edge)
                                                     20.000    20.000 r  
    AD12                                              0.000    20.000 r  i_sys_clk_p (IN)
                         net (fo=0)                   0.000    20.000    pll_inst/inst/clk_in1_p
    AD12                 IBUFDS (Prop_ibufds_I_O)     0.803    20.803 r  pll_inst/inst/clkin1_ibufgds/O
                         net (fo=1, routed)           1.001    21.804    pll_inst/inst/clk_in1_pll
    PLLE2_ADV_X1Y1       PLLE2_ADV (Prop_plle2_adv_CLKIN1_CLKOUT0)
                                                     -7.261    14.543 r  pll_inst/inst/plle2_adv_inst/CLKOUT0
                         net (fo=1, routed)           2.003    16.546    pll_inst/inst/clk_out1_pll
    BUFGCTRL_X0Y1        BUFG (Prop_bufg_I_O)         0.083    16.629 r  pll_inst/inst/clkout1_buf/O
                         net (fo=353, routed)         1.143    17.772    twin_controller_inst/CLK
    SLICE_X30Y242        FDCE                                         r  twin_controller_inst/status_buffer_reg[4][1]/C
                         clock pessimism             -0.598    17.175    
                         clock uncertainty           -0.225    16.949    
    SLICE_X30Y242        FDCE (Setup_fdce_C_D)       -0.010    16.939    twin_controller_inst/status_buffer_reg[4][1]
  -------------------------------------------------------------------
                         required time                         16.939    
                         arrival time                          -1.156    
  -------------------------------------------------------------------
                         slack                                 15.783    

Slack (MET) :             16.041ns  (required time - arrival time)
  Source:                 student_top_inst/bridge_inst/seg_driver/count_reg[4]/C
                            (rising edge-triggered cell FDCE clocked by clk_out2_pll  {rise@0.000ns fall@10.000ns period=20.000ns})
  Destination:            twin_controller_inst/status_buffer_reg[0][4]/D
                            (rising edge-triggered cell FDCE clocked by clk_out1_pll  {rise@0.000ns fall@10.000ns period=20.000ns})
  Path Group:             clk_out1_pll
  Path Type:              Setup (Max at Slow Process Corner)
  Requirement:            20.000ns  (clk_out1_pll rise@20.000ns - clk_out2_pll rise@0.000ns)
  Data Path Delay:        3.431ns  (logic 0.505ns (14.720%)  route 2.926ns (85.280%))
  Logic Levels:           2  (LUT3=1 LUT6=1)
  Clock Path Skew:        -0.281ns (DCD - SCD + CPR)
    Destination Clock Delay (DCD):    -2.226ns = ( 17.774 - 20.000 ) 
    Source Clock Delay      (SCD):    -2.542ns
    Clock Pessimism Removal (CPR):    -0.598ns
  Clock Uncertainty:      0.225ns  ((TSJ^2 + DJ^2)^1/2) / 2 + PE
    Total System Jitter     (TSJ):    0.071ns
    Discrete Jitter          (DJ):    0.198ns
    Phase Error              (PE):    0.120ns

    Location             Delay type                Incr(ns)  Path(ns)    Netlist Resource(s)
  -------------------------------------------------------------------    -------------------
                         (clock clk_out2_pll rise edge)
                                                      0.000     0.000 r  
    AD12                                              0.000     0.000 r  i_sys_clk_p (IN)
                         net (fo=0)                   0.000     0.000    pll_inst/inst/clk_in1_p
    AD12                 IBUFDS (Prop_ibufds_I_O)     0.906     0.906 r  pll_inst/inst/clkin1_ibufgds/O
                         net (fo=1, routed)           1.098     2.004    pll_inst/inst/clk_in1_pll
    PLLE2_ADV_X1Y1       PLLE2_ADV (Prop_plle2_adv_CLKIN1_CLKOUT1)
                                                     -8.058    -6.054 r  pll_inst/inst/plle2_adv_inst/CLKOUT1
                         net (fo=1, routed)           2.128    -3.926    pll_inst/inst/clk_out2_pll
    BUFGCTRL_X0Y0        BUFG (Prop_bufg_I_O)         0.093    -3.833 r  pll_inst/inst/clkout2_buf/O
                         net (fo=35309, routed)       1.291    -2.542    student_top_inst/bridge_inst/seg_driver/clk_out2
    SLICE_X14Y245        FDCE                                         r  student_top_inst/bridge_inst/seg_driver/count_reg[4]/C
  -------------------------------------------------------------------    -------------------
    SLICE_X14Y245        FDCE (Prop_fdce_C_Q)         0.236    -2.306 r  student_top_inst/bridge_inst/seg_driver/count_reg[4]/Q
                         net (fo=50, routed)          1.460    -0.846    student_top_inst/bridge_inst/seg_driver/Q[0]
    SLICE_X32Y241        LUT3 (Prop_lut3_I1_O)        0.133    -0.713 r  student_top_inst/bridge_inst/seg_driver/virtual_seg_OBUF[6]_inst_i_4/O
                         net (fo=7, routed)           0.878     0.165    student_top_inst/bridge_inst/seg_driver/virtual_seg_OBUF[6]_inst_i_4_n_0
    SLICE_X24Y244        LUT6 (Prop_lut6_I4_O)        0.136     0.301 r  student_top_inst/bridge_inst/seg_driver/virtual_seg_OBUF[4]_inst_i_1/O
                         net (fo=2, routed)           0.587     0.888    twin_controller_inst/virtual_seg_OBUF[4]
    SLICE_X24Y244        FDCE                                         r  twin_controller_inst/status_buffer_reg[0][4]/D
  -------------------------------------------------------------------    -------------------

                         (clock clk_out1_pll rise edge)
                                                     20.000    20.000 r  
    AD12                                              0.000    20.000 r  i_sys_clk_p (IN)
                         net (fo=0)                   0.000    20.000    pll_inst/inst/clk_in1_p
    AD12                 IBUFDS (Prop_ibufds_I_O)     0.803    20.803 r  pll_inst/inst/clkin1_ibufgds/O
                         net (fo=1, routed)           1.001    21.804    pll_inst/inst/clk_in1_pll
    PLLE2_ADV_X1Y1       PLLE2_ADV (Prop_plle2_adv_CLKIN1_CLKOUT0)
                                                     -7.261    14.543 r  pll_inst/inst/plle2_adv_inst/CLKOUT0
                         net (fo=1, routed)           2.003    16.546    pll_inst/inst/clk_out1_pll
    BUFGCTRL_X0Y1        BUFG (Prop_bufg_I_O)         0.083    16.629 r  pll_inst/inst/clkout1_buf/O
                         net (fo=353, routed)         1.145    17.774    twin_controller_inst/CLK
    SLICE_X24Y244        FDCE                                         r  twin_controller_inst/status_buffer_reg[0][4]/C
                         clock pessimism             -0.598    17.177    
                         clock uncertainty           -0.225    16.951    
    SLICE_X24Y244        FDCE (Setup_fdce_C_D)       -0.022    16.929    twin_controller_inst/status_buffer_reg[0][4]
  -------------------------------------------------------------------
                         required time                         16.929    
                         arrival time                          -0.888    
  -------------------------------------------------------------------
                         slack                                 16.041    

Slack (MET) :             16.063ns  (required time - arrival time)
  Source:                 student_top_inst/bridge_inst/seg_driver/count_reg[4]/C
                            (rising edge-triggered cell FDCE clocked by clk_out2_pll  {rise@0.000ns fall@10.000ns period=20.000ns})
  Destination:            twin_controller_inst/status_buffer_reg[3][0]/D
                            (rising edge-triggered cell FDCE clocked by clk_out1_pll  {rise@0.000ns fall@10.000ns period=20.000ns})
  Path Group:             clk_out1_pll
  Path Type:              Setup (Max at Slow Process Corner)
  Requirement:            20.000ns  (clk_out1_pll rise@20.000ns - clk_out2_pll rise@0.000ns)
  Data Path Delay:        3.462ns  (logic 0.403ns (11.639%)  route 3.059ns (88.361%))
  Logic Levels:           2  (LUT3=1 LUT6=1)
  Clock Path Skew:        -0.282ns (DCD - SCD + CPR)
    Destination Clock Delay (DCD):    -2.227ns = ( 17.773 - 20.000 ) 
    Source Clock Delay      (SCD):    -2.542ns
    Clock Pessimism Removal (CPR):    -0.598ns
  Clock Uncertainty:      0.225ns  ((TSJ^2 + DJ^2)^1/2) / 2 + PE
    Total System Jitter     (TSJ):    0.071ns
    Discrete Jitter          (DJ):    0.198ns
    Phase Error              (PE):    0.120ns

    Location             Delay type                Incr(ns)  Path(ns)    Netlist Resource(s)
  -------------------------------------------------------------------    -------------------
                         (clock clk_out2_pll rise edge)
                                                      0.000     0.000 r  
    AD12                                              0.000     0.000 r  i_sys_clk_p (IN)
                         net (fo=0)                   0.000     0.000    pll_inst/inst/clk_in1_p
    AD12                 IBUFDS (Prop_ibufds_I_O)     0.906     0.906 r  pll_inst/inst/clkin1_ibufgds/O
                         net (fo=1, routed)           1.098     2.004    pll_inst/inst/clk_in1_pll
    PLLE2_ADV_X1Y1       PLLE2_ADV (Prop_plle2_adv_CLKIN1_CLKOUT1)
                                                     -8.058    -6.054 r  pll_inst/inst/plle2_adv_inst/CLKOUT1
                         net (fo=1, routed)           2.128    -3.926    pll_inst/inst/clk_out2_pll
    BUFGCTRL_X0Y0        BUFG (Prop_bufg_I_O)         0.093    -3.833 r  pll_inst/inst/clkout2_buf/O
                         net (fo=35309, routed)       1.291    -2.542    student_top_inst/bridge_inst/seg_driver/clk_out2
    SLICE_X14Y245        FDCE                                         r  student_top_inst/bridge_inst/seg_driver/count_reg[4]/C
  -------------------------------------------------------------------    -------------------
    SLICE_X14Y245        FDCE (Prop_fdce_C_Q)         0.236    -2.306 r  student_top_inst/bridge_inst/seg_driver/count_reg[4]/Q
                         net (fo=50, routed)          1.589    -0.717    student_top_inst/bridge_inst/seg_driver/Q[0]
    SLICE_X30Y241        LUT3 (Prop_lut3_I1_O)        0.124    -0.593 r  student_top_inst/bridge_inst/seg_driver/virtual_seg_OBUF[26]_inst_i_2/O
                         net (fo=7, routed)           1.470     0.877    student_top_inst/bridge_inst/seg_driver/virtual_seg_OBUF[26]_inst_i_2_n_0
    SLICE_X25Y242        LUT6 (Prop_lut6_I5_O)        0.043     0.920 r  student_top_inst/bridge_inst/seg_driver/virtual_seg_OBUF[24]_inst_i_1/O
                         net (fo=2, routed)           0.000     0.920    twin_controller_inst/virtual_seg_OBUF[20]
    SLICE_X25Y242        FDCE                                         r  twin_controller_inst/status_buffer_reg[3][0]/D
  -------------------------------------------------------------------    -------------------

                         (clock clk_out1_pll rise edge)
                                                     20.000    20.000 r  
    AD12                                              0.000    20.000 r  i_sys_clk_p (IN)
                         net (fo=0)                   0.000    20.000    pll_inst/inst/clk_in1_p
    AD12                 IBUFDS (Prop_ibufds_I_O)     0.803    20.803 r  pll_inst/inst/clkin1_ibufgds/O
                         net (fo=1, routed)           1.001    21.804    pll_inst/inst/clk_in1_pll
    PLLE2_ADV_X1Y1       PLLE2_ADV (Prop_plle2_adv_CLKIN1_CLKOUT0)
                                                     -7.261    14.543 r  pll_inst/inst/plle2_adv_inst/CLKOUT0
                         net (fo=1, routed)           2.003    16.546    pll_inst/inst/clk_out1_pll
    BUFGCTRL_X0Y1        BUFG (Prop_bufg_I_O)         0.083    16.629 r  pll_inst/inst/clkout1_buf/O
                         net (fo=353, routed)         1.144    17.773    twin_controller_inst/CLK
    SLICE_X25Y242        FDCE                                         r  twin_controller_inst/status_buffer_reg[3][0]/C
                         clock pessimism             -0.598    17.176    
                         clock uncertainty           -0.225    16.950    
    SLICE_X25Y242        FDCE (Setup_fdce_C_D)        0.033    16.983    twin_controller_inst/status_buffer_reg[3][0]
  -------------------------------------------------------------------
                         required time                         16.983    
                         arrival time                          -0.920    
  -------------------------------------------------------------------
                         slack                                 16.063    





Min Delay Paths
--------------------------------------------------------------------------------------
Slack (MET) :             0.115ns  (arrival time - required time)
  Source:                 student_top_inst/bridge_inst/seg_wdata_reg[8]/C
                            (rising edge-triggered cell FDRE clocked by clk_out2_pll  {rise@0.000ns fall@10.000ns period=20.000ns})
  Destination:            twin_controller_inst/status_buffer_reg[1][6]/D
                            (rising edge-triggered cell FDCE clocked by clk_out1_pll  {rise@0.000ns fall@10.000ns period=20.000ns})
  Path Group:             clk_out1_pll
  Path Type:              Hold (Min at Fast Process Corner)
  Requirement:            0.000ns  (clk_out1_pll rise@0.000ns - clk_out2_pll rise@0.000ns)
  Data Path Delay:        0.685ns  (logic 0.128ns (18.687%)  route 0.557ns (81.313%))
  Logic Levels:           1  (LUT6=1)
  Clock Path Skew:        0.284ns (DCD - SCD - CPR)
    Destination Clock Delay (DCD):    -0.666ns
    Source Clock Delay      (SCD):    -0.467ns
    Clock Pessimism Removal (CPR):    -0.484ns
  Clock Uncertainty:      0.225ns  ((TSJ^2 + DJ^2)^1/2) / 2 + PE
    Total System Jitter     (TSJ):    0.071ns
    Discrete Jitter          (DJ):    0.198ns
    Phase Error              (PE):    0.120ns

    Location             Delay type                Incr(ns)  Path(ns)    Netlist Resource(s)
  -------------------------------------------------------------------    -------------------
                         (clock clk_out2_pll rise edge)
                                                      0.000     0.000 r  
    AD12                                              0.000     0.000 r  i_sys_clk_p (IN)
                         net (fo=0)                   0.000     0.000    pll_inst/inst/clk_in1_p
    AD12                 IBUFDS (Prop_ibufds_I_O)     0.388     0.388 r  pll_inst/inst/clkin1_ibufgds/O
                         net (fo=1, routed)           0.503     0.891    pll_inst/inst/clk_in1_pll
    PLLE2_ADV_X1Y1       PLLE2_ADV (Prop_plle2_adv_CLKIN1_CLKOUT1)
                                                     -2.908    -2.017 r  pll_inst/inst/plle2_adv_inst/CLKOUT1
                         net (fo=1, routed)           0.958    -1.059    pll_inst/inst/clk_out2_pll
    BUFGCTRL_X0Y0        BUFG (Prop_bufg_I_O)         0.026    -1.033 r  pll_inst/inst/clkout2_buf/O
                         net (fo=35309, routed)       0.566    -0.467    student_top_inst/bridge_inst/clk_out2
    SLICE_X39Y243        FDRE                                         r  student_top_inst/bridge_inst/seg_wdata_reg[8]/C
  -------------------------------------------------------------------    -------------------
    SLICE_X39Y243        FDRE (Prop_fdre_C_Q)         0.100    -0.367 f  student_top_inst/bridge_inst/seg_wdata_reg[8]/Q
                         net (fo=8, routed)           0.557     0.190    student_top_inst/bridge_inst/seg_driver/status_buffer_reg[4][4][8]
    SLICE_X26Y246        LUT6 (Prop_lut6_I0_O)        0.028     0.218 r  student_top_inst/bridge_inst/seg_driver/virtual_seg_OBUF[14]_inst_i_1/O
                         net (fo=2, routed)           0.000     0.218    twin_controller_inst/virtual_seg_OBUF[13]
    SLICE_X26Y246        FDCE                                         r  twin_controller_inst/status_buffer_reg[1][6]/D
  -------------------------------------------------------------------    -------------------

                         (clock clk_out1_pll rise edge)
                                                      0.000     0.000 r  
    AD12                                              0.000     0.000 r  i_sys_clk_p (IN)
                         net (fo=0)                   0.000     0.000    pll_inst/inst/clk_in1_p
    AD12                 IBUFDS (Prop_ibufds_I_O)     0.470     0.470 r  pll_inst/inst/clkin1_ibufgds/O
                         net (fo=1, routed)           0.554     1.024    pll_inst/inst/clk_in1_pll
    PLLE2_ADV_X1Y1       PLLE2_ADV (Prop_plle2_adv_CLKIN1_CLKOUT0)
                                                     -3.524    -2.500 r  pll_inst/inst/plle2_adv_inst/CLKOUT0
                         net (fo=1, routed)           1.027    -1.473    pll_inst/inst/clk_out1_pll
    BUFGCTRL_X0Y1        BUFG (Prop_bufg_I_O)         0.030    -1.443 r  pll_inst/inst/clkout1_buf/O
                         net (fo=353, routed)         0.777    -0.666    twin_controller_inst/CLK
    SLICE_X26Y246        FDCE                                         r  twin_controller_inst/status_buffer_reg[1][6]/C
                         clock pessimism              0.484    -0.183    
                         clock uncertainty            0.225     0.043    
    SLICE_X26Y246        FDCE (Hold_fdce_C_D)         0.061     0.104    twin_controller_inst/status_buffer_reg[1][6]
  -------------------------------------------------------------------
                         required time                         -0.104    
                         arrival time                           0.218    
  -------------------------------------------------------------------
                         slack                                  0.115    

Slack (MET) :             0.117ns  (arrival time - required time)
  Source:                 student_top_inst/bridge_inst/seg_wdata_reg[8]/C
                            (rising edge-triggered cell FDRE clocked by clk_out2_pll  {rise@0.000ns fall@10.000ns period=20.000ns})
  Destination:            twin_controller_inst/status_buffer_reg[1][7]/D
                            (rising edge-triggered cell FDCE clocked by clk_out1_pll  {rise@0.000ns fall@10.000ns period=20.000ns})
  Path Group:             clk_out1_pll
  Path Type:              Hold (Min at Fast Process Corner)
  Requirement:            0.000ns  (clk_out1_pll rise@0.000ns - clk_out2_pll rise@0.000ns)
  Data Path Delay:        0.687ns  (logic 0.128ns (18.625%)  route 0.559ns (81.375%))
  Logic Levels:           1  (LUT6=1)
  Clock Path Skew:        0.284ns (DCD - SCD - CPR)
    Destination Clock Delay (DCD):    -0.666ns
    Source Clock Delay      (SCD):    -0.467ns
    Clock Pessimism Removal (CPR):    -0.484ns
  Clock Uncertainty:      0.225ns  ((TSJ^2 + DJ^2)^1/2) / 2 + PE
    Total System Jitter     (TSJ):    0.071ns
    Discrete Jitter          (DJ):    0.198ns
    Phase Error              (PE):    0.120ns

    Location             Delay type                Incr(ns)  Path(ns)    Netlist Resource(s)
  -------------------------------------------------------------------    -------------------
                         (clock clk_out2_pll rise edge)
                                                      0.000     0.000 r  
    AD12                                              0.000     0.000 r  i_sys_clk_p (IN)
                         net (fo=0)                   0.000     0.000    pll_inst/inst/clk_in1_p
    AD12                 IBUFDS (Prop_ibufds_I_O)     0.388     0.388 r  pll_inst/inst/clkin1_ibufgds/O
                         net (fo=1, routed)           0.503     0.891    pll_inst/inst/clk_in1_pll
    PLLE2_ADV_X1Y1       PLLE2_ADV (Prop_plle2_adv_CLKIN1_CLKOUT1)
                                                     -2.908    -2.017 r  pll_inst/inst/plle2_adv_inst/CLKOUT1
                         net (fo=1, routed)           0.958    -1.059    pll_inst/inst/clk_out2_pll
    BUFGCTRL_X0Y0        BUFG (Prop_bufg_I_O)         0.026    -1.033 r  pll_inst/inst/clkout2_buf/O
                         net (fo=35309, routed)       0.566    -0.467    student_top_inst/bridge_inst/clk_out2
    SLICE_X39Y243        FDRE                                         r  student_top_inst/bridge_inst/seg_wdata_reg[8]/C
  -------------------------------------------------------------------    -------------------
    SLICE_X39Y243        FDRE (Prop_fdre_C_Q)         0.100    -0.367 f  student_top_inst/bridge_inst/seg_wdata_reg[8]/Q
                         net (fo=8, routed)           0.559     0.193    student_top_inst/bridge_inst/seg_driver/status_buffer_reg[4][4][8]
    SLICE_X26Y246        LUT6 (Prop_lut6_I1_O)        0.028     0.221 r  student_top_inst/bridge_inst/seg_driver/virtual_seg_OBUF[15]_inst_i_1/O
                         net (fo=2, routed)           0.000     0.221    twin_controller_inst/virtual_seg_OBUF[14]
    SLICE_X26Y246        FDCE                                         r  twin_controller_inst/status_buffer_reg[1][7]/D
  -------------------------------------------------------------------    -------------------

                         (clock clk_out1_pll rise edge)
                                                      0.000     0.000 r  
    AD12                                              0.000     0.000 r  i_sys_clk_p (IN)
                         net (fo=0)                   0.000     0.000    pll_inst/inst/clk_in1_p
    AD12                 IBUFDS (Prop_ibufds_I_O)     0.470     0.470 r  pll_inst/inst/clkin1_ibufgds/O
                         net (fo=1, routed)           0.554     1.024    pll_inst/inst/clk_in1_pll
    PLLE2_ADV_X1Y1       PLLE2_ADV (Prop_plle2_adv_CLKIN1_CLKOUT0)
                                                     -3.524    -2.500 r  pll_inst/inst/plle2_adv_inst/CLKOUT0
                         net (fo=1, routed)           1.027    -1.473    pll_inst/inst/clk_out1_pll
    BUFGCTRL_X0Y1        BUFG (Prop_bufg_I_O)         0.030    -1.443 r  pll_inst/inst/clkout1_buf/O
                         net (fo=353, routed)         0.777    -0.666    twin_controller_inst/CLK
    SLICE_X26Y246        FDCE                                         r  twin_controller_inst/status_buffer_reg[1][7]/C
                         clock pessimism              0.484    -0.183    
                         clock uncertainty            0.225     0.043    
    SLICE_X26Y246        FDCE (Hold_fdce_C_D)         0.061     0.104    twin_controller_inst/status_buffer_reg[1][7]
  -------------------------------------------------------------------
                         required time                         -0.104    
                         arrival time                           0.221    
  -------------------------------------------------------------------
                         slack                                  0.117    

Slack (MET) :             0.125ns  (arrival time - required time)
  Source:                 student_top_inst/bridge_inst/seg_wdata_reg[1]/C
                            (rising edge-triggered cell FDRE clocked by clk_out2_pll  {rise@0.000ns fall@10.000ns period=20.000ns})
  Destination:            twin_controller_inst/status_buffer_reg[0][1]/D
                            (rising edge-triggered cell FDCE clocked by clk_out1_pll  {rise@0.000ns fall@10.000ns period=20.000ns})
  Path Group:             clk_out1_pll
  Path Type:              Hold (Min at Fast Process Corner)
  Requirement:            0.000ns  (clk_out1_pll rise@0.000ns - clk_out2_pll rise@0.000ns)
  Data Path Delay:        0.691ns  (logic 0.128ns (18.531%)  route 0.563ns (81.469%))
  Logic Levels:           1  (LUT6=1)
  Clock Path Skew:        0.281ns (DCD - SCD - CPR)
    Destination Clock Delay (DCD):    -0.666ns
    Source Clock Delay      (SCD):    -0.464ns
    Clock Pessimism Removal (CPR):    -0.484ns
  Clock Uncertainty:      0.225ns  ((TSJ^2 + DJ^2)^1/2) / 2 + PE
    Total System Jitter     (TSJ):    0.071ns
    Discrete Jitter          (DJ):    0.198ns
    Phase Error              (PE):    0.120ns

    Location             Delay type                Incr(ns)  Path(ns)    Netlist Resource(s)
  -------------------------------------------------------------------    -------------------
                         (clock clk_out2_pll rise edge)
                                                      0.000     0.000 r  
    AD12                                              0.000     0.000 r  i_sys_clk_p (IN)
                         net (fo=0)                   0.000     0.000    pll_inst/inst/clk_in1_p
    AD12                 IBUFDS (Prop_ibufds_I_O)     0.388     0.388 r  pll_inst/inst/clkin1_ibufgds/O
                         net (fo=1, routed)           0.503     0.891    pll_inst/inst/clk_in1_pll
    PLLE2_ADV_X1Y1       PLLE2_ADV (Prop_plle2_adv_CLKIN1_CLKOUT1)
                                                     -2.908    -2.017 r  pll_inst/inst/plle2_adv_inst/CLKOUT1
                         net (fo=1, routed)           0.958    -1.059    pll_inst/inst/clk_out2_pll
    BUFGCTRL_X0Y0        BUFG (Prop_bufg_I_O)         0.026    -1.033 r  pll_inst/inst/clkout2_buf/O
                         net (fo=35309, routed)       0.569    -0.464    student_top_inst/bridge_inst/clk_out2
    SLICE_X34Y243        FDRE                                         r  student_top_inst/bridge_inst/seg_wdata_reg[1]/C
  -------------------------------------------------------------------    -------------------
    SLICE_X34Y243        FDRE (Prop_fdre_C_Q)         0.100    -0.364 r  student_top_inst/bridge_inst/seg_wdata_reg[1]/Q
                         net (fo=5, routed)           0.563     0.199    student_top_inst/bridge_inst/seg_driver/status_buffer_reg[4][4][1]
    SLICE_X24Y245        LUT6 (Prop_lut6_I4_O)        0.028     0.227 r  student_top_inst/bridge_inst/seg_driver/virtual_seg_OBUF[1]_inst_i_1/O
                         net (fo=2, routed)           0.000     0.227    twin_controller_inst/virtual_seg_OBUF[1]
    SLICE_X24Y245        FDCE                                         r  twin_controller_inst/status_buffer_reg[0][1]/D
  -------------------------------------------------------------------    -------------------

                         (clock clk_out1_pll rise edge)
                                                      0.000     0.000 r  
    AD12                                              0.000     0.000 r  i_sys_clk_p (IN)
                         net (fo=0)                   0.000     0.000    pll_inst/inst/clk_in1_p
    AD12                 IBUFDS (Prop_ibufds_I_O)     0.470     0.470 r  pll_inst/inst/clkin1_ibufgds/O
                         net (fo=1, routed)           0.554     1.024    pll_inst/inst/clk_in1_pll
    PLLE2_ADV_X1Y1       PLLE2_ADV (Prop_plle2_adv_CLKIN1_CLKOUT0)
                                                     -3.524    -2.500 r  pll_inst/inst/plle2_adv_inst/CLKOUT0
                         net (fo=1, routed)           1.027    -1.473    pll_inst/inst/clk_out1_pll
    BUFGCTRL_X0Y1        BUFG (Prop_bufg_I_O)         0.030    -1.443 r  pll_inst/inst/clkout1_buf/O
                         net (fo=353, routed)         0.777    -0.666    twin_controller_inst/CLK
    SLICE_X24Y245        FDCE                                         r  twin_controller_inst/status_buffer_reg[0][1]/C
                         clock pessimism              0.484    -0.183    
                         clock uncertainty            0.225     0.043    
    SLICE_X24Y245        FDCE (Hold_fdce_C_D)         0.060     0.103    twin_controller_inst/status_buffer_reg[0][1]
  -------------------------------------------------------------------
                         required time                         -0.103    
                         arrival time                           0.227    
  -------------------------------------------------------------------
                         slack                                  0.125    

Slack (MET) :             0.125ns  (arrival time - required time)
  Source:                 student_top_inst/bridge_inst/seg_wdata_reg[1]/C
                            (rising edge-triggered cell FDRE clocked by clk_out2_pll  {rise@0.000ns fall@10.000ns period=20.000ns})
  Destination:            twin_controller_inst/status_buffer_reg[0][0]/D
                            (rising edge-triggered cell FDCE clocked by clk_out1_pll  {rise@0.000ns fall@10.000ns period=20.000ns})
  Path Group:             clk_out1_pll
  Path Type:              Hold (Min at Fast Process Corner)
  Requirement:            0.000ns  (clk_out1_pll rise@0.000ns - clk_out2_pll rise@0.000ns)
  Data Path Delay:        0.691ns  (logic 0.128ns (18.528%)  route 0.563ns (81.472%))
  Logic Levels:           1  (LUT6=1)
  Clock Path Skew:        0.281ns (DCD - SCD - CPR)
    Destination Clock Delay (DCD):    -0.666ns
    Source Clock Delay      (SCD):    -0.464ns
    Clock Pessimism Removal (CPR):    -0.484ns
  Clock Uncertainty:      0.225ns  ((TSJ^2 + DJ^2)^1/2) / 2 + PE
    Total System Jitter     (TSJ):    0.071ns
    Discrete Jitter          (DJ):    0.198ns
    Phase Error              (PE):    0.120ns

    Location             Delay type                Incr(ns)  Path(ns)    Netlist Resource(s)
  -------------------------------------------------------------------    -------------------
                         (clock clk_out2_pll rise edge)
                                                      0.000     0.000 r  
    AD12                                              0.000     0.000 r  i_sys_clk_p (IN)
                         net (fo=0)                   0.000     0.000    pll_inst/inst/clk_in1_p
    AD12                 IBUFDS (Prop_ibufds_I_O)     0.388     0.388 r  pll_inst/inst/clkin1_ibufgds/O
                         net (fo=1, routed)           0.503     0.891    pll_inst/inst/clk_in1_pll
    PLLE2_ADV_X1Y1       PLLE2_ADV (Prop_plle2_adv_CLKIN1_CLKOUT1)
                                                     -2.908    -2.017 r  pll_inst/inst/plle2_adv_inst/CLKOUT1
                         net (fo=1, routed)           0.958    -1.059    pll_inst/inst/clk_out2_pll
    BUFGCTRL_X0Y0        BUFG (Prop_bufg_I_O)         0.026    -1.033 r  pll_inst/inst/clkout2_buf/O
                         net (fo=35309, routed)       0.569    -0.464    student_top_inst/bridge_inst/clk_out2
    SLICE_X34Y243        FDRE                                         r  student_top_inst/bridge_inst/seg_wdata_reg[1]/C
  -------------------------------------------------------------------    -------------------
    SLICE_X34Y243        FDRE (Prop_fdre_C_Q)         0.100    -0.364 r  student_top_inst/bridge_inst/seg_wdata_reg[1]/Q
                         net (fo=5, routed)           0.563     0.199    student_top_inst/bridge_inst/seg_driver/status_buffer_reg[4][4][1]
    SLICE_X24Y245        LUT6 (Prop_lut6_I4_O)        0.028     0.227 r  student_top_inst/bridge_inst/seg_driver/virtual_seg_OBUF[0]_inst_i_1/O
                         net (fo=2, routed)           0.000     0.227    twin_controller_inst/virtual_seg_OBUF[0]
    SLICE_X24Y245        FDCE                                         r  twin_controller_inst/status_buffer_reg[0][0]/D
  -------------------------------------------------------------------    -------------------

                         (clock clk_out1_pll rise edge)
                                                      0.000     0.000 r  
    AD12                                              0.000     0.000 r  i_sys_clk_p (IN)
                         net (fo=0)                   0.000     0.000    pll_inst/inst/clk_in1_p
    AD12                 IBUFDS (Prop_ibufds_I_O)     0.470     0.470 r  pll_inst/inst/clkin1_ibufgds/O
                         net (fo=1, routed)           0.554     1.024    pll_inst/inst/clk_in1_pll
    PLLE2_ADV_X1Y1       PLLE2_ADV (Prop_plle2_adv_CLKIN1_CLKOUT0)
                                                     -3.524    -2.500 r  pll_inst/inst/plle2_adv_inst/CLKOUT0
                         net (fo=1, routed)           1.027    -1.473    pll_inst/inst/clk_out1_pll
    BUFGCTRL_X0Y1        BUFG (Prop_bufg_I_O)         0.030    -1.443 r  pll_inst/inst/clkout1_buf/O
                         net (fo=353, routed)         0.777    -0.666    twin_controller_inst/CLK
    SLICE_X24Y245        FDCE                                         r  twin_controller_inst/status_buffer_reg[0][0]/C
                         clock pessimism              0.484    -0.183    
                         clock uncertainty            0.225     0.043    
    SLICE_X24Y245        FDCE (Hold_fdce_C_D)         0.060     0.103    twin_controller_inst/status_buffer_reg[0][0]
  -------------------------------------------------------------------
                         required time                         -0.103    
                         arrival time                           0.227    
  -------------------------------------------------------------------
                         slack                                  0.125    

Slack (MET) :             0.129ns  (arrival time - required time)
  Source:                 student_top_inst/bridge_inst/seg_wdata_reg[17]/C
                            (rising edge-triggered cell FDRE clocked by clk_out2_pll  {rise@0.000ns fall@10.000ns period=20.000ns})
  Destination:            twin_controller_inst/status_buffer_reg[2][7]/D
                            (rising edge-triggered cell FDCE clocked by clk_out1_pll  {rise@0.000ns fall@10.000ns period=20.000ns})
  Path Group:             clk_out1_pll
  Path Type:              Hold (Min at Fast Process Corner)
  Requirement:            0.000ns  (clk_out1_pll rise@0.000ns - clk_out2_pll rise@0.000ns)
  Data Path Delay:        0.697ns  (logic 0.128ns (18.356%)  route 0.569ns (81.644%))
  Logic Levels:           1  (LUT6=1)
  Clock Path Skew:        0.282ns (DCD - SCD - CPR)
    Destination Clock Delay (DCD):    -0.666ns
    Source Clock Delay      (SCD):    -0.465ns
    Clock Pessimism Removal (CPR):    -0.484ns
  Clock Uncertainty:      0.225ns  ((TSJ^2 + DJ^2)^1/2) / 2 + PE
    Total System Jitter     (TSJ):    0.071ns
    Discrete Jitter          (DJ):    0.198ns
    Phase Error              (PE):    0.120ns

    Location             Delay type                Incr(ns)  Path(ns)    Netlist Resource(s)
  -------------------------------------------------------------------    -------------------
                         (clock clk_out2_pll rise edge)
                                                      0.000     0.000 r  
    AD12                                              0.000     0.000 r  i_sys_clk_p (IN)
                         net (fo=0)                   0.000     0.000    pll_inst/inst/clk_in1_p
    AD12                 IBUFDS (Prop_ibufds_I_O)     0.388     0.388 r  pll_inst/inst/clkin1_ibufgds/O
                         net (fo=1, routed)           0.503     0.891    pll_inst/inst/clk_in1_pll
    PLLE2_ADV_X1Y1       PLLE2_ADV (Prop_plle2_adv_CLKIN1_CLKOUT1)
                                                     -2.908    -2.017 r  pll_inst/inst/plle2_adv_inst/CLKOUT1
                         net (fo=1, routed)           0.958    -1.059    pll_inst/inst/clk_out2_pll
    BUFGCTRL_X0Y0        BUFG (Prop_bufg_I_O)         0.026    -1.033 r  pll_inst/inst/clkout2_buf/O
                         net (fo=35309, routed)       0.568    -0.465    student_top_inst/bridge_inst/clk_out2
    SLICE_X33Y241        FDRE                                         r  student_top_inst/bridge_inst/seg_wdata_reg[17]/C
  -------------------------------------------------------------------    -------------------
    SLICE_X33Y241        FDRE (Prop_fdre_C_Q)         0.100    -0.365 r  student_top_inst/bridge_inst/seg_wdata_reg[17]/Q
                         net (fo=5, routed)           0.569     0.205    student_top_inst/bridge_inst/seg_driver/status_buffer_reg[4][4][17]
    SLICE_X25Y243        LUT6 (Prop_lut6_I2_O)        0.028     0.233 r  student_top_inst/bridge_inst/seg_driver/virtual_seg_OBUF[23]_inst_i_1/O
                         net (fo=2, routed)           0.000     0.233    twin_controller_inst/virtual_seg_OBUF[19]
    SLICE_X25Y243        FDCE                                         r  twin_controller_inst/status_buffer_reg[2][7]/D
  -------------------------------------------------------------------    -------------------

                         (clock clk_out1_pll rise edge)
                                                      0.000     0.000 r  
    AD12                                              0.000     0.000 r  i_sys_clk_p (IN)
                         net (fo=0)                   0.000     0.000    pll_inst/inst/clk_in1_p
    AD12                 IBUFDS (Prop_ibufds_I_O)     0.470     0.470 r  pll_inst/inst/clkin1_ibufgds/O
                         net (fo=1, routed)           0.554     1.024    pll_inst/inst/clk_in1_pll
    PLLE2_ADV_X1Y1       PLLE2_ADV (Prop_plle2_adv_CLKIN1_CLKOUT0)
                                                     -3.524    -2.500 r  pll_inst/inst/plle2_adv_inst/CLKOUT0
                         net (fo=1, routed)           1.027    -1.473    pll_inst/inst/clk_out1_pll
    BUFGCTRL_X0Y1        BUFG (Prop_bufg_I_O)         0.030    -1.443 r  pll_inst/inst/clkout1_buf/O
                         net (fo=353, routed)         0.777    -0.666    twin_controller_inst/CLK
    SLICE_X25Y243        FDCE                                         r  twin_controller_inst/status_buffer_reg[2][7]/C
                         clock pessimism              0.484    -0.183    
                         clock uncertainty            0.225     0.043    
    SLICE_X25Y243        FDCE (Hold_fdce_C_D)         0.061     0.104    twin_controller_inst/status_buffer_reg[2][7]
  -------------------------------------------------------------------
                         required time                         -0.104    
                         arrival time                           0.233    
  -------------------------------------------------------------------
                         slack                                  0.129    

Slack (MET) :             0.137ns  (arrival time - required time)
  Source:                 student_top_inst/bridge_inst/seg_wdata_reg[16]/C
                            (rising edge-triggered cell FDRE clocked by clk_out2_pll  {rise@0.000ns fall@10.000ns period=20.000ns})
  Destination:            twin_controller_inst/status_buffer_reg[3][1]/D
                            (rising edge-triggered cell FDCE clocked by clk_out1_pll  {rise@0.000ns fall@10.000ns period=20.000ns})
  Path Group:             clk_out1_pll
  Path Type:              Hold (Min at Fast Process Corner)
  Requirement:            0.000ns  (clk_out1_pll rise@0.000ns - clk_out2_pll rise@0.000ns)
  Data Path Delay:        0.704ns  (logic 0.128ns (18.178%)  route 0.576ns (81.822%))
  Logic Levels:           1  (LUT6=1)
  Clock Path Skew:        0.281ns (DCD - SCD - CPR)
    Destination Clock Delay (DCD):    -0.667ns
    Source Clock Delay      (SCD):    -0.465ns
    Clock Pessimism Removal (CPR):    -0.484ns
  Clock Uncertainty:      0.225ns  ((TSJ^2 + DJ^2)^1/2) / 2 + PE
    Total System Jitter     (TSJ):    0.071ns
    Discrete Jitter          (DJ):    0.198ns
    Phase Error              (PE):    0.120ns

    Location             Delay type                Incr(ns)  Path(ns)    Netlist Resource(s)
  -------------------------------------------------------------------    -------------------
                         (clock clk_out2_pll rise edge)
                                                      0.000     0.000 r  
    AD12                                              0.000     0.000 r  i_sys_clk_p (IN)
                         net (fo=0)                   0.000     0.000    pll_inst/inst/clk_in1_p
    AD12                 IBUFDS (Prop_ibufds_I_O)     0.388     0.388 r  pll_inst/inst/clkin1_ibufgds/O
                         net (fo=1, routed)           0.503     0.891    pll_inst/inst/clk_in1_pll
    PLLE2_ADV_X1Y1       PLLE2_ADV (Prop_plle2_adv_CLKIN1_CLKOUT1)
                                                     -2.908    -2.017 r  pll_inst/inst/plle2_adv_inst/CLKOUT1
                         net (fo=1, routed)           0.958    -1.059    pll_inst/inst/clk_out2_pll
    BUFGCTRL_X0Y0        BUFG (Prop_bufg_I_O)         0.026    -1.033 r  pll_inst/inst/clkout2_buf/O
                         net (fo=35309, routed)       0.568    -0.465    student_top_inst/bridge_inst/clk_out2
    SLICE_X33Y241        FDRE                                         r  student_top_inst/bridge_inst/seg_wdata_reg[16]/C
  -------------------------------------------------------------------    -------------------
    SLICE_X33Y241        FDRE (Prop_fdre_C_Q)         0.100    -0.365 f  student_top_inst/bridge_inst/seg_wdata_reg[16]/Q
                         net (fo=6, routed)           0.576     0.212    student_top_inst/bridge_inst/seg_driver/status_buffer_reg[4][4][16]
    SLICE_X25Y242        LUT6 (Prop_lut6_I2_O)        0.028     0.240 r  student_top_inst/bridge_inst/seg_driver/virtual_seg_OBUF[25]_inst_i_1/O
                         net (fo=2, routed)           0.000     0.240    twin_controller_inst/virtual_seg_OBUF[21]
    SLICE_X25Y242        FDCE                                         r  twin_controller_inst/status_buffer_reg[3][1]/D
  -------------------------------------------------------------------    -------------------

                         (clock clk_out1_pll rise edge)
                                                      0.000     0.000 r  
    AD12                                              0.000     0.000 r  i_sys_clk_p (IN)
                         net (fo=0)                   0.000     0.000    pll_inst/inst/clk_in1_p
    AD12                 IBUFDS (Prop_ibufds_I_O)     0.470     0.470 r  pll_inst/inst/clkin1_ibufgds/O
                         net (fo=1, routed)           0.554     1.024    pll_inst/inst/clk_in1_pll
    PLLE2_ADV_X1Y1       PLLE2_ADV (Prop_plle2_adv_CLKIN1_CLKOUT0)
                                                     -3.524    -2.500 r  pll_inst/inst/plle2_adv_inst/CLKOUT0
                         net (fo=1, routed)           1.027    -1.473    pll_inst/inst/clk_out1_pll
    BUFGCTRL_X0Y1        BUFG (Prop_bufg_I_O)         0.030    -1.443 r  pll_inst/inst/clkout1_buf/O
                         net (fo=353, routed)         0.776    -0.667    twin_controller_inst/CLK
    SLICE_X25Y242        FDCE                                         r  twin_controller_inst/status_buffer_reg[3][1]/C
                         clock pessimism              0.484    -0.184    
                         clock uncertainty            0.225     0.042    
    SLICE_X25Y242        FDCE (Hold_fdce_C_D)         0.061     0.103    twin_controller_inst/status_buffer_reg[3][1]
  -------------------------------------------------------------------
                         required time                         -0.103    
                         arrival time                           0.240    
  -------------------------------------------------------------------
                         slack                                  0.137    

Slack (MET) :             0.138ns  (arrival time - required time)
  Source:                 student_top_inst/bridge_inst/seg_wdata_reg[8]/C
                            (rising edge-triggered cell FDRE clocked by clk_out2_pll  {rise@0.000ns fall@10.000ns period=20.000ns})
  Destination:            twin_controller_inst/status_buffer_reg[2][0]/D
                            (rising edge-triggered cell FDCE clocked by clk_out1_pll  {rise@0.000ns fall@10.000ns period=20.000ns})
  Path Group:             clk_out1_pll
  Path Type:              Hold (Min at Fast Process Corner)
  Requirement:            0.000ns  (clk_out1_pll rise@0.000ns - clk_out2_pll rise@0.000ns)
  Data Path Delay:        0.708ns  (logic 0.128ns (18.069%)  route 0.580ns (81.931%))
  Logic Levels:           1  (LUT6=1)
  Clock Path Skew:        0.284ns (DCD - SCD - CPR)
    Destination Clock Delay (DCD):    -0.666ns
    Source Clock Delay      (SCD):    -0.467ns
    Clock Pessimism Removal (CPR):    -0.484ns
  Clock Uncertainty:      0.225ns  ((TSJ^2 + DJ^2)^1/2) / 2 + PE
    Total System Jitter     (TSJ):    0.071ns
    Discrete Jitter          (DJ):    0.198ns
    Phase Error              (PE):    0.120ns

    Location             Delay type                Incr(ns)  Path(ns)    Netlist Resource(s)
  -------------------------------------------------------------------    -------------------
                         (clock clk_out2_pll rise edge)
                                                      0.000     0.000 r  
    AD12                                              0.000     0.000 r  i_sys_clk_p (IN)
                         net (fo=0)                   0.000     0.000    pll_inst/inst/clk_in1_p
    AD12                 IBUFDS (Prop_ibufds_I_O)     0.388     0.388 r  pll_inst/inst/clkin1_ibufgds/O
                         net (fo=1, routed)           0.503     0.891    pll_inst/inst/clk_in1_pll
    PLLE2_ADV_X1Y1       PLLE2_ADV (Prop_plle2_adv_CLKIN1_CLKOUT1)
                                                     -2.908    -2.017 r  pll_inst/inst/plle2_adv_inst/CLKOUT1
                         net (fo=1, routed)           0.958    -1.059    pll_inst/inst/clk_out2_pll
    BUFGCTRL_X0Y0        BUFG (Prop_bufg_I_O)         0.026    -1.033 r  pll_inst/inst/clkout2_buf/O
                         net (fo=35309, routed)       0.566    -0.467    student_top_inst/bridge_inst/clk_out2
    SLICE_X39Y243        FDRE                                         r  student_top_inst/bridge_inst/seg_wdata_reg[8]/C
  -------------------------------------------------------------------    -------------------
    SLICE_X39Y243        FDRE (Prop_fdre_C_Q)         0.100    -0.367 r  student_top_inst/bridge_inst/seg_wdata_reg[8]/Q
                         net (fo=8, routed)           0.580     0.214    student_top_inst/bridge_inst/seg_driver/status_buffer_reg[4][4][8]
    SLICE_X27Y245        LUT6 (Prop_lut6_I1_O)        0.028     0.242 r  student_top_inst/bridge_inst/seg_driver/virtual_seg_OBUF[16]_inst_i_1/O
                         net (fo=2, routed)           0.000     0.242    twin_controller_inst/virtual_seg_OBUF[15]
    SLICE_X27Y245        FDCE                                         r  twin_controller_inst/status_buffer_reg[2][0]/D
  -------------------------------------------------------------------    -------------------

                         (clock clk_out1_pll rise edge)
                                                      0.000     0.000 r  
    AD12                                              0.000     0.000 r  i_sys_clk_p (IN)
                         net (fo=0)                   0.000     0.000    pll_inst/inst/clk_in1_p
    AD12                 IBUFDS (Prop_ibufds_I_O)     0.470     0.470 r  pll_inst/inst/clkin1_ibufgds/O
                         net (fo=1, routed)           0.554     1.024    pll_inst/inst/clk_in1_pll
    PLLE2_ADV_X1Y1       PLLE2_ADV (Prop_plle2_adv_CLKIN1_CLKOUT0)
                                                     -3.524    -2.500 r  pll_inst/inst/plle2_adv_inst/CLKOUT0
                         net (fo=1, routed)           1.027    -1.473    pll_inst/inst/clk_out1_pll
    BUFGCTRL_X0Y1        BUFG (Prop_bufg_I_O)         0.030    -1.443 r  pll_inst/inst/clkout1_buf/O
                         net (fo=353, routed)         0.777    -0.666    twin_controller_inst/CLK
    SLICE_X27Y245        FDCE                                         r  twin_controller_inst/status_buffer_reg[2][0]/C
                         clock pessimism              0.484    -0.183    
                         clock uncertainty            0.225     0.043    
    SLICE_X27Y245        FDCE (Hold_fdce_C_D)         0.061     0.104    twin_controller_inst/status_buffer_reg[2][0]
  -------------------------------------------------------------------
                         required time                         -0.104    
                         arrival time                           0.242    
  -------------------------------------------------------------------
                         slack                                  0.138    

Slack (MET) :             0.140ns  (arrival time - required time)
  Source:                 student_top_inst/bridge_inst/seg_wdata_reg[17]/C
                            (rising edge-triggered cell FDRE clocked by clk_out2_pll  {rise@0.000ns fall@10.000ns period=20.000ns})
  Destination:            twin_controller_inst/status_buffer_reg[2][4]/D
                            (rising edge-triggered cell FDCE clocked by clk_out1_pll  {rise@0.000ns fall@10.000ns period=20.000ns})
  Path Group:             clk_out1_pll
  Path Type:              Hold (Min at Fast Process Corner)
  Requirement:            0.000ns  (clk_out1_pll rise@0.000ns - clk_out2_pll rise@0.000ns)
  Data Path Delay:        0.707ns  (logic 0.128ns (18.092%)  route 0.579ns (81.908%))
  Logic Levels:           1  (LUT6=1)
  Clock Path Skew:        0.282ns (DCD - SCD - CPR)
    Destination Clock Delay (DCD):    -0.666ns
    Source Clock Delay      (SCD):    -0.465ns
    Clock Pessimism Removal (CPR):    -0.484ns
  Clock Uncertainty:      0.225ns  ((TSJ^2 + DJ^2)^1/2) / 2 + PE
    Total System Jitter     (TSJ):    0.071ns
    Discrete Jitter          (DJ):    0.198ns
    Phase Error              (PE):    0.120ns

    Location             Delay type                Incr(ns)  Path(ns)    Netlist Resource(s)
  -------------------------------------------------------------------    -------------------
                         (clock clk_out2_pll rise edge)
                                                      0.000     0.000 r  
    AD12                                              0.000     0.000 r  i_sys_clk_p (IN)
                         net (fo=0)                   0.000     0.000    pll_inst/inst/clk_in1_p
    AD12                 IBUFDS (Prop_ibufds_I_O)     0.388     0.388 r  pll_inst/inst/clkin1_ibufgds/O
                         net (fo=1, routed)           0.503     0.891    pll_inst/inst/clk_in1_pll
    PLLE2_ADV_X1Y1       PLLE2_ADV (Prop_plle2_adv_CLKIN1_CLKOUT1)
                                                     -2.908    -2.017 r  pll_inst/inst/plle2_adv_inst/CLKOUT1
                         net (fo=1, routed)           0.958    -1.059    pll_inst/inst/clk_out2_pll
    BUFGCTRL_X0Y0        BUFG (Prop_bufg_I_O)         0.026    -1.033 r  pll_inst/inst/clkout2_buf/O
                         net (fo=35309, routed)       0.568    -0.465    student_top_inst/bridge_inst/clk_out2
    SLICE_X33Y241        FDRE                                         r  student_top_inst/bridge_inst/seg_wdata_reg[17]/C
  -------------------------------------------------------------------    -------------------
    SLICE_X33Y241        FDRE (Prop_fdre_C_Q)         0.100    -0.365 r  student_top_inst/bridge_inst/seg_wdata_reg[17]/Q
                         net (fo=5, routed)           0.579     0.215    student_top_inst/bridge_inst/seg_driver/status_buffer_reg[4][4][17]
    SLICE_X25Y243        LUT6 (Prop_lut6_I4_O)        0.028     0.243 r  student_top_inst/bridge_inst/seg_driver/virtual_seg_OBUF[20]_inst_i_1/O
                         net (fo=2, routed)           0.000     0.243    twin_controller_inst/virtual_seg_OBUF[16]
    SLICE_X25Y243        FDCE                                         r  twin_controller_inst/status_buffer_reg[2][4]/D
  -------------------------------------------------------------------    -------------------

                         (clock clk_out1_pll rise edge)
                                                      0.000     0.000 r  
    AD12                                              0.000     0.000 r  i_sys_clk_p (IN)
                         net (fo=0)                   0.000     0.000    pll_inst/inst/clk_in1_p
    AD12                 IBUFDS (Prop_ibufds_I_O)     0.470     0.470 r  pll_inst/inst/clkin1_ibufgds/O
                         net (fo=1, routed)           0.554     1.024    pll_inst/inst/clk_in1_pll
    PLLE2_ADV_X1Y1       PLLE2_ADV (Prop_plle2_adv_CLKIN1_CLKOUT0)
                                                     -3.524    -2.500 r  pll_inst/inst/plle2_adv_inst/CLKOUT0
                         net (fo=1, routed)           1.027    -1.473    pll_inst/inst/clk_out1_pll
    BUFGCTRL_X0Y1        BUFG (Prop_bufg_I_O)         0.030    -1.443 r  pll_inst/inst/clkout1_buf/O
                         net (fo=353, routed)         0.777    -0.666    twin_controller_inst/CLK
    SLICE_X25Y243        FDCE                                         r  twin_controller_inst/status_buffer_reg[2][4]/C
                         clock pessimism              0.484    -0.183    
                         clock uncertainty            0.225     0.043    
    SLICE_X25Y243        FDCE (Hold_fdce_C_D)         0.060     0.103    twin_controller_inst/status_buffer_reg[2][4]
  -------------------------------------------------------------------
                         required time                         -0.103    
                         arrival time                           0.243    
  -------------------------------------------------------------------
                         slack                                  0.140    

Slack (MET) :             0.145ns  (arrival time - required time)
  Source:                 student_top_inst/bridge_inst/LED_reg[4]/C
                            (rising edge-triggered cell FDRE clocked by clk_out2_pll  {rise@0.000ns fall@10.000ns period=20.000ns})
  Destination:            twin_controller_inst/status_buffer_reg[14][4]/D
                            (rising edge-triggered cell FDCE clocked by clk_out1_pll  {rise@0.000ns fall@10.000ns period=20.000ns})
  Path Group:             clk_out1_pll
  Path Type:              Hold (Min at Fast Process Corner)
  Requirement:            0.000ns  (clk_out1_pll rise@0.000ns - clk_out2_pll rise@0.000ns)
  Data Path Delay:        0.696ns  (logic 0.100ns (14.359%)  route 0.596ns (85.641%))
  Logic Levels:           0  
  Clock Path Skew:        0.283ns (DCD - SCD - CPR)
    Destination Clock Delay (DCD):    -0.668ns
    Source Clock Delay      (SCD):    -0.468ns
    Clock Pessimism Removal (CPR):    -0.484ns
  Clock Uncertainty:      0.225ns  ((TSJ^2 + DJ^2)^1/2) / 2 + PE
    Total System Jitter     (TSJ):    0.071ns
    Discrete Jitter          (DJ):    0.198ns
    Phase Error              (PE):    0.120ns

    Location             Delay type                Incr(ns)  Path(ns)    Netlist Resource(s)
  -------------------------------------------------------------------    -------------------
                         (clock clk_out2_pll rise edge)
                                                      0.000     0.000 r  
    AD12                                              0.000     0.000 r  i_sys_clk_p (IN)
                         net (fo=0)                   0.000     0.000    pll_inst/inst/clk_in1_p
    AD12                 IBUFDS (Prop_ibufds_I_O)     0.388     0.388 r  pll_inst/inst/clkin1_ibufgds/O
                         net (fo=1, routed)           0.503     0.891    pll_inst/inst/clk_in1_pll
    PLLE2_ADV_X1Y1       PLLE2_ADV (Prop_plle2_adv_CLKIN1_CLKOUT1)
                                                     -2.908    -2.017 r  pll_inst/inst/plle2_adv_inst/CLKOUT1
                         net (fo=1, routed)           0.958    -1.059    pll_inst/inst/clk_out2_pll
    BUFGCTRL_X0Y0        BUFG (Prop_bufg_I_O)         0.026    -1.033 r  pll_inst/inst/clkout2_buf/O
                         net (fo=35309, routed)       0.565    -0.468    student_top_inst/bridge_inst/clk_out2
    SLICE_X37Y242        FDRE                                         r  student_top_inst/bridge_inst/LED_reg[4]/C
  -------------------------------------------------------------------    -------------------
    SLICE_X37Y242        FDRE (Prop_fdre_C_Q)         0.100    -0.368 r  student_top_inst/bridge_inst/LED_reg[4]/Q
                         net (fo=1, routed)           0.596     0.229    twin_controller_inst/Q[4]
    SLICE_X28Y242        FDCE                                         r  twin_controller_inst/status_buffer_reg[14][4]/D
  -------------------------------------------------------------------    -------------------

                         (clock clk_out1_pll rise edge)
                                                      0.000     0.000 r  
    AD12                                              0.000     0.000 r  i_sys_clk_p (IN)
                         net (fo=0)                   0.000     0.000    pll_inst/inst/clk_in1_p
    AD12                 IBUFDS (Prop_ibufds_I_O)     0.470     0.470 r  pll_inst/inst/clkin1_ibufgds/O
                         net (fo=1, routed)           0.554     1.024    pll_inst/inst/clk_in1_pll
    PLLE2_ADV_X1Y1       PLLE2_ADV (Prop_plle2_adv_CLKIN1_CLKOUT0)
                                                     -3.524    -2.500 r  pll_inst/inst/plle2_adv_inst/CLKOUT0
                         net (fo=1, routed)           1.027    -1.473    pll_inst/inst/clk_out1_pll
    BUFGCTRL_X0Y1        BUFG (Prop_bufg_I_O)         0.030    -1.443 r  pll_inst/inst/clkout1_buf/O
                         net (fo=353, routed)         0.775    -0.668    twin_controller_inst/CLK
    SLICE_X28Y242        FDCE                                         r  twin_controller_inst/status_buffer_reg[14][4]/C
                         clock pessimism              0.484    -0.185    
                         clock uncertainty            0.225     0.041    
    SLICE_X28Y242        FDCE (Hold_fdce_C_D)         0.043     0.084    twin_controller_inst/status_buffer_reg[14][4]
  -------------------------------------------------------------------
                         required time                         -0.084    
                         arrival time                           0.229    
  -------------------------------------------------------------------
                         slack                                  0.145    

Slack (MET) :             0.145ns  (arrival time - required time)
  Source:                 student_top_inst/bridge_inst/LED_reg[18]/C
                            (rising edge-triggered cell FDRE clocked by clk_out2_pll  {rise@0.000ns fall@10.000ns period=20.000ns})
  Destination:            twin_controller_inst/status_buffer_reg[16][2]/D
                            (rising edge-triggered cell FDCE clocked by clk_out1_pll  {rise@0.000ns fall@10.000ns period=20.000ns})
  Path Group:             clk_out1_pll
  Path Type:              Hold (Min at Fast Process Corner)
  Requirement:            0.000ns  (clk_out1_pll rise@0.000ns - clk_out2_pll rise@0.000ns)
  Data Path Delay:        0.697ns  (logic 0.100ns (14.354%)  route 0.597ns (85.646%))
  Logic Levels:           0  
  Clock Path Skew:        0.279ns (DCD - SCD - CPR)
    Destination Clock Delay (DCD):    -0.667ns
    Source Clock Delay      (SCD):    -0.463ns
    Clock Pessimism Removal (CPR):    -0.484ns
  Clock Uncertainty:      0.225ns  ((TSJ^2 + DJ^2)^1/2) / 2 + PE
    Total System Jitter     (TSJ):    0.071ns
    Discrete Jitter          (DJ):    0.198ns
    Phase Error              (PE):    0.120ns

    Location             Delay type                Incr(ns)  Path(ns)    Netlist Resource(s)
  -------------------------------------------------------------------    -------------------
                         (clock clk_out2_pll rise edge)
                                                      0.000     0.000 r  
    AD12                                              0.000     0.000 r  i_sys_clk_p (IN)
                         net (fo=0)                   0.000     0.000    pll_inst/inst/clk_in1_p
    AD12                 IBUFDS (Prop_ibufds_I_O)     0.388     0.388 r  pll_inst/inst/clkin1_ibufgds/O
                         net (fo=1, routed)           0.503     0.891    pll_inst/inst/clk_in1_pll
    PLLE2_ADV_X1Y1       PLLE2_ADV (Prop_plle2_adv_CLKIN1_CLKOUT1)
                                                     -2.908    -2.017 r  pll_inst/inst/plle2_adv_inst/CLKOUT1
                         net (fo=1, routed)           0.958    -1.059    pll_inst/inst/clk_out2_pll
    BUFGCTRL_X0Y0        BUFG (Prop_bufg_I_O)         0.026    -1.033 r  pll_inst/inst/clkout2_buf/O
                         net (fo=35309, routed)       0.570    -0.463    student_top_inst/bridge_inst/clk_out2
    SLICE_X29Y245        FDRE                                         r  student_top_inst/bridge_inst/LED_reg[18]/C
  -------------------------------------------------------------------    -------------------
    SLICE_X29Y245        FDRE (Prop_fdre_C_Q)         0.100    -0.363 r  student_top_inst/bridge_inst/LED_reg[18]/Q
                         net (fo=1, routed)           0.597     0.234    twin_controller_inst/Q[18]
    SLICE_X28Y245        FDCE                                         r  twin_controller_inst/status_buffer_reg[16][2]/D
  -------------------------------------------------------------------    -------------------

                         (clock clk_out1_pll rise edge)
                                                      0.000     0.000 r  
    AD12                                              0.000     0.000 r  i_sys_clk_p (IN)
                         net (fo=0)                   0.000     0.000    pll_inst/inst/clk_in1_p
    AD12                 IBUFDS (Prop_ibufds_I_O)     0.470     0.470 r  pll_inst/inst/clkin1_ibufgds/O
                         net (fo=1, routed)           0.554     1.024    pll_inst/inst/clk_in1_pll
    PLLE2_ADV_X1Y1       PLLE2_ADV (Prop_plle2_adv_CLKIN1_CLKOUT0)
                                                     -3.524    -2.500 r  pll_inst/inst/plle2_adv_inst/CLKOUT0
                         net (fo=1, routed)           1.027    -1.473    pll_inst/inst/clk_out1_pll
    BUFGCTRL_X0Y1        BUFG (Prop_bufg_I_O)         0.030    -1.443 r  pll_inst/inst/clkout1_buf/O
                         net (fo=353, routed)         0.776    -0.667    twin_controller_inst/CLK
    SLICE_X28Y245        FDCE                                         r  twin_controller_inst/status_buffer_reg[16][2]/C
                         clock pessimism              0.484    -0.184    
                         clock uncertainty            0.225     0.042    
    SLICE_X28Y245        FDCE (Hold_fdce_C_D)         0.047     0.089    twin_controller_inst/status_buffer_reg[16][2]
  -------------------------------------------------------------------
                         required time                         -0.089    
                         arrival time                           0.234    
  -------------------------------------------------------------------
                         slack                                  0.145    





---------------------------------------------------------------------------------------------------
From Clock:  clk_out1_pll
  To Clock:  clk_out2_pll

Setup :            0  Failing Endpoints,  Worst Slack       15.807ns,  Total Violation        0.000ns
Hold  :            0  Failing Endpoints,  Worst Slack        0.112ns,  Total Violation        0.000ns
---------------------------------------------------------------------------------------------------


Max Delay Paths
--------------------------------------------------------------------------------------
Slack (MET) :             15.807ns  (required time - arrival time)
  Source:                 twin_controller_inst/sw_reg[7]/C
                            (rising edge-triggered cell FDCE clocked by clk_out1_pll  {rise@0.000ns fall@10.000ns period=20.000ns})
  Destination:            student_top_inst/Core_cpu/u_core/u_reg_mem_wb/o_mem_data_reg[11]/D
                            (rising edge-triggered cell FDCE clocked by clk_out2_pll  {rise@0.000ns fall@10.000ns period=20.000ns})
  Path Group:             clk_out2_pll
  Path Type:              Setup (Max at Slow Process Corner)
  Requirement:            20.000ns  (clk_out2_pll rise@20.000ns - clk_out1_pll rise@0.000ns)
  Data Path Delay:        3.716ns  (logic 0.438ns (11.788%)  route 3.278ns (88.212%))
  Logic Levels:           5  (LUT5=1 LUT6=4)
  Clock Path Skew:        -0.286ns (DCD - SCD + CPR)
    Destination Clock Delay (DCD):    -2.236ns = ( 17.764 - 20.000 ) 
    Source Clock Delay      (SCD):    -2.547ns
    Clock Pessimism Removal (CPR):    -0.598ns
  Clock Uncertainty:      0.225ns  ((TSJ^2 + DJ^2)^1/2) / 2 + PE
    Total System Jitter     (TSJ):    0.071ns
    Discrete Jitter          (DJ):    0.198ns
    Phase Error              (PE):    0.120ns

    Location             Delay type                Incr(ns)  Path(ns)    Netlist Resource(s)
  -------------------------------------------------------------------    -------------------
                         (clock clk_out1_pll rise edge)
                                                      0.000     0.000 r  
    AD12                                              0.000     0.000 r  i_sys_clk_p (IN)
                         net (fo=0)                   0.000     0.000    pll_inst/inst/clk_in1_p
    AD12                 IBUFDS (Prop_ibufds_I_O)     0.906     0.906 r  pll_inst/inst/clkin1_ibufgds/O
                         net (fo=1, routed)           1.098     2.004    pll_inst/inst/clk_in1_pll
    PLLE2_ADV_X1Y1       PLLE2_ADV (Prop_plle2_adv_CLKIN1_CLKOUT0)
                                                     -8.058    -6.054 r  pll_inst/inst/plle2_adv_inst/CLKOUT0
                         net (fo=1, routed)           2.128    -3.926    pll_inst/inst/clk_out1_pll
    BUFGCTRL_X0Y1        BUFG (Prop_bufg_I_O)         0.093    -3.833 r  pll_inst/inst/clkout1_buf/O
                         net (fo=353, routed)         1.286    -2.547    twin_controller_inst/CLK
    SLICE_X25Y245        FDCE                                         r  twin_controller_inst/sw_reg[7]/C
  -------------------------------------------------------------------    -------------------
    SLICE_X25Y245        FDCE (Prop_fdce_C_Q)         0.223    -2.324 r  twin_controller_inst/sw_reg[7]/Q
                         net (fo=3, routed)           0.926    -1.398    twin_controller_inst/virtual_sw[7]
    SLICE_X25Y244        LUT6 (Prop_lut6_I1_O)        0.043    -1.355 f  twin_controller_inst/o_mem_data[7]_i_6/O
                         net (fo=1, routed)           0.687    -0.668    student_top_inst/Core_cpu/u_core/u_reg_ex_mem/o_mem_data[7]_i_3_0
    SLICE_X32Y243        LUT6 (Prop_lut6_I1_O)        0.043    -0.625 f  student_top_inst/Core_cpu/u_core/u_reg_ex_mem/o_mem_data[7]_i_4/O
                         net (fo=1, routed)           0.667     0.042    student_top_inst/Core_cpu/u_core/u_reg_ex_mem/o_mem_data[7]_i_4_n_0
    SLICE_X34Y239        LUT5 (Prop_lut5_I3_O)        0.043     0.085 r  student_top_inst/Core_cpu/u_core/u_reg_ex_mem/o_mem_data[7]_i_3/O
                         net (fo=3, routed)           0.307     0.392    student_top_inst/Core_cpu/u_core/u_reg_ex_mem/perip_rdata[7]
    SLICE_X34Y239        LUT6 (Prop_lut6_I5_O)        0.043     0.435 r  student_top_inst/Core_cpu/u_core/u_reg_ex_mem/o_mem_data[31]_i_4/O
                         net (fo=24, routed)          0.690     1.125    student_top_inst/Core_cpu/u_core/u_reg_ex_mem/u_stage_mem/load_byte[7]
    SLICE_X36Y235        LUT6 (Prop_lut6_I2_O)        0.043     1.168 r  student_top_inst/Core_cpu/u_core/u_reg_ex_mem/o_mem_data[11]_i_1/O
                         net (fo=1, routed)           0.000     1.168    student_top_inst/Core_cpu/u_core/u_reg_mem_wb/mem_data_m[11]
    SLICE_X36Y235        FDCE                                         r  student_top_inst/Core_cpu/u_core/u_reg_mem_wb/o_mem_data_reg[11]/D
  -------------------------------------------------------------------    -------------------

                         (clock clk_out2_pll rise edge)
                                                     20.000    20.000 r  
    AD12                                              0.000    20.000 r  i_sys_clk_p (IN)
                         net (fo=0)                   0.000    20.000    pll_inst/inst/clk_in1_p
    AD12                 IBUFDS (Prop_ibufds_I_O)     0.803    20.803 r  pll_inst/inst/clkin1_ibufgds/O
                         net (fo=1, routed)           1.001    21.804    pll_inst/inst/clk_in1_pll
    PLLE2_ADV_X1Y1       PLLE2_ADV (Prop_plle2_adv_CLKIN1_CLKOUT1)
                                                     -7.261    14.543 r  pll_inst/inst/plle2_adv_inst/CLKOUT1
                         net (fo=1, routed)           2.003    16.546    pll_inst/inst/clk_out2_pll
    BUFGCTRL_X0Y0        BUFG (Prop_bufg_I_O)         0.083    16.629 r  pll_inst/inst/clkout2_buf/O
                         net (fo=35309, routed)       1.135    17.764    student_top_inst/Core_cpu/u_core/u_reg_mem_wb/clk_out2
    SLICE_X36Y235        FDCE                                         r  student_top_inst/Core_cpu/u_core/u_reg_mem_wb/o_mem_data_reg[11]/C
                         clock pessimism             -0.598    17.167    
                         clock uncertainty           -0.225    16.941    
    SLICE_X36Y235        FDCE (Setup_fdce_C_D)        0.034    16.975    student_top_inst/Core_cpu/u_core/u_reg_mem_wb/o_mem_data_reg[11]
  -------------------------------------------------------------------
                         required time                         16.975    
                         arrival time                          -1.168    
  -------------------------------------------------------------------
                         slack                                 15.807    

Slack (MET) :             15.845ns  (required time - arrival time)
  Source:                 twin_controller_inst/sw_reg[7]/C
                            (rising edge-triggered cell FDCE clocked by clk_out1_pll  {rise@0.000ns fall@10.000ns period=20.000ns})
  Destination:            student_top_inst/Core_cpu/u_core/u_reg_mem_wb/o_mem_data_reg[27]/D
                            (rising edge-triggered cell FDCE clocked by clk_out2_pll  {rise@0.000ns fall@10.000ns period=20.000ns})
  Path Group:             clk_out2_pll
  Path Type:              Setup (Max at Slow Process Corner)
  Requirement:            20.000ns  (clk_out2_pll rise@20.000ns - clk_out1_pll rise@0.000ns)
  Data Path Delay:        3.680ns  (logic 0.438ns (11.901%)  route 3.242ns (88.099%))
  Logic Levels:           5  (LUT5=1 LUT6=4)
  Clock Path Skew:        -0.283ns (DCD - SCD + CPR)
    Destination Clock Delay (DCD):    -2.233ns = ( 17.767 - 20.000 ) 
    Source Clock Delay      (SCD):    -2.547ns
    Clock Pessimism Removal (CPR):    -0.598ns
  Clock Uncertainty:      0.225ns  ((TSJ^2 + DJ^2)^1/2) / 2 + PE
    Total System Jitter     (TSJ):    0.071ns
    Discrete Jitter          (DJ):    0.198ns
    Phase Error              (PE):    0.120ns

    Location             Delay type                Incr(ns)  Path(ns)    Netlist Resource(s)
  -------------------------------------------------------------------    -------------------
                         (clock clk_out1_pll rise edge)
                                                      0.000     0.000 r  
    AD12                                              0.000     0.000 r  i_sys_clk_p (IN)
                         net (fo=0)                   0.000     0.000    pll_inst/inst/clk_in1_p
    AD12                 IBUFDS (Prop_ibufds_I_O)     0.906     0.906 r  pll_inst/inst/clkin1_ibufgds/O
                         net (fo=1, routed)           1.098     2.004    pll_inst/inst/clk_in1_pll
    PLLE2_ADV_X1Y1       PLLE2_ADV (Prop_plle2_adv_CLKIN1_CLKOUT0)
                                                     -8.058    -6.054 r  pll_inst/inst/plle2_adv_inst/CLKOUT0
                         net (fo=1, routed)           2.128    -3.926    pll_inst/inst/clk_out1_pll
    BUFGCTRL_X0Y1        BUFG (Prop_bufg_I_O)         0.093    -3.833 r  pll_inst/inst/clkout1_buf/O
                         net (fo=353, routed)         1.286    -2.547    twin_controller_inst/CLK
    SLICE_X25Y245        FDCE                                         r  twin_controller_inst/sw_reg[7]/C
  -------------------------------------------------------------------    -------------------
    SLICE_X25Y245        FDCE (Prop_fdce_C_Q)         0.223    -2.324 r  twin_controller_inst/sw_reg[7]/Q
                         net (fo=3, routed)           0.926    -1.398    twin_controller_inst/virtual_sw[7]
    SLICE_X25Y244        LUT6 (Prop_lut6_I1_O)        0.043    -1.355 f  twin_controller_inst/o_mem_data[7]_i_6/O
                         net (fo=1, routed)           0.687    -0.668    student_top_inst/Core_cpu/u_core/u_reg_ex_mem/o_mem_data[7]_i_3_0
    SLICE_X32Y243        LUT6 (Prop_lut6_I1_O)        0.043    -0.625 f  student_top_inst/Core_cpu/u_core/u_reg_ex_mem/o_mem_data[7]_i_4/O
                         net (fo=1, routed)           0.667     0.042    student_top_inst/Core_cpu/u_core/u_reg_ex_mem/o_mem_data[7]_i_4_n_0
    SLICE_X34Y239        LUT5 (Prop_lut5_I3_O)        0.043     0.085 r  student_top_inst/Core_cpu/u_core/u_reg_ex_mem/o_mem_data[7]_i_3/O
                         net (fo=3, routed)           0.307     0.392    student_top_inst/Core_cpu/u_core/u_reg_ex_mem/perip_rdata[7]
    SLICE_X34Y239        LUT6 (Prop_lut6_I5_O)        0.043     0.435 r  student_top_inst/Core_cpu/u_core/u_reg_ex_mem/o_mem_data[31]_i_4/O
                         net (fo=24, routed)          0.655     1.090    student_top_inst/Core_cpu/u_core/u_reg_ex_mem/u_stage_mem/load_byte[7]
    SLICE_X35Y235        LUT6 (Prop_lut6_I4_O)        0.043     1.133 r  student_top_inst/Core_cpu/u_core/u_reg_ex_mem/o_mem_data[27]_i_1/O
                         net (fo=1, routed)           0.000     1.133    student_top_inst/Core_cpu/u_core/u_reg_mem_wb/mem_data_m[27]
    SLICE_X35Y235        FDCE                                         r  student_top_inst/Core_cpu/u_core/u_reg_mem_wb/o_mem_data_reg[27]/D
  -------------------------------------------------------------------    -------------------

                         (clock clk_out2_pll rise edge)
                                                     20.000    20.000 r  
    AD12                                              0.000    20.000 r  i_sys_clk_p (IN)
                         net (fo=0)                   0.000    20.000    pll_inst/inst/clk_in1_p
    AD12                 IBUFDS (Prop_ibufds_I_O)     0.803    20.803 r  pll_inst/inst/clkin1_ibufgds/O
                         net (fo=1, routed)           1.001    21.804    pll_inst/inst/clk_in1_pll
    PLLE2_ADV_X1Y1       PLLE2_ADV (Prop_plle2_adv_CLKIN1_CLKOUT1)
                                                     -7.261    14.543 r  pll_inst/inst/plle2_adv_inst/CLKOUT1
                         net (fo=1, routed)           2.003    16.546    pll_inst/inst/clk_out2_pll
    BUFGCTRL_X0Y0        BUFG (Prop_bufg_I_O)         0.083    16.629 r  pll_inst/inst/clkout2_buf/O
                         net (fo=35309, routed)       1.138    17.767    student_top_inst/Core_cpu/u_core/u_reg_mem_wb/clk_out2
    SLICE_X35Y235        FDCE                                         r  student_top_inst/Core_cpu/u_core/u_reg_mem_wb/o_mem_data_reg[27]/C
                         clock pessimism             -0.598    17.170    
                         clock uncertainty           -0.225    16.944    
    SLICE_X35Y235        FDCE (Setup_fdce_C_D)        0.034    16.978    student_top_inst/Core_cpu/u_core/u_reg_mem_wb/o_mem_data_reg[27]
  -------------------------------------------------------------------
                         required time                         16.978    
                         arrival time                          -1.133    
  -------------------------------------------------------------------
                         slack                                 15.845    

Slack (MET) :             15.848ns  (required time - arrival time)
  Source:                 twin_controller_inst/sw_reg[7]/C
                            (rising edge-triggered cell FDCE clocked by clk_out1_pll  {rise@0.000ns fall@10.000ns period=20.000ns})
  Destination:            student_top_inst/Core_cpu/u_core/u_reg_mem_wb/o_mem_data_reg[26]/D
                            (rising edge-triggered cell FDCE clocked by clk_out2_pll  {rise@0.000ns fall@10.000ns period=20.000ns})
  Path Group:             clk_out2_pll
  Path Type:              Setup (Max at Slow Process Corner)
  Requirement:            20.000ns  (clk_out2_pll rise@20.000ns - clk_out1_pll rise@0.000ns)
  Data Path Delay:        3.677ns  (logic 0.438ns (11.911%)  route 3.239ns (88.089%))
  Logic Levels:           5  (LUT5=1 LUT6=4)
  Clock Path Skew:        -0.283ns (DCD - SCD + CPR)
    Destination Clock Delay (DCD):    -2.233ns = ( 17.767 - 20.000 ) 
    Source Clock Delay      (SCD):    -2.547ns
    Clock Pessimism Removal (CPR):    -0.598ns
  Clock Uncertainty:      0.225ns  ((TSJ^2 + DJ^2)^1/2) / 2 + PE
    Total System Jitter     (TSJ):    0.071ns
    Discrete Jitter          (DJ):    0.198ns
    Phase Error              (PE):    0.120ns

    Location             Delay type                Incr(ns)  Path(ns)    Netlist Resource(s)
  -------------------------------------------------------------------    -------------------
                         (clock clk_out1_pll rise edge)
                                                      0.000     0.000 r  
    AD12                                              0.000     0.000 r  i_sys_clk_p (IN)
                         net (fo=0)                   0.000     0.000    pll_inst/inst/clk_in1_p
    AD12                 IBUFDS (Prop_ibufds_I_O)     0.906     0.906 r  pll_inst/inst/clkin1_ibufgds/O
                         net (fo=1, routed)           1.098     2.004    pll_inst/inst/clk_in1_pll
    PLLE2_ADV_X1Y1       PLLE2_ADV (Prop_plle2_adv_CLKIN1_CLKOUT0)
                                                     -8.058    -6.054 r  pll_inst/inst/plle2_adv_inst/CLKOUT0
                         net (fo=1, routed)           2.128    -3.926    pll_inst/inst/clk_out1_pll
    BUFGCTRL_X0Y1        BUFG (Prop_bufg_I_O)         0.093    -3.833 r  pll_inst/inst/clkout1_buf/O
                         net (fo=353, routed)         1.286    -2.547    twin_controller_inst/CLK
    SLICE_X25Y245        FDCE                                         r  twin_controller_inst/sw_reg[7]/C
  -------------------------------------------------------------------    -------------------
    SLICE_X25Y245        FDCE (Prop_fdce_C_Q)         0.223    -2.324 r  twin_controller_inst/sw_reg[7]/Q
                         net (fo=3, routed)           0.926    -1.398    twin_controller_inst/virtual_sw[7]
    SLICE_X25Y244        LUT6 (Prop_lut6_I1_O)        0.043    -1.355 f  twin_controller_inst/o_mem_data[7]_i_6/O
                         net (fo=1, routed)           0.687    -0.668    student_top_inst/Core_cpu/u_core/u_reg_ex_mem/o_mem_data[7]_i_3_0
    SLICE_X32Y243        LUT6 (Prop_lut6_I1_O)        0.043    -0.625 f  student_top_inst/Core_cpu/u_core/u_reg_ex_mem/o_mem_data[7]_i_4/O
                         net (fo=1, routed)           0.667     0.042    student_top_inst/Core_cpu/u_core/u_reg_ex_mem/o_mem_data[7]_i_4_n_0
    SLICE_X34Y239        LUT5 (Prop_lut5_I3_O)        0.043     0.085 r  student_top_inst/Core_cpu/u_core/u_reg_ex_mem/o_mem_data[7]_i_3/O
                         net (fo=3, routed)           0.307     0.392    student_top_inst/Core_cpu/u_core/u_reg_ex_mem/perip_rdata[7]
    SLICE_X34Y239        LUT6 (Prop_lut6_I5_O)        0.043     0.435 r  student_top_inst/Core_cpu/u_core/u_reg_ex_mem/o_mem_data[31]_i_4/O
                         net (fo=24, routed)          0.652     1.087    student_top_inst/Core_cpu/u_core/u_reg_ex_mem/u_stage_mem/load_byte[7]
    SLICE_X35Y235        LUT6 (Prop_lut6_I4_O)        0.043     1.130 r  student_top_inst/Core_cpu/u_core/u_reg_ex_mem/o_mem_data[26]_i_1/O
                         net (fo=1, routed)           0.000     1.130    student_top_inst/Core_cpu/u_core/u_reg_mem_wb/mem_data_m[26]
    SLICE_X35Y235        FDCE                                         r  student_top_inst/Core_cpu/u_core/u_reg_mem_wb/o_mem_data_reg[26]/D
  -------------------------------------------------------------------    -------------------

                         (clock clk_out2_pll rise edge)
                                                     20.000    20.000 r  
    AD12                                              0.000    20.000 r  i_sys_clk_p (IN)
                         net (fo=0)                   0.000    20.000    pll_inst/inst/clk_in1_p
    AD12                 IBUFDS (Prop_ibufds_I_O)     0.803    20.803 r  pll_inst/inst/clkin1_ibufgds/O
                         net (fo=1, routed)           1.001    21.804    pll_inst/inst/clk_in1_pll
    PLLE2_ADV_X1Y1       PLLE2_ADV (Prop_plle2_adv_CLKIN1_CLKOUT1)
                                                     -7.261    14.543 r  pll_inst/inst/plle2_adv_inst/CLKOUT1
                         net (fo=1, routed)           2.003    16.546    pll_inst/inst/clk_out2_pll
    BUFGCTRL_X0Y0        BUFG (Prop_bufg_I_O)         0.083    16.629 r  pll_inst/inst/clkout2_buf/O
                         net (fo=35309, routed)       1.138    17.767    student_top_inst/Core_cpu/u_core/u_reg_mem_wb/clk_out2
    SLICE_X35Y235        FDCE                                         r  student_top_inst/Core_cpu/u_core/u_reg_mem_wb/o_mem_data_reg[26]/C
                         clock pessimism             -0.598    17.170    
                         clock uncertainty           -0.225    16.944    
    SLICE_X35Y235        FDCE (Setup_fdce_C_D)        0.034    16.978    student_top_inst/Core_cpu/u_core/u_reg_mem_wb/o_mem_data_reg[26]
  -------------------------------------------------------------------
                         required time                         16.978    
                         arrival time                          -1.130    
  -------------------------------------------------------------------
                         slack                                 15.848    

Slack (MET) :             15.932ns  (required time - arrival time)
  Source:                 twin_controller_inst/sw_reg[7]/C
                            (rising edge-triggered cell FDCE clocked by clk_out1_pll  {rise@0.000ns fall@10.000ns period=20.000ns})
  Destination:            student_top_inst/Core_cpu/u_core/u_reg_mem_wb/o_mem_data_reg[8]/D
                            (rising edge-triggered cell FDCE clocked by clk_out2_pll  {rise@0.000ns fall@10.000ns period=20.000ns})
  Path Group:             clk_out2_pll
  Path Type:              Setup (Max at Slow Process Corner)
  Requirement:            20.000ns  (clk_out2_pll rise@20.000ns - clk_out1_pll rise@0.000ns)
  Data Path Delay:        3.595ns  (logic 0.438ns (12.185%)  route 3.157ns (87.815%))
  Logic Levels:           5  (LUT5=1 LUT6=4)
  Clock Path Skew:        -0.282ns (DCD - SCD + CPR)
    Destination Clock Delay (DCD):    -2.232ns = ( 17.768 - 20.000 ) 
    Source Clock Delay      (SCD):    -2.547ns
    Clock Pessimism Removal (CPR):    -0.598ns
  Clock Uncertainty:      0.225ns  ((TSJ^2 + DJ^2)^1/2) / 2 + PE
    Total System Jitter     (TSJ):    0.071ns
    Discrete Jitter          (DJ):    0.198ns
    Phase Error              (PE):    0.120ns

    Location             Delay type                Incr(ns)  Path(ns)    Netlist Resource(s)
  -------------------------------------------------------------------    -------------------
                         (clock clk_out1_pll rise edge)
                                                      0.000     0.000 r  
    AD12                                              0.000     0.000 r  i_sys_clk_p (IN)
                         net (fo=0)                   0.000     0.000    pll_inst/inst/clk_in1_p
    AD12                 IBUFDS (Prop_ibufds_I_O)     0.906     0.906 r  pll_inst/inst/clkin1_ibufgds/O
                         net (fo=1, routed)           1.098     2.004    pll_inst/inst/clk_in1_pll
    PLLE2_ADV_X1Y1       PLLE2_ADV (Prop_plle2_adv_CLKIN1_CLKOUT0)
                                                     -8.058    -6.054 r  pll_inst/inst/plle2_adv_inst/CLKOUT0
                         net (fo=1, routed)           2.128    -3.926    pll_inst/inst/clk_out1_pll
    BUFGCTRL_X0Y1        BUFG (Prop_bufg_I_O)         0.093    -3.833 r  pll_inst/inst/clkout1_buf/O
                         net (fo=353, routed)         1.286    -2.547    twin_controller_inst/CLK
    SLICE_X25Y245        FDCE                                         r  twin_controller_inst/sw_reg[7]/C
  -------------------------------------------------------------------    -------------------
    SLICE_X25Y245        FDCE (Prop_fdce_C_Q)         0.223    -2.324 r  twin_controller_inst/sw_reg[7]/Q
                         net (fo=3, routed)           0.926    -1.398    twin_controller_inst/virtual_sw[7]
    SLICE_X25Y244        LUT6 (Prop_lut6_I1_O)        0.043    -1.355 f  twin_controller_inst/o_mem_data[7]_i_6/O
                         net (fo=1, routed)           0.687    -0.668    student_top_inst/Core_cpu/u_core/u_reg_ex_mem/o_mem_data[7]_i_3_0
    SLICE_X32Y243        LUT6 (Prop_lut6_I1_O)        0.043    -0.625 f  student_top_inst/Core_cpu/u_core/u_reg_ex_mem/o_mem_data[7]_i_4/O
                         net (fo=1, routed)           0.667     0.042    student_top_inst/Core_cpu/u_core/u_reg_ex_mem/o_mem_data[7]_i_4_n_0
    SLICE_X34Y239        LUT5 (Prop_lut5_I3_O)        0.043     0.085 r  student_top_inst/Core_cpu/u_core/u_reg_ex_mem/o_mem_data[7]_i_3/O
                         net (fo=3, routed)           0.307     0.392    student_top_inst/Core_cpu/u_core/u_reg_ex_mem/perip_rdata[7]
    SLICE_X34Y239        LUT6 (Prop_lut6_I5_O)        0.043     0.435 r  student_top_inst/Core_cpu/u_core/u_reg_ex_mem/o_mem_data[31]_i_4/O
                         net (fo=24, routed)          0.569     1.004    student_top_inst/Core_cpu/u_core/u_reg_ex_mem/u_stage_mem/load_byte[7]
    SLICE_X34Y238        LUT6 (Prop_lut6_I2_O)        0.043     1.047 r  student_top_inst/Core_cpu/u_core/u_reg_ex_mem/o_mem_data[8]_i_1/O
                         net (fo=1, routed)           0.000     1.047    student_top_inst/Core_cpu/u_core/u_reg_mem_wb/mem_data_m[8]
    SLICE_X34Y238        FDCE                                         r  student_top_inst/Core_cpu/u_core/u_reg_mem_wb/o_mem_data_reg[8]/D
  -------------------------------------------------------------------    -------------------

                         (clock clk_out2_pll rise edge)
                                                     20.000    20.000 r  
    AD12                                              0.000    20.000 r  i_sys_clk_p (IN)
                         net (fo=0)                   0.000    20.000    pll_inst/inst/clk_in1_p
    AD12                 IBUFDS (Prop_ibufds_I_O)     0.803    20.803 r  pll_inst/inst/clkin1_ibufgds/O
                         net (fo=1, routed)           1.001    21.804    pll_inst/inst/clk_in1_pll
    PLLE2_ADV_X1Y1       PLLE2_ADV (Prop_plle2_adv_CLKIN1_CLKOUT1)
                                                     -7.261    14.543 r  pll_inst/inst/plle2_adv_inst/CLKOUT1
                         net (fo=1, routed)           2.003    16.546    pll_inst/inst/clk_out2_pll
    BUFGCTRL_X0Y0        BUFG (Prop_bufg_I_O)         0.083    16.629 r  pll_inst/inst/clkout2_buf/O
                         net (fo=35309, routed)       1.139    17.768    student_top_inst/Core_cpu/u_core/u_reg_mem_wb/clk_out2
    SLICE_X34Y238        FDCE                                         r  student_top_inst/Core_cpu/u_core/u_reg_mem_wb/o_mem_data_reg[8]/C
                         clock pessimism             -0.598    17.171    
                         clock uncertainty           -0.225    16.945    
    SLICE_X34Y238        FDCE (Setup_fdce_C_D)        0.034    16.979    student_top_inst/Core_cpu/u_core/u_reg_mem_wb/o_mem_data_reg[8]
  -------------------------------------------------------------------
                         required time                         16.979    
                         arrival time                          -1.047    
  -------------------------------------------------------------------
                         slack                                 15.932    

Slack (MET) :             15.949ns  (required time - arrival time)
  Source:                 twin_controller_inst/sw_reg[7]/C
                            (rising edge-triggered cell FDCE clocked by clk_out1_pll  {rise@0.000ns fall@10.000ns period=20.000ns})
  Destination:            student_top_inst/Core_cpu/u_core/u_reg_mem_wb/o_mem_data_reg[10]/D
                            (rising edge-triggered cell FDCE clocked by clk_out2_pll  {rise@0.000ns fall@10.000ns period=20.000ns})
  Path Group:             clk_out2_pll
  Path Type:              Setup (Max at Slow Process Corner)
  Requirement:            20.000ns  (clk_out2_pll rise@20.000ns - clk_out1_pll rise@0.000ns)
  Data Path Delay:        3.574ns  (logic 0.438ns (12.256%)  route 3.136ns (87.744%))
  Logic Levels:           5  (LUT5=1 LUT6=4)
  Clock Path Skew:        -0.286ns (DCD - SCD + CPR)
    Destination Clock Delay (DCD):    -2.236ns = ( 17.764 - 20.000 ) 
    Source Clock Delay      (SCD):    -2.547ns
    Clock Pessimism Removal (CPR):    -0.598ns
  Clock Uncertainty:      0.225ns  ((TSJ^2 + DJ^2)^1/2) / 2 + PE
    Total System Jitter     (TSJ):    0.071ns
    Discrete Jitter          (DJ):    0.198ns
    Phase Error              (PE):    0.120ns

    Location             Delay type                Incr(ns)  Path(ns)    Netlist Resource(s)
  -------------------------------------------------------------------    -------------------
                         (clock clk_out1_pll rise edge)
                                                      0.000     0.000 r  
    AD12                                              0.000     0.000 r  i_sys_clk_p (IN)
                         net (fo=0)                   0.000     0.000    pll_inst/inst/clk_in1_p
    AD12                 IBUFDS (Prop_ibufds_I_O)     0.906     0.906 r  pll_inst/inst/clkin1_ibufgds/O
                         net (fo=1, routed)           1.098     2.004    pll_inst/inst/clk_in1_pll
    PLLE2_ADV_X1Y1       PLLE2_ADV (Prop_plle2_adv_CLKIN1_CLKOUT0)
                                                     -8.058    -6.054 r  pll_inst/inst/plle2_adv_inst/CLKOUT0
                         net (fo=1, routed)           2.128    -3.926    pll_inst/inst/clk_out1_pll
    BUFGCTRL_X0Y1        BUFG (Prop_bufg_I_O)         0.093    -3.833 r  pll_inst/inst/clkout1_buf/O
                         net (fo=353, routed)         1.286    -2.547    twin_controller_inst/CLK
    SLICE_X25Y245        FDCE                                         r  twin_controller_inst/sw_reg[7]/C
  -------------------------------------------------------------------    -------------------
    SLICE_X25Y245        FDCE (Prop_fdce_C_Q)         0.223    -2.324 r  twin_controller_inst/sw_reg[7]/Q
                         net (fo=3, routed)           0.926    -1.398    twin_controller_inst/virtual_sw[7]
    SLICE_X25Y244        LUT6 (Prop_lut6_I1_O)        0.043    -1.355 f  twin_controller_inst/o_mem_data[7]_i_6/O
                         net (fo=1, routed)           0.687    -0.668    student_top_inst/Core_cpu/u_core/u_reg_ex_mem/o_mem_data[7]_i_3_0
    SLICE_X32Y243        LUT6 (Prop_lut6_I1_O)        0.043    -0.625 f  student_top_inst/Core_cpu/u_core/u_reg_ex_mem/o_mem_data[7]_i_4/O
                         net (fo=1, routed)           0.667     0.042    student_top_inst/Core_cpu/u_core/u_reg_ex_mem/o_mem_data[7]_i_4_n_0
    SLICE_X34Y239        LUT5 (Prop_lut5_I3_O)        0.043     0.085 r  student_top_inst/Core_cpu/u_core/u_reg_ex_mem/o_mem_data[7]_i_3/O
                         net (fo=3, routed)           0.307     0.392    student_top_inst/Core_cpu/u_core/u_reg_ex_mem/perip_rdata[7]
    SLICE_X34Y239        LUT6 (Prop_lut6_I5_O)        0.043     0.435 r  student_top_inst/Core_cpu/u_core/u_reg_ex_mem/o_mem_data[31]_i_4/O
                         net (fo=24, routed)          0.549     0.984    student_top_inst/Core_cpu/u_core/u_reg_ex_mem/u_stage_mem/load_byte[7]
    SLICE_X36Y235        LUT6 (Prop_lut6_I2_O)        0.043     1.027 r  student_top_inst/Core_cpu/u_core/u_reg_ex_mem/o_mem_data[10]_i_1/O
                         net (fo=1, routed)           0.000     1.027    student_top_inst/Core_cpu/u_core/u_reg_mem_wb/mem_data_m[10]
    SLICE_X36Y235        FDCE                                         r  student_top_inst/Core_cpu/u_core/u_reg_mem_wb/o_mem_data_reg[10]/D
  -------------------------------------------------------------------    -------------------

                         (clock clk_out2_pll rise edge)
                                                     20.000    20.000 r  
    AD12                                              0.000    20.000 r  i_sys_clk_p (IN)
                         net (fo=0)                   0.000    20.000    pll_inst/inst/clk_in1_p
    AD12                 IBUFDS (Prop_ibufds_I_O)     0.803    20.803 r  pll_inst/inst/clkin1_ibufgds/O
                         net (fo=1, routed)           1.001    21.804    pll_inst/inst/clk_in1_pll
    PLLE2_ADV_X1Y1       PLLE2_ADV (Prop_plle2_adv_CLKIN1_CLKOUT1)
                                                     -7.261    14.543 r  pll_inst/inst/plle2_adv_inst/CLKOUT1
                         net (fo=1, routed)           2.003    16.546    pll_inst/inst/clk_out2_pll
    BUFGCTRL_X0Y0        BUFG (Prop_bufg_I_O)         0.083    16.629 r  pll_inst/inst/clkout2_buf/O
                         net (fo=35309, routed)       1.135    17.764    student_top_inst/Core_cpu/u_core/u_reg_mem_wb/clk_out2
    SLICE_X36Y235        FDCE                                         r  student_top_inst/Core_cpu/u_core/u_reg_mem_wb/o_mem_data_reg[10]/C
                         clock pessimism             -0.598    17.167    
                         clock uncertainty           -0.225    16.941    
    SLICE_X36Y235        FDCE (Setup_fdce_C_D)        0.034    16.975    student_top_inst/Core_cpu/u_core/u_reg_mem_wb/o_mem_data_reg[10]
  -------------------------------------------------------------------
                         required time                         16.975    
                         arrival time                          -1.027    
  -------------------------------------------------------------------
                         slack                                 15.949    

Slack (MET) :             15.971ns  (required time - arrival time)
  Source:                 twin_controller_inst/sw_reg[7]/C
                            (rising edge-triggered cell FDCE clocked by clk_out1_pll  {rise@0.000ns fall@10.000ns period=20.000ns})
  Destination:            student_top_inst/Core_cpu/u_core/u_reg_mem_wb/o_mem_data_reg[19]/D
                            (rising edge-triggered cell FDCE clocked by clk_out2_pll  {rise@0.000ns fall@10.000ns period=20.000ns})
  Path Group:             clk_out2_pll
  Path Type:              Setup (Max at Slow Process Corner)
  Requirement:            20.000ns  (clk_out2_pll rise@20.000ns - clk_out1_pll rise@0.000ns)
  Data Path Delay:        3.555ns  (logic 0.438ns (12.322%)  route 3.117ns (87.678%))
  Logic Levels:           5  (LUT5=1 LUT6=4)
  Clock Path Skew:        -0.283ns (DCD - SCD + CPR)
    Destination Clock Delay (DCD):    -2.233ns = ( 17.767 - 20.000 ) 
    Source Clock Delay      (SCD):    -2.547ns
    Clock Pessimism Removal (CPR):    -0.598ns
  Clock Uncertainty:      0.225ns  ((TSJ^2 + DJ^2)^1/2) / 2 + PE
    Total System Jitter     (TSJ):    0.071ns
    Discrete Jitter          (DJ):    0.198ns
    Phase Error              (PE):    0.120ns

    Location             Delay type                Incr(ns)  Path(ns)    Netlist Resource(s)
  -------------------------------------------------------------------    -------------------
                         (clock clk_out1_pll rise edge)
                                                      0.000     0.000 r  
    AD12                                              0.000     0.000 r  i_sys_clk_p (IN)
                         net (fo=0)                   0.000     0.000    pll_inst/inst/clk_in1_p
    AD12                 IBUFDS (Prop_ibufds_I_O)     0.906     0.906 r  pll_inst/inst/clkin1_ibufgds/O
                         net (fo=1, routed)           1.098     2.004    pll_inst/inst/clk_in1_pll
    PLLE2_ADV_X1Y1       PLLE2_ADV (Prop_plle2_adv_CLKIN1_CLKOUT0)
                                                     -8.058    -6.054 r  pll_inst/inst/plle2_adv_inst/CLKOUT0
                         net (fo=1, routed)           2.128    -3.926    pll_inst/inst/clk_out1_pll
    BUFGCTRL_X0Y1        BUFG (Prop_bufg_I_O)         0.093    -3.833 r  pll_inst/inst/clkout1_buf/O
                         net (fo=353, routed)         1.286    -2.547    twin_controller_inst/CLK
    SLICE_X25Y245        FDCE                                         r  twin_controller_inst/sw_reg[7]/C
  -------------------------------------------------------------------    -------------------
    SLICE_X25Y245        FDCE (Prop_fdce_C_Q)         0.223    -2.324 r  twin_controller_inst/sw_reg[7]/Q
                         net (fo=3, routed)           0.926    -1.398    twin_controller_inst/virtual_sw[7]
    SLICE_X25Y244        LUT6 (Prop_lut6_I1_O)        0.043    -1.355 f  twin_controller_inst/o_mem_data[7]_i_6/O
                         net (fo=1, routed)           0.687    -0.668    student_top_inst/Core_cpu/u_core/u_reg_ex_mem/o_mem_data[7]_i_3_0
    SLICE_X32Y243        LUT6 (Prop_lut6_I1_O)        0.043    -0.625 f  student_top_inst/Core_cpu/u_core/u_reg_ex_mem/o_mem_data[7]_i_4/O
                         net (fo=1, routed)           0.667     0.042    student_top_inst/Core_cpu/u_core/u_reg_ex_mem/o_mem_data[7]_i_4_n_0
    SLICE_X34Y239        LUT5 (Prop_lut5_I3_O)        0.043     0.085 r  student_top_inst/Core_cpu/u_core/u_reg_ex_mem/o_mem_data[7]_i_3/O
                         net (fo=3, routed)           0.307     0.392    student_top_inst/Core_cpu/u_core/u_reg_ex_mem/perip_rdata[7]
    SLICE_X34Y239        LUT6 (Prop_lut6_I5_O)        0.043     0.435 r  student_top_inst/Core_cpu/u_core/u_reg_ex_mem/o_mem_data[31]_i_4/O
                         net (fo=24, routed)          0.529     0.964    student_top_inst/Core_cpu/u_core/u_reg_ex_mem/u_stage_mem/load_byte[7]
    SLICE_X34Y235        LUT6 (Prop_lut6_I4_O)        0.043     1.007 r  student_top_inst/Core_cpu/u_core/u_reg_ex_mem/o_mem_data[19]_i_1/O
                         net (fo=1, routed)           0.000     1.007    student_top_inst/Core_cpu/u_core/u_reg_mem_wb/mem_data_m[19]
    SLICE_X34Y235        FDCE                                         r  student_top_inst/Core_cpu/u_core/u_reg_mem_wb/o_mem_data_reg[19]/D
  -------------------------------------------------------------------    -------------------

                         (clock clk_out2_pll rise edge)
                                                     20.000    20.000 r  
    AD12                                              0.000    20.000 r  i_sys_clk_p (IN)
                         net (fo=0)                   0.000    20.000    pll_inst/inst/clk_in1_p
    AD12                 IBUFDS (Prop_ibufds_I_O)     0.803    20.803 r  pll_inst/inst/clkin1_ibufgds/O
                         net (fo=1, routed)           1.001    21.804    pll_inst/inst/clk_in1_pll
    PLLE2_ADV_X1Y1       PLLE2_ADV (Prop_plle2_adv_CLKIN1_CLKOUT1)
                                                     -7.261    14.543 r  pll_inst/inst/plle2_adv_inst/CLKOUT1
                         net (fo=1, routed)           2.003    16.546    pll_inst/inst/clk_out2_pll
    BUFGCTRL_X0Y0        BUFG (Prop_bufg_I_O)         0.083    16.629 r  pll_inst/inst/clkout2_buf/O
                         net (fo=35309, routed)       1.138    17.767    student_top_inst/Core_cpu/u_core/u_reg_mem_wb/clk_out2
    SLICE_X34Y235        FDCE                                         r  student_top_inst/Core_cpu/u_core/u_reg_mem_wb/o_mem_data_reg[19]/C
                         clock pessimism             -0.598    17.170    
                         clock uncertainty           -0.225    16.944    
    SLICE_X34Y235        FDCE (Setup_fdce_C_D)        0.034    16.978    student_top_inst/Core_cpu/u_core/u_reg_mem_wb/o_mem_data_reg[19]
  -------------------------------------------------------------------
                         required time                         16.978    
                         arrival time                          -1.007    
  -------------------------------------------------------------------
                         slack                                 15.971    

Slack (MET) :             15.993ns  (required time - arrival time)
  Source:                 twin_controller_inst/sw_reg[7]/C
                            (rising edge-triggered cell FDCE clocked by clk_out1_pll  {rise@0.000ns fall@10.000ns period=20.000ns})
  Destination:            student_top_inst/Core_cpu/u_core/u_reg_mem_wb/o_mem_data_reg[17]/D
                            (rising edge-triggered cell FDCE clocked by clk_out2_pll  {rise@0.000ns fall@10.000ns period=20.000ns})
  Path Group:             clk_out2_pll
  Path Type:              Setup (Max at Slow Process Corner)
  Requirement:            20.000ns  (clk_out2_pll rise@20.000ns - clk_out1_pll rise@0.000ns)
  Data Path Delay:        3.533ns  (logic 0.438ns (12.398%)  route 3.095ns (87.602%))
  Logic Levels:           5  (LUT5=1 LUT6=4)
  Clock Path Skew:        -0.282ns (DCD - SCD + CPR)
    Destination Clock Delay (DCD):    -2.232ns = ( 17.768 - 20.000 ) 
    Source Clock Delay      (SCD):    -2.547ns
    Clock Pessimism Removal (CPR):    -0.598ns
  Clock Uncertainty:      0.225ns  ((TSJ^2 + DJ^2)^1/2) / 2 + PE
    Total System Jitter     (TSJ):    0.071ns
    Discrete Jitter          (DJ):    0.198ns
    Phase Error              (PE):    0.120ns

    Location             Delay type                Incr(ns)  Path(ns)    Netlist Resource(s)
  -------------------------------------------------------------------    -------------------
                         (clock clk_out1_pll rise edge)
                                                      0.000     0.000 r  
    AD12                                              0.000     0.000 r  i_sys_clk_p (IN)
                         net (fo=0)                   0.000     0.000    pll_inst/inst/clk_in1_p
    AD12                 IBUFDS (Prop_ibufds_I_O)     0.906     0.906 r  pll_inst/inst/clkin1_ibufgds/O
                         net (fo=1, routed)           1.098     2.004    pll_inst/inst/clk_in1_pll
    PLLE2_ADV_X1Y1       PLLE2_ADV (Prop_plle2_adv_CLKIN1_CLKOUT0)
                                                     -8.058    -6.054 r  pll_inst/inst/plle2_adv_inst/CLKOUT0
                         net (fo=1, routed)           2.128    -3.926    pll_inst/inst/clk_out1_pll
    BUFGCTRL_X0Y1        BUFG (Prop_bufg_I_O)         0.093    -3.833 r  pll_inst/inst/clkout1_buf/O
                         net (fo=353, routed)         1.286    -2.547    twin_controller_inst/CLK
    SLICE_X25Y245        FDCE                                         r  twin_controller_inst/sw_reg[7]/C
  -------------------------------------------------------------------    -------------------
    SLICE_X25Y245        FDCE (Prop_fdce_C_Q)         0.223    -2.324 r  twin_controller_inst/sw_reg[7]/Q
                         net (fo=3, routed)           0.926    -1.398    twin_controller_inst/virtual_sw[7]
    SLICE_X25Y244        LUT6 (Prop_lut6_I1_O)        0.043    -1.355 f  twin_controller_inst/o_mem_data[7]_i_6/O
                         net (fo=1, routed)           0.687    -0.668    student_top_inst/Core_cpu/u_core/u_reg_ex_mem/o_mem_data[7]_i_3_0
    SLICE_X32Y243        LUT6 (Prop_lut6_I1_O)        0.043    -0.625 f  student_top_inst/Core_cpu/u_core/u_reg_ex_mem/o_mem_data[7]_i_4/O
                         net (fo=1, routed)           0.667     0.042    student_top_inst/Core_cpu/u_core/u_reg_ex_mem/o_mem_data[7]_i_4_n_0
    SLICE_X34Y239        LUT5 (Prop_lut5_I3_O)        0.043     0.085 r  student_top_inst/Core_cpu/u_core/u_reg_ex_mem/o_mem_data[7]_i_3/O
                         net (fo=3, routed)           0.307     0.392    student_top_inst/Core_cpu/u_core/u_reg_ex_mem/perip_rdata[7]
    SLICE_X34Y239        LUT6 (Prop_lut6_I5_O)        0.043     0.435 r  student_top_inst/Core_cpu/u_core/u_reg_ex_mem/o_mem_data[31]_i_4/O
                         net (fo=24, routed)          0.508     0.942    student_top_inst/Core_cpu/u_core/u_reg_ex_mem/u_stage_mem/load_byte[7]
    SLICE_X35Y237        LUT6 (Prop_lut6_I4_O)        0.043     0.985 r  student_top_inst/Core_cpu/u_core/u_reg_ex_mem/o_mem_data[17]_i_1/O
                         net (fo=1, routed)           0.000     0.985    student_top_inst/Core_cpu/u_core/u_reg_mem_wb/mem_data_m[17]
    SLICE_X35Y237        FDCE                                         r  student_top_inst/Core_cpu/u_core/u_reg_mem_wb/o_mem_data_reg[17]/D
  -------------------------------------------------------------------    -------------------

                         (clock clk_out2_pll rise edge)
                                                     20.000    20.000 r  
    AD12                                              0.000    20.000 r  i_sys_clk_p (IN)
                         net (fo=0)                   0.000    20.000    pll_inst/inst/clk_in1_p
    AD12                 IBUFDS (Prop_ibufds_I_O)     0.803    20.803 r  pll_inst/inst/clkin1_ibufgds/O
                         net (fo=1, routed)           1.001    21.804    pll_inst/inst/clk_in1_pll
    PLLE2_ADV_X1Y1       PLLE2_ADV (Prop_plle2_adv_CLKIN1_CLKOUT1)
                                                     -7.261    14.543 r  pll_inst/inst/plle2_adv_inst/CLKOUT1
                         net (fo=1, routed)           2.003    16.546    pll_inst/inst/clk_out2_pll
    BUFGCTRL_X0Y0        BUFG (Prop_bufg_I_O)         0.083    16.629 r  pll_inst/inst/clkout2_buf/O
                         net (fo=35309, routed)       1.139    17.768    student_top_inst/Core_cpu/u_core/u_reg_mem_wb/clk_out2
    SLICE_X35Y237        FDCE                                         r  student_top_inst/Core_cpu/u_core/u_reg_mem_wb/o_mem_data_reg[17]/C
                         clock pessimism             -0.598    17.171    
                         clock uncertainty           -0.225    16.945    
    SLICE_X35Y237        FDCE (Setup_fdce_C_D)        0.033    16.978    student_top_inst/Core_cpu/u_core/u_reg_mem_wb/o_mem_data_reg[17]
  -------------------------------------------------------------------
                         required time                         16.978    
                         arrival time                          -0.985    
  -------------------------------------------------------------------
                         slack                                 15.993    

Slack (MET) :             16.000ns  (required time - arrival time)
  Source:                 twin_controller_inst/sw_reg[7]/C
                            (rising edge-triggered cell FDCE clocked by clk_out1_pll  {rise@0.000ns fall@10.000ns period=20.000ns})
  Destination:            student_top_inst/Core_cpu/u_core/u_reg_mem_wb/o_mem_data_reg[14]/D
                            (rising edge-triggered cell FDCE clocked by clk_out2_pll  {rise@0.000ns fall@10.000ns period=20.000ns})
  Path Group:             clk_out2_pll
  Path Type:              Setup (Max at Slow Process Corner)
  Requirement:            20.000ns  (clk_out2_pll rise@20.000ns - clk_out1_pll rise@0.000ns)
  Data Path Delay:        3.525ns  (logic 0.438ns (12.424%)  route 3.087ns (87.576%))
  Logic Levels:           5  (LUT5=1 LUT6=4)
  Clock Path Skew:        -0.282ns (DCD - SCD + CPR)
    Destination Clock Delay (DCD):    -2.232ns = ( 17.768 - 20.000 ) 
    Source Clock Delay      (SCD):    -2.547ns
    Clock Pessimism Removal (CPR):    -0.598ns
  Clock Uncertainty:      0.225ns  ((TSJ^2 + DJ^2)^1/2) / 2 + PE
    Total System Jitter     (TSJ):    0.071ns
    Discrete Jitter          (DJ):    0.198ns
    Phase Error              (PE):    0.120ns

    Location             Delay type                Incr(ns)  Path(ns)    Netlist Resource(s)
  -------------------------------------------------------------------    -------------------
                         (clock clk_out1_pll rise edge)
                                                      0.000     0.000 r  
    AD12                                              0.000     0.000 r  i_sys_clk_p (IN)
                         net (fo=0)                   0.000     0.000    pll_inst/inst/clk_in1_p
    AD12                 IBUFDS (Prop_ibufds_I_O)     0.906     0.906 r  pll_inst/inst/clkin1_ibufgds/O
                         net (fo=1, routed)           1.098     2.004    pll_inst/inst/clk_in1_pll
    PLLE2_ADV_X1Y1       PLLE2_ADV (Prop_plle2_adv_CLKIN1_CLKOUT0)
                                                     -8.058    -6.054 r  pll_inst/inst/plle2_adv_inst/CLKOUT0
                         net (fo=1, routed)           2.128    -3.926    pll_inst/inst/clk_out1_pll
    BUFGCTRL_X0Y1        BUFG (Prop_bufg_I_O)         0.093    -3.833 r  pll_inst/inst/clkout1_buf/O
                         net (fo=353, routed)         1.286    -2.547    twin_controller_inst/CLK
    SLICE_X25Y245        FDCE                                         r  twin_controller_inst/sw_reg[7]/C
  -------------------------------------------------------------------    -------------------
    SLICE_X25Y245        FDCE (Prop_fdce_C_Q)         0.223    -2.324 r  twin_controller_inst/sw_reg[7]/Q
                         net (fo=3, routed)           0.926    -1.398    twin_controller_inst/virtual_sw[7]
    SLICE_X25Y244        LUT6 (Prop_lut6_I1_O)        0.043    -1.355 f  twin_controller_inst/o_mem_data[7]_i_6/O
                         net (fo=1, routed)           0.687    -0.668    student_top_inst/Core_cpu/u_core/u_reg_ex_mem/o_mem_data[7]_i_3_0
    SLICE_X32Y243        LUT6 (Prop_lut6_I1_O)        0.043    -0.625 f  student_top_inst/Core_cpu/u_core/u_reg_ex_mem/o_mem_data[7]_i_4/O
                         net (fo=1, routed)           0.667     0.042    student_top_inst/Core_cpu/u_core/u_reg_ex_mem/o_mem_data[7]_i_4_n_0
    SLICE_X34Y239        LUT5 (Prop_lut5_I3_O)        0.043     0.085 r  student_top_inst/Core_cpu/u_core/u_reg_ex_mem/o_mem_data[7]_i_3/O
                         net (fo=3, routed)           0.307     0.392    student_top_inst/Core_cpu/u_core/u_reg_ex_mem/perip_rdata[7]
    SLICE_X34Y239        LUT6 (Prop_lut6_I5_O)        0.043     0.435 r  student_top_inst/Core_cpu/u_core/u_reg_ex_mem/o_mem_data[31]_i_4/O
                         net (fo=24, routed)          0.500     0.935    student_top_inst/Core_cpu/u_core/u_reg_ex_mem/u_stage_mem/load_byte[7]
    SLICE_X34Y237        LUT6 (Prop_lut6_I2_O)        0.043     0.978 r  student_top_inst/Core_cpu/u_core/u_reg_ex_mem/o_mem_data[14]_i_1/O
                         net (fo=1, routed)           0.000     0.978    student_top_inst/Core_cpu/u_core/u_reg_mem_wb/mem_data_m[14]
    SLICE_X34Y237        FDCE                                         r  student_top_inst/Core_cpu/u_core/u_reg_mem_wb/o_mem_data_reg[14]/D
  -------------------------------------------------------------------    -------------------

                         (clock clk_out2_pll rise edge)
                                                     20.000    20.000 r  
    AD12                                              0.000    20.000 r  i_sys_clk_p (IN)
                         net (fo=0)                   0.000    20.000    pll_inst/inst/clk_in1_p
    AD12                 IBUFDS (Prop_ibufds_I_O)     0.803    20.803 r  pll_inst/inst/clkin1_ibufgds/O
                         net (fo=1, routed)           1.001    21.804    pll_inst/inst/clk_in1_pll
    PLLE2_ADV_X1Y1       PLLE2_ADV (Prop_plle2_adv_CLKIN1_CLKOUT1)
                                                     -7.261    14.543 r  pll_inst/inst/plle2_adv_inst/CLKOUT1
                         net (fo=1, routed)           2.003    16.546    pll_inst/inst/clk_out2_pll
    BUFGCTRL_X0Y0        BUFG (Prop_bufg_I_O)         0.083    16.629 r  pll_inst/inst/clkout2_buf/O
                         net (fo=35309, routed)       1.139    17.768    student_top_inst/Core_cpu/u_core/u_reg_mem_wb/clk_out2
    SLICE_X34Y237        FDCE                                         r  student_top_inst/Core_cpu/u_core/u_reg_mem_wb/o_mem_data_reg[14]/C
                         clock pessimism             -0.598    17.171    
                         clock uncertainty           -0.225    16.945    
    SLICE_X34Y237        FDCE (Setup_fdce_C_D)        0.033    16.978    student_top_inst/Core_cpu/u_core/u_reg_mem_wb/o_mem_data_reg[14]
  -------------------------------------------------------------------
                         required time                         16.978    
                         arrival time                          -0.978    
  -------------------------------------------------------------------
                         slack                                 16.000    

Slack (MET) :             16.005ns  (required time - arrival time)
  Source:                 twin_controller_inst/sw_reg[7]/C
                            (rising edge-triggered cell FDCE clocked by clk_out1_pll  {rise@0.000ns fall@10.000ns period=20.000ns})
  Destination:            student_top_inst/Core_cpu/u_core/u_reg_mem_wb/o_mem_data_reg[12]/D
                            (rising edge-triggered cell FDCE clocked by clk_out2_pll  {rise@0.000ns fall@10.000ns period=20.000ns})
  Path Group:             clk_out2_pll
  Path Type:              Setup (Max at Slow Process Corner)
  Requirement:            20.000ns  (clk_out2_pll rise@20.000ns - clk_out1_pll rise@0.000ns)
  Data Path Delay:        3.522ns  (logic 0.438ns (12.437%)  route 3.084ns (87.563%))
  Logic Levels:           5  (LUT5=1 LUT6=4)
  Clock Path Skew:        -0.282ns (DCD - SCD + CPR)
    Destination Clock Delay (DCD):    -2.232ns = ( 17.768 - 20.000 ) 
    Source Clock Delay      (SCD):    -2.547ns
    Clock Pessimism Removal (CPR):    -0.598ns
  Clock Uncertainty:      0.225ns  ((TSJ^2 + DJ^2)^1/2) / 2 + PE
    Total System Jitter     (TSJ):    0.071ns
    Discrete Jitter          (DJ):    0.198ns
    Phase Error              (PE):    0.120ns

    Location             Delay type                Incr(ns)  Path(ns)    Netlist Resource(s)
  -------------------------------------------------------------------    -------------------
                         (clock clk_out1_pll rise edge)
                                                      0.000     0.000 r  
    AD12                                              0.000     0.000 r  i_sys_clk_p (IN)
                         net (fo=0)                   0.000     0.000    pll_inst/inst/clk_in1_p
    AD12                 IBUFDS (Prop_ibufds_I_O)     0.906     0.906 r  pll_inst/inst/clkin1_ibufgds/O
                         net (fo=1, routed)           1.098     2.004    pll_inst/inst/clk_in1_pll
    PLLE2_ADV_X1Y1       PLLE2_ADV (Prop_plle2_adv_CLKIN1_CLKOUT0)
                                                     -8.058    -6.054 r  pll_inst/inst/plle2_adv_inst/CLKOUT0
                         net (fo=1, routed)           2.128    -3.926    pll_inst/inst/clk_out1_pll
    BUFGCTRL_X0Y1        BUFG (Prop_bufg_I_O)         0.093    -3.833 r  pll_inst/inst/clkout1_buf/O
                         net (fo=353, routed)         1.286    -2.547    twin_controller_inst/CLK
    SLICE_X25Y245        FDCE                                         r  twin_controller_inst/sw_reg[7]/C
  -------------------------------------------------------------------    -------------------
    SLICE_X25Y245        FDCE (Prop_fdce_C_Q)         0.223    -2.324 r  twin_controller_inst/sw_reg[7]/Q
                         net (fo=3, routed)           0.926    -1.398    twin_controller_inst/virtual_sw[7]
    SLICE_X25Y244        LUT6 (Prop_lut6_I1_O)        0.043    -1.355 f  twin_controller_inst/o_mem_data[7]_i_6/O
                         net (fo=1, routed)           0.687    -0.668    student_top_inst/Core_cpu/u_core/u_reg_ex_mem/o_mem_data[7]_i_3_0
    SLICE_X32Y243        LUT6 (Prop_lut6_I1_O)        0.043    -0.625 f  student_top_inst/Core_cpu/u_core/u_reg_ex_mem/o_mem_data[7]_i_4/O
                         net (fo=1, routed)           0.667     0.042    student_top_inst/Core_cpu/u_core/u_reg_ex_mem/o_mem_data[7]_i_4_n_0
    SLICE_X34Y239        LUT5 (Prop_lut5_I3_O)        0.043     0.085 r  student_top_inst/Core_cpu/u_core/u_reg_ex_mem/o_mem_data[7]_i_3/O
                         net (fo=3, routed)           0.307     0.392    student_top_inst/Core_cpu/u_core/u_reg_ex_mem/perip_rdata[7]
    SLICE_X34Y239        LUT6 (Prop_lut6_I5_O)        0.043     0.435 r  student_top_inst/Core_cpu/u_core/u_reg_ex_mem/o_mem_data[31]_i_4/O
                         net (fo=24, routed)          0.496     0.931    student_top_inst/Core_cpu/u_core/u_reg_ex_mem/u_stage_mem/load_byte[7]
    SLICE_X34Y237        LUT6 (Prop_lut6_I2_O)        0.043     0.974 r  student_top_inst/Core_cpu/u_core/u_reg_ex_mem/o_mem_data[12]_i_1/O
                         net (fo=1, routed)           0.000     0.974    student_top_inst/Core_cpu/u_core/u_reg_mem_wb/mem_data_m[12]
    SLICE_X34Y237        FDCE                                         r  student_top_inst/Core_cpu/u_core/u_reg_mem_wb/o_mem_data_reg[12]/D
  -------------------------------------------------------------------    -------------------

                         (clock clk_out2_pll rise edge)
                                                     20.000    20.000 r  
    AD12                                              0.000    20.000 r  i_sys_clk_p (IN)
                         net (fo=0)                   0.000    20.000    pll_inst/inst/clk_in1_p
    AD12                 IBUFDS (Prop_ibufds_I_O)     0.803    20.803 r  pll_inst/inst/clkin1_ibufgds/O
                         net (fo=1, routed)           1.001    21.804    pll_inst/inst/clk_in1_pll
    PLLE2_ADV_X1Y1       PLLE2_ADV (Prop_plle2_adv_CLKIN1_CLKOUT1)
                                                     -7.261    14.543 r  pll_inst/inst/plle2_adv_inst/CLKOUT1
                         net (fo=1, routed)           2.003    16.546    pll_inst/inst/clk_out2_pll
    BUFGCTRL_X0Y0        BUFG (Prop_bufg_I_O)         0.083    16.629 r  pll_inst/inst/clkout2_buf/O
                         net (fo=35309, routed)       1.139    17.768    student_top_inst/Core_cpu/u_core/u_reg_mem_wb/clk_out2
    SLICE_X34Y237        FDCE                                         r  student_top_inst/Core_cpu/u_core/u_reg_mem_wb/o_mem_data_reg[12]/C
                         clock pessimism             -0.598    17.171    
                         clock uncertainty           -0.225    16.945    
    SLICE_X34Y237        FDCE (Setup_fdce_C_D)        0.034    16.979    student_top_inst/Core_cpu/u_core/u_reg_mem_wb/o_mem_data_reg[12]
  -------------------------------------------------------------------
                         required time                         16.979    
                         arrival time                          -0.974    
  -------------------------------------------------------------------
                         slack                                 16.005    

Slack (MET) :             16.012ns  (required time - arrival time)
  Source:                 twin_controller_inst/sw_reg[7]/C
                            (rising edge-triggered cell FDCE clocked by clk_out1_pll  {rise@0.000ns fall@10.000ns period=20.000ns})
  Destination:            student_top_inst/Core_cpu/u_core/u_reg_mem_wb/o_mem_data_reg[30]/D
                            (rising edge-triggered cell FDCE clocked by clk_out2_pll  {rise@0.000ns fall@10.000ns period=20.000ns})
  Path Group:             clk_out2_pll
  Path Type:              Setup (Max at Slow Process Corner)
  Requirement:            20.000ns  (clk_out2_pll rise@20.000ns - clk_out1_pll rise@0.000ns)
  Data Path Delay:        3.514ns  (logic 0.438ns (12.463%)  route 3.076ns (87.537%))
  Logic Levels:           5  (LUT5=1 LUT6=4)
  Clock Path Skew:        -0.282ns (DCD - SCD + CPR)
    Destination Clock Delay (DCD):    -2.232ns = ( 17.768 - 20.000 ) 
    Source Clock Delay      (SCD):    -2.547ns
    Clock Pessimism Removal (CPR):    -0.598ns
  Clock Uncertainty:      0.225ns  ((TSJ^2 + DJ^2)^1/2) / 2 + PE
    Total System Jitter     (TSJ):    0.071ns
    Discrete Jitter          (DJ):    0.198ns
    Phase Error              (PE):    0.120ns

    Location             Delay type                Incr(ns)  Path(ns)    Netlist Resource(s)
  -------------------------------------------------------------------    -------------------
                         (clock clk_out1_pll rise edge)
                                                      0.000     0.000 r  
    AD12                                              0.000     0.000 r  i_sys_clk_p (IN)
                         net (fo=0)                   0.000     0.000    pll_inst/inst/clk_in1_p
    AD12                 IBUFDS (Prop_ibufds_I_O)     0.906     0.906 r  pll_inst/inst/clkin1_ibufgds/O
                         net (fo=1, routed)           1.098     2.004    pll_inst/inst/clk_in1_pll
    PLLE2_ADV_X1Y1       PLLE2_ADV (Prop_plle2_adv_CLKIN1_CLKOUT0)
                                                     -8.058    -6.054 r  pll_inst/inst/plle2_adv_inst/CLKOUT0
                         net (fo=1, routed)           2.128    -3.926    pll_inst/inst/clk_out1_pll
    BUFGCTRL_X0Y1        BUFG (Prop_bufg_I_O)         0.093    -3.833 r  pll_inst/inst/clkout1_buf/O
                         net (fo=353, routed)         1.286    -2.547    twin_controller_inst/CLK
    SLICE_X25Y245        FDCE                                         r  twin_controller_inst/sw_reg[7]/C
  -------------------------------------------------------------------    -------------------
    SLICE_X25Y245        FDCE (Prop_fdce_C_Q)         0.223    -2.324 r  twin_controller_inst/sw_reg[7]/Q
                         net (fo=3, routed)           0.926    -1.398    twin_controller_inst/virtual_sw[7]
    SLICE_X25Y244        LUT6 (Prop_lut6_I1_O)        0.043    -1.355 f  twin_controller_inst/o_mem_data[7]_i_6/O
                         net (fo=1, routed)           0.687    -0.668    student_top_inst/Core_cpu/u_core/u_reg_ex_mem/o_mem_data[7]_i_3_0
    SLICE_X32Y243        LUT6 (Prop_lut6_I1_O)        0.043    -0.625 f  student_top_inst/Core_cpu/u_core/u_reg_ex_mem/o_mem_data[7]_i_4/O
                         net (fo=1, routed)           0.667     0.042    student_top_inst/Core_cpu/u_core/u_reg_ex_mem/o_mem_data[7]_i_4_n_0
    SLICE_X34Y239        LUT5 (Prop_lut5_I3_O)        0.043     0.085 r  student_top_inst/Core_cpu/u_core/u_reg_ex_mem/o_mem_data[7]_i_3/O
                         net (fo=3, routed)           0.307     0.392    student_top_inst/Core_cpu/u_core/u_reg_ex_mem/perip_rdata[7]
    SLICE_X34Y239        LUT6 (Prop_lut6_I5_O)        0.043     0.435 r  student_top_inst/Core_cpu/u_core/u_reg_ex_mem/o_mem_data[31]_i_4/O
                         net (fo=24, routed)          0.489     0.924    student_top_inst/Core_cpu/u_core/u_reg_ex_mem/u_stage_mem/load_byte[7]
    SLICE_X34Y237        LUT6 (Prop_lut6_I4_O)        0.043     0.967 r  student_top_inst/Core_cpu/u_core/u_reg_ex_mem/o_mem_data[30]_i_1/O
                         net (fo=1, routed)           0.000     0.967    student_top_inst/Core_cpu/u_core/u_reg_mem_wb/mem_data_m[30]
    SLICE_X34Y237        FDCE                                         r  student_top_inst/Core_cpu/u_core/u_reg_mem_wb/o_mem_data_reg[30]/D
  -------------------------------------------------------------------    -------------------

                         (clock clk_out2_pll rise edge)
                                                     20.000    20.000 r  
    AD12                                              0.000    20.000 r  i_sys_clk_p (IN)
                         net (fo=0)                   0.000    20.000    pll_inst/inst/clk_in1_p
    AD12                 IBUFDS (Prop_ibufds_I_O)     0.803    20.803 r  pll_inst/inst/clkin1_ibufgds/O
                         net (fo=1, routed)           1.001    21.804    pll_inst/inst/clk_in1_pll
    PLLE2_ADV_X1Y1       PLLE2_ADV (Prop_plle2_adv_CLKIN1_CLKOUT1)
                                                     -7.261    14.543 r  pll_inst/inst/plle2_adv_inst/CLKOUT1
                         net (fo=1, routed)           2.003    16.546    pll_inst/inst/clk_out2_pll
    BUFGCTRL_X0Y0        BUFG (Prop_bufg_I_O)         0.083    16.629 r  pll_inst/inst/clkout2_buf/O
                         net (fo=35309, routed)       1.139    17.768    student_top_inst/Core_cpu/u_core/u_reg_mem_wb/clk_out2
    SLICE_X34Y237        FDCE                                         r  student_top_inst/Core_cpu/u_core/u_reg_mem_wb/o_mem_data_reg[30]/C
                         clock pessimism             -0.598    17.171    
                         clock uncertainty           -0.225    16.945    
    SLICE_X34Y237        FDCE (Setup_fdce_C_D)        0.034    16.979    student_top_inst/Core_cpu/u_core/u_reg_mem_wb/o_mem_data_reg[30]
  -------------------------------------------------------------------
                         required time                         16.979    
                         arrival time                          -0.967    
  -------------------------------------------------------------------
                         slack                                 16.012    





Min Delay Paths
--------------------------------------------------------------------------------------
Slack (MET) :             0.112ns  (arrival time - required time)
  Source:                 student_top_inst/bridge_inst/counter_inst/cnt_ms_reg[2]/C
                            (rising edge-triggered cell FDRE clocked by clk_out1_pll  {rise@0.000ns fall@10.000ns period=20.000ns})
  Destination:            student_top_inst/Core_cpu/u_core/u_reg_mem_wb/o_mem_data_reg[2]/D
                            (rising edge-triggered cell FDCE clocked by clk_out2_pll  {rise@0.000ns fall@10.000ns period=20.000ns})
  Path Group:             clk_out2_pll
  Path Type:              Hold (Min at Fast Process Corner)
  Requirement:            0.000ns  (clk_out2_pll rise@0.000ns - clk_out1_pll rise@0.000ns)
  Data Path Delay:        0.678ns  (logic 0.156ns (23.015%)  route 0.522ns (76.985%))
  Logic Levels:           2  (LUT5=1 LUT6=1)
  Clock Path Skew:        0.280ns (DCD - SCD - CPR)
    Destination Clock Delay (DCD):    -0.674ns
    Source Clock Delay      (SCD):    -0.471ns
    Clock Pessimism Removal (CPR):    -0.484ns
  Clock Uncertainty:      0.225ns  ((TSJ^2 + DJ^2)^1/2) / 2 + PE
    Total System Jitter     (TSJ):    0.071ns
    Discrete Jitter          (DJ):    0.198ns
    Phase Error              (PE):    0.120ns

    Location             Delay type                Incr(ns)  Path(ns)    Netlist Resource(s)
  -------------------------------------------------------------------    -------------------
                         (clock clk_out1_pll rise edge)
                                                      0.000     0.000 r  
    AD12                                              0.000     0.000 r  i_sys_clk_p (IN)
                         net (fo=0)                   0.000     0.000    pll_inst/inst/clk_in1_p
    AD12                 IBUFDS (Prop_ibufds_I_O)     0.388     0.388 r  pll_inst/inst/clkin1_ibufgds/O
                         net (fo=1, routed)           0.503     0.891    pll_inst/inst/clk_in1_pll
    PLLE2_ADV_X1Y1       PLLE2_ADV (Prop_plle2_adv_CLKIN1_CLKOUT0)
                                                     -2.908    -2.017 r  pll_inst/inst/plle2_adv_inst/CLKOUT0
                         net (fo=1, routed)           0.958    -1.059    pll_inst/inst/clk_out1_pll
    BUFGCTRL_X0Y1        BUFG (Prop_bufg_I_O)         0.026    -1.033 r  pll_inst/inst/clkout1_buf/O
                         net (fo=353, routed)         0.562    -0.471    student_top_inst/bridge_inst/counter_inst/clk_out1
    SLICE_X40Y235        FDRE                                         r  student_top_inst/bridge_inst/counter_inst/cnt_ms_reg[2]/C
  -------------------------------------------------------------------    -------------------
    SLICE_X40Y235        FDRE (Prop_fdre_C_Q)         0.100    -0.371 r  student_top_inst/bridge_inst/counter_inst/cnt_ms_reg[2]/Q
                         net (fo=2, routed)           0.350    -0.020    student_top_inst/Core_cpu/u_core/u_reg_ex_mem/cnt_rdata[2]
    SLICE_X35Y236        LUT5 (Prop_lut5_I1_O)        0.028     0.008 r  student_top_inst/Core_cpu/u_core/u_reg_ex_mem/o_mem_data[2]_i_2/O
                         net (fo=1, routed)           0.172     0.179    student_top_inst/Core_cpu/u_core/u_reg_ex_mem/perip_rdata[2]
    SLICE_X34Y236        LUT6 (Prop_lut6_I5_O)        0.028     0.207 r  student_top_inst/Core_cpu/u_core/u_reg_ex_mem/o_mem_data[2]_i_1/O
                         net (fo=1, routed)           0.000     0.207    student_top_inst/Core_cpu/u_core/u_reg_mem_wb/mem_data_m[2]
    SLICE_X34Y236        FDCE                                         r  student_top_inst/Core_cpu/u_core/u_reg_mem_wb/o_mem_data_reg[2]/D
  -------------------------------------------------------------------    -------------------

                         (clock clk_out2_pll rise edge)
                                                      0.000     0.000 r  
    AD12                                              0.000     0.000 r  i_sys_clk_p (IN)
                         net (fo=0)                   0.000     0.000    pll_inst/inst/clk_in1_p
    AD12                 IBUFDS (Prop_ibufds_I_O)     0.470     0.470 r  pll_inst/inst/clkin1_ibufgds/O
                         net (fo=1, routed)           0.554     1.024    pll_inst/inst/clk_in1_pll
    PLLE2_ADV_X1Y1       PLLE2_ADV (Prop_plle2_adv_CLKIN1_CLKOUT1)
                                                     -3.524    -2.500 r  pll_inst/inst/plle2_adv_inst/CLKOUT1
                         net (fo=1, routed)           1.027    -1.473    pll_inst/inst/clk_out2_pll
    BUFGCTRL_X0Y0        BUFG (Prop_bufg_I_O)         0.030    -1.443 r  pll_inst/inst/clkout2_buf/O
                         net (fo=35309, routed)       0.769    -0.674    student_top_inst/Core_cpu/u_core/u_reg_mem_wb/clk_out2
    SLICE_X34Y236        FDCE                                         r  student_top_inst/Core_cpu/u_core/u_reg_mem_wb/o_mem_data_reg[2]/C
                         clock pessimism              0.484    -0.191    
                         clock uncertainty            0.225     0.035    
    SLICE_X34Y236        FDCE (Hold_fdce_C_D)         0.061     0.096    student_top_inst/Core_cpu/u_core/u_reg_mem_wb/o_mem_data_reg[2]
  -------------------------------------------------------------------
                         required time                         -0.096    
                         arrival time                           0.207    
  -------------------------------------------------------------------
                         slack                                  0.112    

Slack (MET) :             0.140ns  (arrival time - required time)
  Source:                 student_top_inst/bridge_inst/counter_inst/cnt_ms_reg[28]/C
                            (rising edge-triggered cell FDRE clocked by clk_out1_pll  {rise@0.000ns fall@10.000ns period=20.000ns})
  Destination:            student_top_inst/Core_cpu/u_core/u_reg_mem_wb/o_mem_data_reg[28]/D
                            (rising edge-triggered cell FDCE clocked by clk_out2_pll  {rise@0.000ns fall@10.000ns period=20.000ns})
  Path Group:             clk_out2_pll
  Path Type:              Hold (Min at Fast Process Corner)
  Requirement:            0.000ns  (clk_out2_pll rise@0.000ns - clk_out1_pll rise@0.000ns)
  Data Path Delay:        0.705ns  (logic 0.156ns (22.133%)  route 0.549ns (77.867%))
  Logic Levels:           2  (LUT6=2)
  Clock Path Skew:        0.280ns (DCD - SCD - CPR)
    Destination Clock Delay (DCD):    -0.671ns
    Source Clock Delay      (SCD):    -0.468ns
    Clock Pessimism Removal (CPR):    -0.484ns
  Clock Uncertainty:      0.225ns  ((TSJ^2 + DJ^2)^1/2) / 2 + PE
    Total System Jitter     (TSJ):    0.071ns
    Discrete Jitter          (DJ):    0.198ns
    Phase Error              (PE):    0.120ns

    Location             Delay type                Incr(ns)  Path(ns)    Netlist Resource(s)
  -------------------------------------------------------------------    -------------------
                         (clock clk_out1_pll rise edge)
                                                      0.000     0.000 r  
    AD12                                              0.000     0.000 r  i_sys_clk_p (IN)
                         net (fo=0)                   0.000     0.000    pll_inst/inst/clk_in1_p
    AD12                 IBUFDS (Prop_ibufds_I_O)     0.388     0.388 r  pll_inst/inst/clkin1_ibufgds/O
                         net (fo=1, routed)           0.503     0.891    pll_inst/inst/clk_in1_pll
    PLLE2_ADV_X1Y1       PLLE2_ADV (Prop_plle2_adv_CLKIN1_CLKOUT0)
                                                     -2.908    -2.017 r  pll_inst/inst/plle2_adv_inst/CLKOUT0
                         net (fo=1, routed)           0.958    -1.059    pll_inst/inst/clk_out1_pll
    BUFGCTRL_X0Y1        BUFG (Prop_bufg_I_O)         0.026    -1.033 r  pll_inst/inst/clkout1_buf/O
                         net (fo=353, routed)         0.565    -0.468    student_top_inst/bridge_inst/counter_inst/clk_out1
    SLICE_X40Y242        FDRE                                         r  student_top_inst/bridge_inst/counter_inst/cnt_ms_reg[28]/C
  -------------------------------------------------------------------    -------------------
    SLICE_X40Y242        FDRE (Prop_fdre_C_Q)         0.100    -0.368 r  student_top_inst/bridge_inst/counter_inst/cnt_ms_reg[28]/Q
                         net (fo=2, routed)           0.180    -0.187    student_top_inst/Core_cpu/u_core/u_reg_ex_mem/cnt_rdata[28]
    SLICE_X41Y241        LUT6 (Prop_lut6_I4_O)        0.028    -0.159 r  student_top_inst/Core_cpu/u_core/u_reg_ex_mem/o_mem_data[28]_i_2/O
                         net (fo=2, routed)           0.369     0.209    student_top_inst/Core_cpu/u_core/u_reg_ex_mem/perip_rdata[28]
    SLICE_X32Y239        LUT6 (Prop_lut6_I0_O)        0.028     0.237 r  student_top_inst/Core_cpu/u_core/u_reg_ex_mem/o_mem_data[28]_i_1/O
                         net (fo=1, routed)           0.000     0.237    student_top_inst/Core_cpu/u_core/u_reg_mem_wb/mem_data_m[28]
    SLICE_X32Y239        FDCE                                         r  student_top_inst/Core_cpu/u_core/u_reg_mem_wb/o_mem_data_reg[28]/D
  -------------------------------------------------------------------    -------------------

                         (clock clk_out2_pll rise edge)
                                                      0.000     0.000 r  
    AD12                                              0.000     0.000 r  i_sys_clk_p (IN)
                         net (fo=0)                   0.000     0.000    pll_inst/inst/clk_in1_p
    AD12                 IBUFDS (Prop_ibufds_I_O)     0.470     0.470 r  pll_inst/inst/clkin1_ibufgds/O
                         net (fo=1, routed)           0.554     1.024    pll_inst/inst/clk_in1_pll
    PLLE2_ADV_X1Y1       PLLE2_ADV (Prop_plle2_adv_CLKIN1_CLKOUT1)
                                                     -3.524    -2.500 r  pll_inst/inst/plle2_adv_inst/CLKOUT1
                         net (fo=1, routed)           1.027    -1.473    pll_inst/inst/clk_out2_pll
    BUFGCTRL_X0Y0        BUFG (Prop_bufg_I_O)         0.030    -1.443 r  pll_inst/inst/clkout2_buf/O
                         net (fo=35309, routed)       0.772    -0.671    student_top_inst/Core_cpu/u_core/u_reg_mem_wb/clk_out2
    SLICE_X32Y239        FDCE                                         r  student_top_inst/Core_cpu/u_core/u_reg_mem_wb/o_mem_data_reg[28]/C
                         clock pessimism              0.484    -0.188    
                         clock uncertainty            0.225     0.038    
    SLICE_X32Y239        FDCE (Hold_fdce_C_D)         0.060     0.098    student_top_inst/Core_cpu/u_core/u_reg_mem_wb/o_mem_data_reg[28]
  -------------------------------------------------------------------
                         required time                         -0.098    
                         arrival time                           0.237    
  -------------------------------------------------------------------
                         slack                                  0.140    

Slack (MET) :             0.148ns  (arrival time - required time)
  Source:                 student_top_inst/bridge_inst/counter_inst/cnt_ms_reg[22]/C
                            (rising edge-triggered cell FDRE clocked by clk_out1_pll  {rise@0.000ns fall@10.000ns period=20.000ns})
  Destination:            student_top_inst/Core_cpu/u_core/u_reg_mem_wb/o_mem_data_reg[6]/D
                            (rising edge-triggered cell FDCE clocked by clk_out2_pll  {rise@0.000ns fall@10.000ns period=20.000ns})
  Path Group:             clk_out2_pll
  Path Type:              Hold (Min at Fast Process Corner)
  Requirement:            0.000ns  (clk_out2_pll rise@0.000ns - clk_out1_pll rise@0.000ns)
  Data Path Delay:        0.711ns  (logic 0.156ns (21.937%)  route 0.555ns (78.063%))
  Logic Levels:           2  (LUT6=2)
  Clock Path Skew:        0.277ns (DCD - SCD - CPR)
    Destination Clock Delay (DCD):    -0.674ns
    Source Clock Delay      (SCD):    -0.468ns
    Clock Pessimism Removal (CPR):    -0.484ns
  Clock Uncertainty:      0.225ns  ((TSJ^2 + DJ^2)^1/2) / 2 + PE
    Total System Jitter     (TSJ):    0.071ns
    Discrete Jitter          (DJ):    0.198ns
    Phase Error              (PE):    0.120ns

    Location             Delay type                Incr(ns)  Path(ns)    Netlist Resource(s)
  -------------------------------------------------------------------    -------------------
                         (clock clk_out1_pll rise edge)
                                                      0.000     0.000 r  
    AD12                                              0.000     0.000 r  i_sys_clk_p (IN)
                         net (fo=0)                   0.000     0.000    pll_inst/inst/clk_in1_p
    AD12                 IBUFDS (Prop_ibufds_I_O)     0.388     0.388 r  pll_inst/inst/clkin1_ibufgds/O
                         net (fo=1, routed)           0.503     0.891    pll_inst/inst/clk_in1_pll
    PLLE2_ADV_X1Y1       PLLE2_ADV (Prop_plle2_adv_CLKIN1_CLKOUT0)
                                                     -2.908    -2.017 r  pll_inst/inst/plle2_adv_inst/CLKOUT0
                         net (fo=1, routed)           0.958    -1.059    pll_inst/inst/clk_out1_pll
    BUFGCTRL_X0Y1        BUFG (Prop_bufg_I_O)         0.026    -1.033 r  pll_inst/inst/clkout1_buf/O
                         net (fo=353, routed)         0.565    -0.468    student_top_inst/bridge_inst/counter_inst/clk_out1
    SLICE_X40Y240        FDRE                                         r  student_top_inst/bridge_inst/counter_inst/cnt_ms_reg[22]/C
  -------------------------------------------------------------------    -------------------
    SLICE_X40Y240        FDRE (Prop_fdre_C_Q)         0.100    -0.368 r  student_top_inst/bridge_inst/counter_inst/cnt_ms_reg[22]/Q
                         net (fo=2, routed)           0.227    -0.140    student_top_inst/Core_cpu/u_core/u_reg_ex_mem/cnt_rdata[22]
    SLICE_X39Y240        LUT6 (Prop_lut6_I4_O)        0.028    -0.112 r  student_top_inst/Core_cpu/u_core/u_reg_ex_mem/o_mem_data[22]_i_2/O
                         net (fo=2, routed)           0.328     0.216    student_top_inst/Core_cpu/u_core/u_reg_ex_mem/perip_rdata[22]
    SLICE_X34Y236        LUT6 (Prop_lut6_I2_O)        0.028     0.244 r  student_top_inst/Core_cpu/u_core/u_reg_ex_mem/o_mem_data[6]_i_1/O
                         net (fo=1, routed)           0.000     0.244    student_top_inst/Core_cpu/u_core/u_reg_mem_wb/mem_data_m[6]
    SLICE_X34Y236        FDCE                                         r  student_top_inst/Core_cpu/u_core/u_reg_mem_wb/o_mem_data_reg[6]/D
  -------------------------------------------------------------------    -------------------

                         (clock clk_out2_pll rise edge)
                                                      0.000     0.000 r  
    AD12                                              0.000     0.000 r  i_sys_clk_p (IN)
                         net (fo=0)                   0.000     0.000    pll_inst/inst/clk_in1_p
    AD12                 IBUFDS (Prop_ibufds_I_O)     0.470     0.470 r  pll_inst/inst/clkin1_ibufgds/O
                         net (fo=1, routed)           0.554     1.024    pll_inst/inst/clk_in1_pll
    PLLE2_ADV_X1Y1       PLLE2_ADV (Prop_plle2_adv_CLKIN1_CLKOUT1)
                                                     -3.524    -2.500 r  pll_inst/inst/plle2_adv_inst/CLKOUT1
                         net (fo=1, routed)           1.027    -1.473    pll_inst/inst/clk_out2_pll
    BUFGCTRL_X0Y0        BUFG (Prop_bufg_I_O)         0.030    -1.443 r  pll_inst/inst/clkout2_buf/O
                         net (fo=35309, routed)       0.769    -0.674    student_top_inst/Core_cpu/u_core/u_reg_mem_wb/clk_out2
    SLICE_X34Y236        FDCE                                         r  student_top_inst/Core_cpu/u_core/u_reg_mem_wb/o_mem_data_reg[6]/C
                         clock pessimism              0.484    -0.191    
                         clock uncertainty            0.225     0.035    
    SLICE_X34Y236        FDCE (Hold_fdce_C_D)         0.061     0.096    student_top_inst/Core_cpu/u_core/u_reg_mem_wb/o_mem_data_reg[6]
  -------------------------------------------------------------------
                         required time                         -0.096    
                         arrival time                           0.244    
  -------------------------------------------------------------------
                         slack                                  0.148    

Slack (MET) :             0.149ns  (arrival time - required time)
  Source:                 student_top_inst/bridge_inst/counter_inst/cnt_ms_reg[5]/C
                            (rising edge-triggered cell FDRE clocked by clk_out1_pll  {rise@0.000ns fall@10.000ns period=20.000ns})
  Destination:            student_top_inst/Core_cpu/u_core/u_reg_mem_wb/o_mem_data_reg[5]/D
                            (rising edge-triggered cell FDCE clocked by clk_out2_pll  {rise@0.000ns fall@10.000ns period=20.000ns})
  Path Group:             clk_out2_pll
  Path Type:              Hold (Min at Fast Process Corner)
  Requirement:            0.000ns  (clk_out2_pll rise@0.000ns - clk_out1_pll rise@0.000ns)
  Data Path Delay:        0.716ns  (logic 0.156ns (21.794%)  route 0.560ns (78.206%))
  Logic Levels:           2  (LUT5=1 LUT6=1)
  Clock Path Skew:        0.281ns (DCD - SCD - CPR)
    Destination Clock Delay (DCD):    -0.673ns
    Source Clock Delay      (SCD):    -0.471ns
    Clock Pessimism Removal (CPR):    -0.484ns
  Clock Uncertainty:      0.225ns  ((TSJ^2 + DJ^2)^1/2) / 2 + PE
    Total System Jitter     (TSJ):    0.071ns
    Discrete Jitter          (DJ):    0.198ns
    Phase Error              (PE):    0.120ns

    Location             Delay type                Incr(ns)  Path(ns)    Netlist Resource(s)
  -------------------------------------------------------------------    -------------------
                         (clock clk_out1_pll rise edge)
                                                      0.000     0.000 r  
    AD12                                              0.000     0.000 r  i_sys_clk_p (IN)
                         net (fo=0)                   0.000     0.000    pll_inst/inst/clk_in1_p
    AD12                 IBUFDS (Prop_ibufds_I_O)     0.388     0.388 r  pll_inst/inst/clkin1_ibufgds/O
                         net (fo=1, routed)           0.503     0.891    pll_inst/inst/clk_in1_pll
    PLLE2_ADV_X1Y1       PLLE2_ADV (Prop_plle2_adv_CLKIN1_CLKOUT0)
                                                     -2.908    -2.017 r  pll_inst/inst/plle2_adv_inst/CLKOUT0
                         net (fo=1, routed)           0.958    -1.059    pll_inst/inst/clk_out1_pll
    BUFGCTRL_X0Y1        BUFG (Prop_bufg_I_O)         0.026    -1.033 r  pll_inst/inst/clkout1_buf/O
                         net (fo=353, routed)         0.562    -0.471    student_top_inst/bridge_inst/counter_inst/clk_out1
    SLICE_X40Y236        FDRE                                         r  student_top_inst/bridge_inst/counter_inst/cnt_ms_reg[5]/C
  -------------------------------------------------------------------    -------------------
    SLICE_X40Y236        FDRE (Prop_fdre_C_Q)         0.100    -0.371 r  student_top_inst/bridge_inst/counter_inst/cnt_ms_reg[5]/Q
                         net (fo=2, routed)           0.321    -0.049    student_top_inst/Core_cpu/u_core/u_reg_ex_mem/cnt_rdata[5]
    SLICE_X37Y238        LUT5 (Prop_lut5_I1_O)        0.028    -0.021 r  student_top_inst/Core_cpu/u_core/u_reg_ex_mem/o_mem_data[5]_i_2/O
                         net (fo=1, routed)           0.239     0.217    student_top_inst/Core_cpu/u_core/u_reg_ex_mem/perip_rdata[5]
    SLICE_X36Y238        LUT6 (Prop_lut6_I5_O)        0.028     0.245 r  student_top_inst/Core_cpu/u_core/u_reg_ex_mem/o_mem_data[5]_i_1/O
                         net (fo=1, routed)           0.000     0.245    student_top_inst/Core_cpu/u_core/u_reg_mem_wb/mem_data_m[5]
    SLICE_X36Y238        FDCE                                         r  student_top_inst/Core_cpu/u_core/u_reg_mem_wb/o_mem_data_reg[5]/D
  -------------------------------------------------------------------    -------------------

                         (clock clk_out2_pll rise edge)
                                                      0.000     0.000 r  
    AD12                                              0.000     0.000 r  i_sys_clk_p (IN)
                         net (fo=0)                   0.000     0.000    pll_inst/inst/clk_in1_p
    AD12                 IBUFDS (Prop_ibufds_I_O)     0.470     0.470 r  pll_inst/inst/clkin1_ibufgds/O
                         net (fo=1, routed)           0.554     1.024    pll_inst/inst/clk_in1_pll
    PLLE2_ADV_X1Y1       PLLE2_ADV (Prop_plle2_adv_CLKIN1_CLKOUT1)
                                                     -3.524    -2.500 r  pll_inst/inst/plle2_adv_inst/CLKOUT1
                         net (fo=1, routed)           1.027    -1.473    pll_inst/inst/clk_out2_pll
    BUFGCTRL_X0Y0        BUFG (Prop_bufg_I_O)         0.030    -1.443 r  pll_inst/inst/clkout2_buf/O
                         net (fo=35309, routed)       0.770    -0.673    student_top_inst/Core_cpu/u_core/u_reg_mem_wb/clk_out2
    SLICE_X36Y238        FDCE                                         r  student_top_inst/Core_cpu/u_core/u_reg_mem_wb/o_mem_data_reg[5]/C
                         clock pessimism              0.484    -0.190    
                         clock uncertainty            0.225     0.036    
    SLICE_X36Y238        FDCE (Hold_fdce_C_D)         0.061     0.097    student_top_inst/Core_cpu/u_core/u_reg_mem_wb/o_mem_data_reg[5]
  -------------------------------------------------------------------
                         required time                         -0.097    
                         arrival time                           0.245    
  -------------------------------------------------------------------
                         slack                                  0.149    

Slack (MET) :             0.151ns  (arrival time - required time)
  Source:                 student_top_inst/bridge_inst/counter_inst/cnt_ms_reg[22]/C
                            (rising edge-triggered cell FDRE clocked by clk_out1_pll  {rise@0.000ns fall@10.000ns period=20.000ns})
  Destination:            student_top_inst/Core_cpu/u_core/u_reg_mem_wb/o_mem_data_reg[22]/D
                            (rising edge-triggered cell FDCE clocked by clk_out2_pll  {rise@0.000ns fall@10.000ns period=20.000ns})
  Path Group:             clk_out2_pll
  Path Type:              Hold (Min at Fast Process Corner)
  Requirement:            0.000ns  (clk_out2_pll rise@0.000ns - clk_out1_pll rise@0.000ns)
  Data Path Delay:        0.713ns  (logic 0.156ns (21.868%)  route 0.557ns (78.132%))
  Logic Levels:           2  (LUT6=2)
  Clock Path Skew:        0.277ns (DCD - SCD - CPR)
    Destination Clock Delay (DCD):    -0.674ns
    Source Clock Delay      (SCD):    -0.468ns
    Clock Pessimism Removal (CPR):    -0.484ns
  Clock Uncertainty:      0.225ns  ((TSJ^2 + DJ^2)^1/2) / 2 + PE
    Total System Jitter     (TSJ):    0.071ns
    Discrete Jitter          (DJ):    0.198ns
    Phase Error              (PE):    0.120ns

    Location             Delay type                Incr(ns)  Path(ns)    Netlist Resource(s)
  -------------------------------------------------------------------    -------------------
                         (clock clk_out1_pll rise edge)
                                                      0.000     0.000 r  
    AD12                                              0.000     0.000 r  i_sys_clk_p (IN)
                         net (fo=0)                   0.000     0.000    pll_inst/inst/clk_in1_p
    AD12                 IBUFDS (Prop_ibufds_I_O)     0.388     0.388 r  pll_inst/inst/clkin1_ibufgds/O
                         net (fo=1, routed)           0.503     0.891    pll_inst/inst/clk_in1_pll
    PLLE2_ADV_X1Y1       PLLE2_ADV (Prop_plle2_adv_CLKIN1_CLKOUT0)
                                                     -2.908    -2.017 r  pll_inst/inst/plle2_adv_inst/CLKOUT0
                         net (fo=1, routed)           0.958    -1.059    pll_inst/inst/clk_out1_pll
    BUFGCTRL_X0Y1        BUFG (Prop_bufg_I_O)         0.026    -1.033 r  pll_inst/inst/clkout1_buf/O
                         net (fo=353, routed)         0.565    -0.468    student_top_inst/bridge_inst/counter_inst/clk_out1
    SLICE_X40Y240        FDRE                                         r  student_top_inst/bridge_inst/counter_inst/cnt_ms_reg[22]/C
  -------------------------------------------------------------------    -------------------
    SLICE_X40Y240        FDRE (Prop_fdre_C_Q)         0.100    -0.368 r  student_top_inst/bridge_inst/counter_inst/cnt_ms_reg[22]/Q
                         net (fo=2, routed)           0.227    -0.140    student_top_inst/Core_cpu/u_core/u_reg_ex_mem/cnt_rdata[22]
    SLICE_X39Y240        LUT6 (Prop_lut6_I4_O)        0.028    -0.112 r  student_top_inst/Core_cpu/u_core/u_reg_ex_mem/o_mem_data[22]_i_2/O
                         net (fo=2, routed)           0.330     0.218    student_top_inst/Core_cpu/u_core/u_reg_ex_mem/perip_rdata[22]
    SLICE_X35Y235        LUT6 (Prop_lut6_I0_O)        0.028     0.246 r  student_top_inst/Core_cpu/u_core/u_reg_ex_mem/o_mem_data[22]_i_1/O
                         net (fo=1, routed)           0.000     0.246    student_top_inst/Core_cpu/u_core/u_reg_mem_wb/mem_data_m[22]
    SLICE_X35Y235        FDCE                                         r  student_top_inst/Core_cpu/u_core/u_reg_mem_wb/o_mem_data_reg[22]/D
  -------------------------------------------------------------------    -------------------

                         (clock clk_out2_pll rise edge)
                                                      0.000     0.000 r  
    AD12                                              0.000     0.000 r  i_sys_clk_p (IN)
                         net (fo=0)                   0.000     0.000    pll_inst/inst/clk_in1_p
    AD12                 IBUFDS (Prop_ibufds_I_O)     0.470     0.470 r  pll_inst/inst/clkin1_ibufgds/O
                         net (fo=1, routed)           0.554     1.024    pll_inst/inst/clk_in1_pll
    PLLE2_ADV_X1Y1       PLLE2_ADV (Prop_plle2_adv_CLKIN1_CLKOUT1)
                                                     -3.524    -2.500 r  pll_inst/inst/plle2_adv_inst/CLKOUT1
                         net (fo=1, routed)           1.027    -1.473    pll_inst/inst/clk_out2_pll
    BUFGCTRL_X0Y0        BUFG (Prop_bufg_I_O)         0.030    -1.443 r  pll_inst/inst/clkout2_buf/O
                         net (fo=35309, routed)       0.769    -0.674    student_top_inst/Core_cpu/u_core/u_reg_mem_wb/clk_out2
    SLICE_X35Y235        FDCE                                         r  student_top_inst/Core_cpu/u_core/u_reg_mem_wb/o_mem_data_reg[22]/C
                         clock pessimism              0.484    -0.191    
                         clock uncertainty            0.225     0.035    
    SLICE_X35Y235        FDCE (Hold_fdce_C_D)         0.060     0.095    student_top_inst/Core_cpu/u_core/u_reg_mem_wb/o_mem_data_reg[22]
  -------------------------------------------------------------------
                         required time                         -0.095    
                         arrival time                           0.246    
  -------------------------------------------------------------------
                         slack                                  0.151    

Slack (MET) :             0.151ns  (arrival time - required time)
  Source:                 student_top_inst/bridge_inst/counter_inst/cnt_ms_reg[1]/C
                            (rising edge-triggered cell FDRE clocked by clk_out1_pll  {rise@0.000ns fall@10.000ns period=20.000ns})
  Destination:            student_top_inst/Core_cpu/u_core/u_reg_mem_wb/o_mem_data_reg[1]/D
                            (rising edge-triggered cell FDCE clocked by clk_out2_pll  {rise@0.000ns fall@10.000ns period=20.000ns})
  Path Group:             clk_out2_pll
  Path Type:              Hold (Min at Fast Process Corner)
  Requirement:            0.000ns  (clk_out2_pll rise@0.000ns - clk_out1_pll rise@0.000ns)
  Data Path Delay:        0.717ns  (logic 0.156ns (21.744%)  route 0.561ns (78.256%))
  Logic Levels:           2  (LUT5=1 LUT6=1)
  Clock Path Skew:        0.281ns (DCD - SCD - CPR)
    Destination Clock Delay (DCD):    -0.673ns
    Source Clock Delay      (SCD):    -0.471ns
    Clock Pessimism Removal (CPR):    -0.484ns
  Clock Uncertainty:      0.225ns  ((TSJ^2 + DJ^2)^1/2) / 2 + PE
    Total System Jitter     (TSJ):    0.071ns
    Discrete Jitter          (DJ):    0.198ns
    Phase Error              (PE):    0.120ns

    Location             Delay type                Incr(ns)  Path(ns)    Netlist Resource(s)
  -------------------------------------------------------------------    -------------------
                         (clock clk_out1_pll rise edge)
                                                      0.000     0.000 r  
    AD12                                              0.000     0.000 r  i_sys_clk_p (IN)
                         net (fo=0)                   0.000     0.000    pll_inst/inst/clk_in1_p
    AD12                 IBUFDS (Prop_ibufds_I_O)     0.388     0.388 r  pll_inst/inst/clkin1_ibufgds/O
                         net (fo=1, routed)           0.503     0.891    pll_inst/inst/clk_in1_pll
    PLLE2_ADV_X1Y1       PLLE2_ADV (Prop_plle2_adv_CLKIN1_CLKOUT0)
                                                     -2.908    -2.017 r  pll_inst/inst/plle2_adv_inst/CLKOUT0
                         net (fo=1, routed)           0.958    -1.059    pll_inst/inst/clk_out1_pll
    BUFGCTRL_X0Y1        BUFG (Prop_bufg_I_O)         0.026    -1.033 r  pll_inst/inst/clkout1_buf/O
                         net (fo=353, routed)         0.562    -0.471    student_top_inst/bridge_inst/counter_inst/clk_out1
    SLICE_X40Y235        FDRE                                         r  student_top_inst/bridge_inst/counter_inst/cnt_ms_reg[1]/C
  -------------------------------------------------------------------    -------------------
    SLICE_X40Y235        FDRE (Prop_fdre_C_Q)         0.100    -0.371 r  student_top_inst/bridge_inst/counter_inst/cnt_ms_reg[1]/Q
                         net (fo=2, routed)           0.284    -0.086    student_top_inst/Core_cpu/u_core/u_reg_ex_mem/cnt_rdata[1]
    SLICE_X41Y238        LUT5 (Prop_lut5_I1_O)        0.028    -0.058 r  student_top_inst/Core_cpu/u_core/u_reg_ex_mem/o_mem_data[1]_i_2/O
                         net (fo=1, routed)           0.277     0.219    student_top_inst/Core_cpu/u_core/u_reg_ex_mem/perip_rdata[1]
    SLICE_X36Y238        LUT6 (Prop_lut6_I5_O)        0.028     0.247 r  student_top_inst/Core_cpu/u_core/u_reg_ex_mem/o_mem_data[1]_i_1/O
                         net (fo=1, routed)           0.000     0.247    student_top_inst/Core_cpu/u_core/u_reg_mem_wb/mem_data_m[1]
    SLICE_X36Y238        FDCE                                         r  student_top_inst/Core_cpu/u_core/u_reg_mem_wb/o_mem_data_reg[1]/D
  -------------------------------------------------------------------    -------------------

                         (clock clk_out2_pll rise edge)
                                                      0.000     0.000 r  
    AD12                                              0.000     0.000 r  i_sys_clk_p (IN)
                         net (fo=0)                   0.000     0.000    pll_inst/inst/clk_in1_p
    AD12                 IBUFDS (Prop_ibufds_I_O)     0.470     0.470 r  pll_inst/inst/clkin1_ibufgds/O
                         net (fo=1, routed)           0.554     1.024    pll_inst/inst/clk_in1_pll
    PLLE2_ADV_X1Y1       PLLE2_ADV (Prop_plle2_adv_CLKIN1_CLKOUT1)
                                                     -3.524    -2.500 r  pll_inst/inst/plle2_adv_inst/CLKOUT1
                         net (fo=1, routed)           1.027    -1.473    pll_inst/inst/clk_out2_pll
    BUFGCTRL_X0Y0        BUFG (Prop_bufg_I_O)         0.030    -1.443 r  pll_inst/inst/clkout2_buf/O
                         net (fo=35309, routed)       0.770    -0.673    student_top_inst/Core_cpu/u_core/u_reg_mem_wb/clk_out2
    SLICE_X36Y238        FDCE                                         r  student_top_inst/Core_cpu/u_core/u_reg_mem_wb/o_mem_data_reg[1]/C
                         clock pessimism              0.484    -0.190    
                         clock uncertainty            0.225     0.036    
    SLICE_X36Y238        FDCE (Hold_fdce_C_D)         0.060     0.096    student_top_inst/Core_cpu/u_core/u_reg_mem_wb/o_mem_data_reg[1]
  -------------------------------------------------------------------
                         required time                         -0.096    
                         arrival time                           0.247    
  -------------------------------------------------------------------
                         slack                                  0.151    

Slack (MET) :             0.165ns  (arrival time - required time)
  Source:                 student_top_inst/bridge_inst/counter_inst/cnt_ms_reg[3]/C
                            (rising edge-triggered cell FDRE clocked by clk_out1_pll  {rise@0.000ns fall@10.000ns period=20.000ns})
  Destination:            student_top_inst/Core_cpu/u_core/u_reg_mem_wb/o_mem_data_reg[3]/D
                            (rising edge-triggered cell FDCE clocked by clk_out2_pll  {rise@0.000ns fall@10.000ns period=20.000ns})
  Path Group:             clk_out2_pll
  Path Type:              Hold (Min at Fast Process Corner)
  Requirement:            0.000ns  (clk_out2_pll rise@0.000ns - clk_out1_pll rise@0.000ns)
  Data Path Delay:        0.729ns  (logic 0.156ns (21.397%)  route 0.573ns (78.603%))
  Logic Levels:           2  (LUT5=1 LUT6=1)
  Clock Path Skew:        0.278ns (DCD - SCD - CPR)
    Destination Clock Delay (DCD):    -0.676ns
    Source Clock Delay      (SCD):    -0.471ns
    Clock Pessimism Removal (CPR):    -0.484ns
  Clock Uncertainty:      0.225ns  ((TSJ^2 + DJ^2)^1/2) / 2 + PE
    Total System Jitter     (TSJ):    0.071ns
    Discrete Jitter          (DJ):    0.198ns
    Phase Error              (PE):    0.120ns

    Location             Delay type                Incr(ns)  Path(ns)    Netlist Resource(s)
  -------------------------------------------------------------------    -------------------
                         (clock clk_out1_pll rise edge)
                                                      0.000     0.000 r  
    AD12                                              0.000     0.000 r  i_sys_clk_p (IN)
                         net (fo=0)                   0.000     0.000    pll_inst/inst/clk_in1_p
    AD12                 IBUFDS (Prop_ibufds_I_O)     0.388     0.388 r  pll_inst/inst/clkin1_ibufgds/O
                         net (fo=1, routed)           0.503     0.891    pll_inst/inst/clk_in1_pll
    PLLE2_ADV_X1Y1       PLLE2_ADV (Prop_plle2_adv_CLKIN1_CLKOUT0)
                                                     -2.908    -2.017 r  pll_inst/inst/plle2_adv_inst/CLKOUT0
                         net (fo=1, routed)           0.958    -1.059    pll_inst/inst/clk_out1_pll
    BUFGCTRL_X0Y1        BUFG (Prop_bufg_I_O)         0.026    -1.033 r  pll_inst/inst/clkout1_buf/O
                         net (fo=353, routed)         0.562    -0.471    student_top_inst/bridge_inst/counter_inst/clk_out1
    SLICE_X40Y235        FDRE                                         r  student_top_inst/bridge_inst/counter_inst/cnt_ms_reg[3]/C
  -------------------------------------------------------------------    -------------------
    SLICE_X40Y235        FDRE (Prop_fdre_C_Q)         0.100    -0.371 r  student_top_inst/bridge_inst/counter_inst/cnt_ms_reg[3]/Q
                         net (fo=2, routed)           0.329    -0.042    student_top_inst/Core_cpu/u_core/u_reg_ex_mem/cnt_rdata[3]
    SLICE_X35Y236        LUT5 (Prop_lut5_I1_O)        0.028    -0.014 r  student_top_inst/Core_cpu/u_core/u_reg_ex_mem/o_mem_data[3]_i_2/O
                         net (fo=1, routed)           0.244     0.231    student_top_inst/Core_cpu/u_core/u_reg_ex_mem/perip_rdata[3]
    SLICE_X36Y235        LUT6 (Prop_lut6_I5_O)        0.028     0.259 r  student_top_inst/Core_cpu/u_core/u_reg_ex_mem/o_mem_data[3]_i_1/O
                         net (fo=1, routed)           0.000     0.259    student_top_inst/Core_cpu/u_core/u_reg_mem_wb/mem_data_m[3]
    SLICE_X36Y235        FDCE                                         r  student_top_inst/Core_cpu/u_core/u_reg_mem_wb/o_mem_data_reg[3]/D
  -------------------------------------------------------------------    -------------------

                         (clock clk_out2_pll rise edge)
                                                      0.000     0.000 r  
    AD12                                              0.000     0.000 r  i_sys_clk_p (IN)
                         net (fo=0)                   0.000     0.000    pll_inst/inst/clk_in1_p
    AD12                 IBUFDS (Prop_ibufds_I_O)     0.470     0.470 r  pll_inst/inst/clkin1_ibufgds/O
                         net (fo=1, routed)           0.554     1.024    pll_inst/inst/clk_in1_pll
    PLLE2_ADV_X1Y1       PLLE2_ADV (Prop_plle2_adv_CLKIN1_CLKOUT1)
                                                     -3.524    -2.500 r  pll_inst/inst/plle2_adv_inst/CLKOUT1
                         net (fo=1, routed)           1.027    -1.473    pll_inst/inst/clk_out2_pll
    BUFGCTRL_X0Y0        BUFG (Prop_bufg_I_O)         0.030    -1.443 r  pll_inst/inst/clkout2_buf/O
                         net (fo=35309, routed)       0.767    -0.676    student_top_inst/Core_cpu/u_core/u_reg_mem_wb/clk_out2
    SLICE_X36Y235        FDCE                                         r  student_top_inst/Core_cpu/u_core/u_reg_mem_wb/o_mem_data_reg[3]/C
                         clock pessimism              0.484    -0.193    
                         clock uncertainty            0.225     0.033    
    SLICE_X36Y235        FDCE (Hold_fdce_C_D)         0.061     0.094    student_top_inst/Core_cpu/u_core/u_reg_mem_wb/o_mem_data_reg[3]
  -------------------------------------------------------------------
                         required time                         -0.094    
                         arrival time                           0.259    
  -------------------------------------------------------------------
                         slack                                  0.165    

Slack (MET) :             0.168ns  (arrival time - required time)
  Source:                 student_top_inst/bridge_inst/counter_inst/cnt_ms_reg[9]/C
                            (rising edge-triggered cell FDRE clocked by clk_out1_pll  {rise@0.000ns fall@10.000ns period=20.000ns})
  Destination:            student_top_inst/Core_cpu/u_core/u_reg_mem_wb/o_mem_data_reg[9]/D
                            (rising edge-triggered cell FDCE clocked by clk_out2_pll  {rise@0.000ns fall@10.000ns period=20.000ns})
  Path Group:             clk_out2_pll
  Path Type:              Hold (Min at Fast Process Corner)
  Requirement:            0.000ns  (clk_out2_pll rise@0.000ns - clk_out1_pll rise@0.000ns)
  Data Path Delay:        0.734ns  (logic 0.156ns (21.246%)  route 0.578ns (78.754%))
  Logic Levels:           2  (LUT6=2)
  Clock Path Skew:        0.280ns (DCD - SCD - CPR)
    Destination Clock Delay (DCD):    -0.673ns
    Source Clock Delay      (SCD):    -0.470ns
    Clock Pessimism Removal (CPR):    -0.484ns
  Clock Uncertainty:      0.225ns  ((TSJ^2 + DJ^2)^1/2) / 2 + PE
    Total System Jitter     (TSJ):    0.071ns
    Discrete Jitter          (DJ):    0.198ns
    Phase Error              (PE):    0.120ns

    Location             Delay type                Incr(ns)  Path(ns)    Netlist Resource(s)
  -------------------------------------------------------------------    -------------------
                         (clock clk_out1_pll rise edge)
                                                      0.000     0.000 r  
    AD12                                              0.000     0.000 r  i_sys_clk_p (IN)
                         net (fo=0)                   0.000     0.000    pll_inst/inst/clk_in1_p
    AD12                 IBUFDS (Prop_ibufds_I_O)     0.388     0.388 r  pll_inst/inst/clkin1_ibufgds/O
                         net (fo=1, routed)           0.503     0.891    pll_inst/inst/clk_in1_pll
    PLLE2_ADV_X1Y1       PLLE2_ADV (Prop_plle2_adv_CLKIN1_CLKOUT0)
                                                     -2.908    -2.017 r  pll_inst/inst/plle2_adv_inst/CLKOUT0
                         net (fo=1, routed)           0.958    -1.059    pll_inst/inst/clk_out1_pll
    BUFGCTRL_X0Y1        BUFG (Prop_bufg_I_O)         0.026    -1.033 r  pll_inst/inst/clkout1_buf/O
                         net (fo=353, routed)         0.563    -0.470    student_top_inst/bridge_inst/counter_inst/clk_out1
    SLICE_X40Y237        FDRE                                         r  student_top_inst/bridge_inst/counter_inst/cnt_ms_reg[9]/C
  -------------------------------------------------------------------    -------------------
    SLICE_X40Y237        FDRE (Prop_fdre_C_Q)         0.100    -0.370 r  student_top_inst/bridge_inst/counter_inst/cnt_ms_reg[9]/Q
                         net (fo=2, routed)           0.282    -0.087    student_top_inst/Core_cpu/u_core/u_reg_ex_mem/cnt_rdata[9]
    SLICE_X41Y238        LUT6 (Prop_lut6_I4_O)        0.028    -0.059 r  student_top_inst/Core_cpu/u_core/u_reg_ex_mem/o_mem_data[9]_i_3/O
                         net (fo=2, routed)           0.296     0.237    student_top_inst/Core_cpu/u_core/u_reg_ex_mem/perip_rdata[9]
    SLICE_X36Y238        LUT6 (Prop_lut6_I5_O)        0.028     0.265 r  student_top_inst/Core_cpu/u_core/u_reg_ex_mem/o_mem_data[9]_i_1/O
                         net (fo=1, routed)           0.000     0.265    student_top_inst/Core_cpu/u_core/u_reg_mem_wb/mem_data_m[9]
    SLICE_X36Y238        FDCE                                         r  student_top_inst/Core_cpu/u_core/u_reg_mem_wb/o_mem_data_reg[9]/D
  -------------------------------------------------------------------    -------------------

                         (clock clk_out2_pll rise edge)
                                                      0.000     0.000 r  
    AD12                                              0.000     0.000 r  i_sys_clk_p (IN)
                         net (fo=0)                   0.000     0.000    pll_inst/inst/clk_in1_p
    AD12                 IBUFDS (Prop_ibufds_I_O)     0.470     0.470 r  pll_inst/inst/clkin1_ibufgds/O
                         net (fo=1, routed)           0.554     1.024    pll_inst/inst/clk_in1_pll
    PLLE2_ADV_X1Y1       PLLE2_ADV (Prop_plle2_adv_CLKIN1_CLKOUT1)
                                                     -3.524    -2.500 r  pll_inst/inst/plle2_adv_inst/CLKOUT1
                         net (fo=1, routed)           1.027    -1.473    pll_inst/inst/clk_out2_pll
    BUFGCTRL_X0Y0        BUFG (Prop_bufg_I_O)         0.030    -1.443 r  pll_inst/inst/clkout2_buf/O
                         net (fo=35309, routed)       0.770    -0.673    student_top_inst/Core_cpu/u_core/u_reg_mem_wb/clk_out2
    SLICE_X36Y238        FDCE                                         r  student_top_inst/Core_cpu/u_core/u_reg_mem_wb/o_mem_data_reg[9]/C
                         clock pessimism              0.484    -0.190    
                         clock uncertainty            0.225     0.036    
    SLICE_X36Y238        FDCE (Hold_fdce_C_D)         0.061     0.097    student_top_inst/Core_cpu/u_core/u_reg_mem_wb/o_mem_data_reg[9]
  -------------------------------------------------------------------
                         required time                         -0.097    
                         arrival time                           0.265    
  -------------------------------------------------------------------
                         slack                                  0.168    

Slack (MET) :             0.188ns  (arrival time - required time)
  Source:                 student_top_inst/bridge_inst/counter_inst/cnt_ms_reg[14]/C
                            (rising edge-triggered cell FDRE clocked by clk_out1_pll  {rise@0.000ns fall@10.000ns period=20.000ns})
  Destination:            student_top_inst/Core_cpu/u_core/u_reg_mem_wb/o_mem_data_reg[14]/D
                            (rising edge-triggered cell FDCE clocked by clk_out2_pll  {rise@0.000ns fall@10.000ns period=20.000ns})
  Path Group:             clk_out2_pll
  Path Type:              Hold (Min at Fast Process Corner)
  Requirement:            0.000ns  (clk_out2_pll rise@0.000ns - clk_out1_pll rise@0.000ns)
  Data Path Delay:        0.753ns  (logic 0.156ns (20.729%)  route 0.597ns (79.271%))
  Logic Levels:           2  (LUT6=2)
  Clock Path Skew:        0.279ns (DCD - SCD - CPR)
    Destination Clock Delay (DCD):    -0.673ns
    Source Clock Delay      (SCD):    -0.469ns
    Clock Pessimism Removal (CPR):    -0.484ns
  Clock Uncertainty:      0.225ns  ((TSJ^2 + DJ^2)^1/2) / 2 + PE
    Total System Jitter     (TSJ):    0.071ns
    Discrete Jitter          (DJ):    0.198ns
    Phase Error              (PE):    0.120ns

    Location             Delay type                Incr(ns)  Path(ns)    Netlist Resource(s)
  -------------------------------------------------------------------    -------------------
                         (clock clk_out1_pll rise edge)
                                                      0.000     0.000 r  
    AD12                                              0.000     0.000 r  i_sys_clk_p (IN)
                         net (fo=0)                   0.000     0.000    pll_inst/inst/clk_in1_p
    AD12                 IBUFDS (Prop_ibufds_I_O)     0.388     0.388 r  pll_inst/inst/clkin1_ibufgds/O
                         net (fo=1, routed)           0.503     0.891    pll_inst/inst/clk_in1_pll
    PLLE2_ADV_X1Y1       PLLE2_ADV (Prop_plle2_adv_CLKIN1_CLKOUT0)
                                                     -2.908    -2.017 r  pll_inst/inst/plle2_adv_inst/CLKOUT0
                         net (fo=1, routed)           0.958    -1.059    pll_inst/inst/clk_out1_pll
    BUFGCTRL_X0Y1        BUFG (Prop_bufg_I_O)         0.026    -1.033 r  pll_inst/inst/clkout1_buf/O
                         net (fo=353, routed)         0.564    -0.469    student_top_inst/bridge_inst/counter_inst/clk_out1
    SLICE_X40Y238        FDRE                                         r  student_top_inst/bridge_inst/counter_inst/cnt_ms_reg[14]/C
  -------------------------------------------------------------------    -------------------
    SLICE_X40Y238        FDRE (Prop_fdre_C_Q)         0.100    -0.369 r  student_top_inst/bridge_inst/counter_inst/cnt_ms_reg[14]/Q
                         net (fo=2, routed)           0.325    -0.044    student_top_inst/Core_cpu/u_core/u_reg_ex_mem/cnt_rdata[14]
    SLICE_X37Y239        LUT6 (Prop_lut6_I3_O)        0.028    -0.016 r  student_top_inst/Core_cpu/u_core/u_reg_ex_mem/o_mem_data[14]_i_3/O
                         net (fo=2, routed)           0.272     0.256    student_top_inst/Core_cpu/u_core/u_reg_ex_mem/perip_rdata[14]
    SLICE_X34Y237        LUT6 (Prop_lut6_I5_O)        0.028     0.284 r  student_top_inst/Core_cpu/u_core/u_reg_ex_mem/o_mem_data[14]_i_1/O
                         net (fo=1, routed)           0.000     0.284    student_top_inst/Core_cpu/u_core/u_reg_mem_wb/mem_data_m[14]
    SLICE_X34Y237        FDCE                                         r  student_top_inst/Core_cpu/u_core/u_reg_mem_wb/o_mem_data_reg[14]/D
  -------------------------------------------------------------------    -------------------

                         (clock clk_out2_pll rise edge)
                                                      0.000     0.000 r  
    AD12                                              0.000     0.000 r  i_sys_clk_p (IN)
                         net (fo=0)                   0.000     0.000    pll_inst/inst/clk_in1_p
    AD12                 IBUFDS (Prop_ibufds_I_O)     0.470     0.470 r  pll_inst/inst/clkin1_ibufgds/O
                         net (fo=1, routed)           0.554     1.024    pll_inst/inst/clk_in1_pll
    PLLE2_ADV_X1Y1       PLLE2_ADV (Prop_plle2_adv_CLKIN1_CLKOUT1)
                                                     -3.524    -2.500 r  pll_inst/inst/plle2_adv_inst/CLKOUT1
                         net (fo=1, routed)           1.027    -1.473    pll_inst/inst/clk_out2_pll
    BUFGCTRL_X0Y0        BUFG (Prop_bufg_I_O)         0.030    -1.443 r  pll_inst/inst/clkout2_buf/O
                         net (fo=35309, routed)       0.770    -0.673    student_top_inst/Core_cpu/u_core/u_reg_mem_wb/clk_out2
    SLICE_X34Y237        FDCE                                         r  student_top_inst/Core_cpu/u_core/u_reg_mem_wb/o_mem_data_reg[14]/C
                         clock pessimism              0.484    -0.190    
                         clock uncertainty            0.225     0.036    
    SLICE_X34Y237        FDCE (Hold_fdce_C_D)         0.060     0.096    student_top_inst/Core_cpu/u_core/u_reg_mem_wb/o_mem_data_reg[14]
  -------------------------------------------------------------------
                         required time                         -0.096    
                         arrival time                           0.284    
  -------------------------------------------------------------------
                         slack                                  0.188    

Slack (MET) :             0.191ns  (arrival time - required time)
  Source:                 student_top_inst/bridge_inst/counter_inst/cnt_ms_reg[0]/C
                            (rising edge-triggered cell FDRE clocked by clk_out1_pll  {rise@0.000ns fall@10.000ns period=20.000ns})
  Destination:            student_top_inst/Core_cpu/u_core/u_reg_mem_wb/o_mem_data_reg[0]/D
                            (rising edge-triggered cell FDCE clocked by clk_out2_pll  {rise@0.000ns fall@10.000ns period=20.000ns})
  Path Group:             clk_out2_pll
  Path Type:              Hold (Min at Fast Process Corner)
  Requirement:            0.000ns  (clk_out2_pll rise@0.000ns - clk_out1_pll rise@0.000ns)
  Data Path Delay:        0.757ns  (logic 0.156ns (20.610%)  route 0.601ns (79.390%))
  Logic Levels:           2  (LUT5=1 LUT6=1)
  Clock Path Skew:        0.281ns (DCD - SCD - CPR)
    Destination Clock Delay (DCD):    -0.673ns
    Source Clock Delay      (SCD):    -0.471ns
    Clock Pessimism Removal (CPR):    -0.484ns
  Clock Uncertainty:      0.225ns  ((TSJ^2 + DJ^2)^1/2) / 2 + PE
    Total System Jitter     (TSJ):    0.071ns
    Discrete Jitter          (DJ):    0.198ns
    Phase Error              (PE):    0.120ns

    Location             Delay type                Incr(ns)  Path(ns)    Netlist Resource(s)
  -------------------------------------------------------------------    -------------------
                         (clock clk_out1_pll rise edge)
                                                      0.000     0.000 r  
    AD12                                              0.000     0.000 r  i_sys_clk_p (IN)
                         net (fo=0)                   0.000     0.000    pll_inst/inst/clk_in1_p
    AD12                 IBUFDS (Prop_ibufds_I_O)     0.388     0.388 r  pll_inst/inst/clkin1_ibufgds/O
                         net (fo=1, routed)           0.503     0.891    pll_inst/inst/clk_in1_pll
    PLLE2_ADV_X1Y1       PLLE2_ADV (Prop_plle2_adv_CLKIN1_CLKOUT0)
                                                     -2.908    -2.017 r  pll_inst/inst/plle2_adv_inst/CLKOUT0
                         net (fo=1, routed)           0.958    -1.059    pll_inst/inst/clk_out1_pll
    BUFGCTRL_X0Y1        BUFG (Prop_bufg_I_O)         0.026    -1.033 r  pll_inst/inst/clkout1_buf/O
                         net (fo=353, routed)         0.562    -0.471    student_top_inst/bridge_inst/counter_inst/clk_out1
    SLICE_X40Y235        FDRE                                         r  student_top_inst/bridge_inst/counter_inst/cnt_ms_reg[0]/C
  -------------------------------------------------------------------    -------------------
    SLICE_X40Y235        FDRE (Prop_fdre_C_Q)         0.100    -0.371 r  student_top_inst/bridge_inst/counter_inst/cnt_ms_reg[0]/Q
                         net (fo=2, routed)           0.334    -0.037    student_top_inst/Core_cpu/u_core/u_reg_ex_mem/cnt_rdata[0]
    SLICE_X36Y236        LUT5 (Prop_lut5_I1_O)        0.028    -0.009 r  student_top_inst/Core_cpu/u_core/u_reg_ex_mem/o_mem_data[0]_i_2/O
                         net (fo=1, routed)           0.267     0.258    student_top_inst/Core_cpu/u_core/u_reg_ex_mem/perip_rdata[0]
    SLICE_X35Y237        LUT6 (Prop_lut6_I5_O)        0.028     0.286 r  student_top_inst/Core_cpu/u_core/u_reg_ex_mem/o_mem_data[0]_i_1/O
                         net (fo=1, routed)           0.000     0.286    student_top_inst/Core_cpu/u_core/u_reg_mem_wb/mem_data_m[0]
    SLICE_X35Y237        FDCE                                         r  student_top_inst/Core_cpu/u_core/u_reg_mem_wb/o_mem_data_reg[0]/D
  -------------------------------------------------------------------    -------------------

                         (clock clk_out2_pll rise edge)
                                                      0.000     0.000 r  
    AD12                                              0.000     0.000 r  i_sys_clk_p (IN)
                         net (fo=0)                   0.000     0.000    pll_inst/inst/clk_in1_p
    AD12                 IBUFDS (Prop_ibufds_I_O)     0.470     0.470 r  pll_inst/inst/clkin1_ibufgds/O
                         net (fo=1, routed)           0.554     1.024    pll_inst/inst/clk_in1_pll
    PLLE2_ADV_X1Y1       PLLE2_ADV (Prop_plle2_adv_CLKIN1_CLKOUT1)
                                                     -3.524    -2.500 r  pll_inst/inst/plle2_adv_inst/CLKOUT1
                         net (fo=1, routed)           1.027    -1.473    pll_inst/inst/clk_out2_pll
    BUFGCTRL_X0Y0        BUFG (Prop_bufg_I_O)         0.030    -1.443 r  pll_inst/inst/clkout2_buf/O
                         net (fo=35309, routed)       0.770    -0.673    student_top_inst/Core_cpu/u_core/u_reg_mem_wb/clk_out2
    SLICE_X35Y237        FDCE                                         r  student_top_inst/Core_cpu/u_core/u_reg_mem_wb/o_mem_data_reg[0]/C
                         clock pessimism              0.484    -0.190    
                         clock uncertainty            0.225     0.036    
    SLICE_X35Y237        FDCE (Hold_fdce_C_D)         0.060     0.096    student_top_inst/Core_cpu/u_core/u_reg_mem_wb/o_mem_data_reg[0]
  -------------------------------------------------------------------
                         required time                         -0.096    
                         arrival time                           0.286    
  -------------------------------------------------------------------
                         slack                                  0.191    





--------------------------------------------------------------------------------------
Path Group:  (none)
From Clock:  clk_out1_pll
  To Clock:  

Max Delay             1 Endpoint
Min Delay             1 Endpoint
--------------------------------------------------------------------------------------


Max Delay Paths
--------------------------------------------------------------------------------------
Slack:                    inf
  Source:                 uart_inst/tx_reg/C
                            (rising edge-triggered cell FDPE clocked by clk_out1_pll  {rise@0.000ns fall@10.000ns period=20.000ns})
  Destination:            o_uart_tx
                            (output port)
  Path Group:             (none)
  Path Type:              Max at Slow Process Corner
  Data Path Delay:        5.276ns  (logic 3.539ns (67.071%)  route 1.737ns (32.929%))
  Logic Levels:           1  (OBUF=1)
  Clock Uncertainty:      0.258ns  ((TSJ^2 + DJ^2)^1/2) / 2 + PE
    Total System Jitter     (TSJ):    0.050ns
    Discrete Jitter          (DJ):    0.198ns
    Phase Error              (PE):    0.156ns

    Location             Delay type                Incr(ns)  Path(ns)    Netlist Resource(s)
  -------------------------------------------------------------------    -------------------
                         (clock clk_out1_pll rise edge)
                                                      0.000     0.000 r  
    AD12                                              0.000     0.000 r  i_sys_clk_p (IN)
                         net (fo=0)                   0.000     0.000    pll_inst/inst/clk_in1_p
    AD12                 IBUFDS (Prop_ibufds_I_O)     0.906     0.906 r  pll_inst/inst/clkin1_ibufgds/O
                         net (fo=1, routed)           1.098     2.004    pll_inst/inst/clk_in1_pll
    PLLE2_ADV_X1Y1       PLLE2_ADV (Prop_plle2_adv_CLKIN1_CLKOUT0)
                                                     -8.058    -6.054 r  pll_inst/inst/plle2_adv_inst/CLKOUT0
                         net (fo=1, routed)           2.128    -3.926    pll_inst/inst/clk_out1_pll
    BUFGCTRL_X0Y1        BUFG (Prop_bufg_I_O)         0.093    -3.833 r  pll_inst/inst/clkout1_buf/O
                         net (fo=353, routed)         1.450    -2.383    uart_inst/clk_out1
    SLICE_X13Y256        FDPE                                         r  uart_inst/tx_reg/C
  -------------------------------------------------------------------    -------------------
    SLICE_X13Y256        FDPE (Prop_fdpe_C_Q)         0.223    -2.160 r  uart_inst/tx_reg/Q
                         net (fo=1, routed)           1.737    -0.423    o_uart_tx_OBUF
    D17                  OBUF (Prop_obuf_I_O)         3.316     2.893 r  o_uart_tx_OBUF_inst/O
                         net (fo=0)                   0.000     2.893    o_uart_tx
    D17                                                               r  o_uart_tx (OUT)
  -------------------------------------------------------------------    -------------------





Min Delay Paths
--------------------------------------------------------------------------------------
Slack:                    inf
  Source:                 uart_inst/tx_reg/C
                            (rising edge-triggered cell FDPE clocked by clk_out1_pll  {rise@0.000ns fall@10.000ns period=20.000ns})
  Destination:            o_uart_tx
                            (output port)
  Path Group:             (none)
  Path Type:              Min at Fast Process Corner
  Data Path Delay:        2.203ns  (logic 1.524ns (69.158%)  route 0.679ns (30.842%))
  Logic Levels:           1  (OBUF=1)
  Clock Uncertainty:      0.258ns  ((TSJ^2 + DJ^2)^1/2) / 2 + PE
    Total System Jitter     (TSJ):    0.050ns
    Discrete Jitter          (DJ):    0.198ns
    Phase Error              (PE):    0.156ns

    Location             Delay type                Incr(ns)  Path(ns)    Netlist Resource(s)
  -------------------------------------------------------------------    -------------------
                         (clock clk_out1_pll rise edge)
                                                      0.000     0.000 r  
    AD12                                              0.000     0.000 r  i_sys_clk_p (IN)
                         net (fo=0)                   0.000     0.000    pll_inst/inst/clk_in1_p
    AD12                 IBUFDS (Prop_ibufds_I_O)     0.388     0.388 r  pll_inst/inst/clkin1_ibufgds/O
                         net (fo=1, routed)           0.503     0.891    pll_inst/inst/clk_in1_pll
    PLLE2_ADV_X1Y1       PLLE2_ADV (Prop_plle2_adv_CLKIN1_CLKOUT0)
                                                     -2.908    -2.017 r  pll_inst/inst/plle2_adv_inst/CLKOUT0
                         net (fo=1, routed)           0.958    -1.059    pll_inst/inst/clk_out1_pll
    BUFGCTRL_X0Y1        BUFG (Prop_bufg_I_O)         0.026    -1.033 r  pll_inst/inst/clkout1_buf/O
                         net (fo=353, routed)         0.657    -0.376    uart_inst/clk_out1
    SLICE_X13Y256        FDPE                                         r  uart_inst/tx_reg/C
  -------------------------------------------------------------------    -------------------
    SLICE_X13Y256        FDPE (Prop_fdpe_C_Q)         0.100    -0.276 r  uart_inst/tx_reg/Q
                         net (fo=1, routed)           0.679     0.404    o_uart_tx_OBUF
    D17                  OBUF (Prop_obuf_I_O)         1.424     1.827 r  o_uart_tx_OBUF_inst/O
                         net (fo=0)                   0.000     1.827    o_uart_tx
    D17                                                               r  o_uart_tx (OUT)
  -------------------------------------------------------------------    -------------------





--------------------------------------------------------------------------------------
Path Group:  (none)
From Clock:  clk_out2_pll
  To Clock:  

Max Delay            68 Endpoints
Min Delay            68 Endpoints
--------------------------------------------------------------------------------------


Max Delay Paths
--------------------------------------------------------------------------------------
Slack:                    inf
  Source:                 student_top_inst/bridge_inst/seg_driver/count_reg[4]/C
                            (rising edge-triggered cell FDCE clocked by clk_out2_pll  {rise@0.000ns fall@10.000ns period=20.000ns})
  Destination:            virtual_seg[36]
                            (output port)
  Path Group:             (none)
  Path Type:              Max at Slow Process Corner
  Data Path Delay:        11.452ns  (logic 2.925ns (25.544%)  route 8.527ns (74.456%))
  Logic Levels:           3  (LUT3=1 LUT6=1 OBUF=1)
  Clock Uncertainty:      0.258ns  ((TSJ^2 + DJ^2)^1/2) / 2 + PE
    Total System Jitter     (TSJ):    0.050ns
    Discrete Jitter          (DJ):    0.198ns
    Phase Error              (PE):    0.156ns

    Location             Delay type                Incr(ns)  Path(ns)    Netlist Resource(s)
  -------------------------------------------------------------------    -------------------
                         (clock clk_out2_pll rise edge)
                                                      0.000     0.000 r  
    AD12                                              0.000     0.000 r  i_sys_clk_p (IN)
                         net (fo=0)                   0.000     0.000    pll_inst/inst/clk_in1_p
    AD12                 IBUFDS (Prop_ibufds_I_O)     0.906     0.906 r  pll_inst/inst/clkin1_ibufgds/O
                         net (fo=1, routed)           1.098     2.004    pll_inst/inst/clk_in1_pll
    PLLE2_ADV_X1Y1       PLLE2_ADV (Prop_plle2_adv_CLKIN1_CLKOUT1)
                                                     -8.058    -6.054 r  pll_inst/inst/plle2_adv_inst/CLKOUT1
                         net (fo=1, routed)           2.128    -3.926    pll_inst/inst/clk_out2_pll
    BUFGCTRL_X0Y0        BUFG (Prop_bufg_I_O)         0.093    -3.833 r  pll_inst/inst/clkout2_buf/O
                         net (fo=35309, routed)       1.291    -2.542    student_top_inst/bridge_inst/seg_driver/clk_out2
    SLICE_X14Y245        FDCE                                         r  student_top_inst/bridge_inst/seg_driver/count_reg[4]/C
  -------------------------------------------------------------------    -------------------
    SLICE_X14Y245        FDCE (Prop_fdce_C_Q)         0.236    -2.306 r  student_top_inst/bridge_inst/seg_driver/count_reg[4]/Q
                         net (fo=50, routed)          2.068    -0.239    student_top_inst/bridge_inst/seg_driver/Q[0]
    SLICE_X28Y241        LUT3 (Prop_lut3_I1_O)        0.132    -0.107 r  student_top_inst/bridge_inst/seg_driver/virtual_seg_OBUF[36]_inst_i_3/O
                         net (fo=4, routed)           0.842     0.736    student_top_inst/bridge_inst/seg_driver/virtual_seg_OBUF[36]_inst_i_3_n_0
    SLICE_X28Y241        LUT6 (Prop_lut6_I1_O)        0.136     0.872 r  student_top_inst/bridge_inst/seg_driver/virtual_seg_OBUF[36]_inst_i_1/O
                         net (fo=2, routed)           5.617     6.488    virtual_seg_OBUF[36]
    AK28                 OBUF (Prop_obuf_I_O)         2.421     8.910 r  virtual_seg_OBUF[36]_inst/O
                         net (fo=0)                   0.000     8.910    virtual_seg[36]
    AK28                                                              r  virtual_seg[36] (OUT)
  -------------------------------------------------------------------    -------------------

Slack:                    inf
  Source:                 student_top_inst/bridge_inst/seg_driver/count_reg[4]/C
                            (rising edge-triggered cell FDCE clocked by clk_out2_pll  {rise@0.000ns fall@10.000ns period=20.000ns})
  Destination:            virtual_seg[26]
                            (output port)
  Path Group:             (none)
  Path Type:              Max at Slow Process Corner
  Data Path Delay:        10.920ns  (logic 2.813ns (25.758%)  route 8.107ns (74.242%))
  Logic Levels:           3  (LUT3=1 LUT6=1 OBUF=1)
  Clock Uncertainty:      0.258ns  ((TSJ^2 + DJ^2)^1/2) / 2 + PE
    Total System Jitter     (TSJ):    0.050ns
    Discrete Jitter          (DJ):    0.198ns
    Phase Error              (PE):    0.156ns

    Location             Delay type                Incr(ns)  Path(ns)    Netlist Resource(s)
  -------------------------------------------------------------------    -------------------
                         (clock clk_out2_pll rise edge)
                                                      0.000     0.000 r  
    AD12                                              0.000     0.000 r  i_sys_clk_p (IN)
                         net (fo=0)                   0.000     0.000    pll_inst/inst/clk_in1_p
    AD12                 IBUFDS (Prop_ibufds_I_O)     0.906     0.906 r  pll_inst/inst/clkin1_ibufgds/O
                         net (fo=1, routed)           1.098     2.004    pll_inst/inst/clk_in1_pll
    PLLE2_ADV_X1Y1       PLLE2_ADV (Prop_plle2_adv_CLKIN1_CLKOUT1)
                                                     -8.058    -6.054 r  pll_inst/inst/plle2_adv_inst/CLKOUT1
                         net (fo=1, routed)           2.128    -3.926    pll_inst/inst/clk_out2_pll
    BUFGCTRL_X0Y0        BUFG (Prop_bufg_I_O)         0.093    -3.833 r  pll_inst/inst/clkout2_buf/O
                         net (fo=35309, routed)       1.291    -2.542    student_top_inst/bridge_inst/seg_driver/clk_out2
    SLICE_X14Y245        FDCE                                         r  student_top_inst/bridge_inst/seg_driver/count_reg[4]/C
  -------------------------------------------------------------------    -------------------
    SLICE_X14Y245        FDCE (Prop_fdce_C_Q)         0.236    -2.306 r  student_top_inst/bridge_inst/seg_driver/count_reg[4]/Q
                         net (fo=50, routed)          1.589    -0.717    student_top_inst/bridge_inst/seg_driver/Q[0]
    SLICE_X30Y241        LUT3 (Prop_lut3_I1_O)        0.124    -0.593 r  student_top_inst/bridge_inst/seg_driver/virtual_seg_OBUF[26]_inst_i_2/O
                         net (fo=7, routed)           1.465     0.872    student_top_inst/bridge_inst/seg_driver/virtual_seg_OBUF[26]_inst_i_2_n_0
    SLICE_X25Y242        LUT6 (Prop_lut6_I0_O)        0.043     0.915 r  student_top_inst/bridge_inst/seg_driver/virtual_seg_OBUF[26]_inst_i_1/O
                         net (fo=2, routed)           5.053     5.968    virtual_seg_OBUF[26]
    AJ26                 OBUF (Prop_obuf_I_O)         2.410     8.378 r  virtual_seg_OBUF[26]_inst/O
                         net (fo=0)                   0.000     8.378    virtual_seg[26]
    AJ26                                                              r  virtual_seg[26] (OUT)
  -------------------------------------------------------------------    -------------------

Slack:                    inf
  Source:                 student_top_inst/bridge_inst/seg_driver/count_reg[4]/C
                            (rising edge-triggered cell FDCE clocked by clk_out2_pll  {rise@0.000ns fall@10.000ns period=20.000ns})
  Destination:            virtual_seg[32]
                            (output port)
  Path Group:             (none)
  Path Type:              Max at Slow Process Corner
  Data Path Delay:        10.399ns  (logic 2.920ns (28.078%)  route 7.479ns (71.922%))
  Logic Levels:           3  (LUT3=1 LUT6=1 OBUF=1)
  Clock Uncertainty:      0.258ns  ((TSJ^2 + DJ^2)^1/2) / 2 + PE
    Total System Jitter     (TSJ):    0.050ns
    Discrete Jitter          (DJ):    0.198ns
    Phase Error              (PE):    0.156ns

    Location             Delay type                Incr(ns)  Path(ns)    Netlist Resource(s)
  -------------------------------------------------------------------    -------------------
                         (clock clk_out2_pll rise edge)
                                                      0.000     0.000 r  
    AD12                                              0.000     0.000 r  i_sys_clk_p (IN)
                         net (fo=0)                   0.000     0.000    pll_inst/inst/clk_in1_p
    AD12                 IBUFDS (Prop_ibufds_I_O)     0.906     0.906 r  pll_inst/inst/clkin1_ibufgds/O
                         net (fo=1, routed)           1.098     2.004    pll_inst/inst/clk_in1_pll
    PLLE2_ADV_X1Y1       PLLE2_ADV (Prop_plle2_adv_CLKIN1_CLKOUT1)
                                                     -8.058    -6.054 r  pll_inst/inst/plle2_adv_inst/CLKOUT1
                         net (fo=1, routed)           2.128    -3.926    pll_inst/inst/clk_out2_pll
    BUFGCTRL_X0Y0        BUFG (Prop_bufg_I_O)         0.093    -3.833 r  pll_inst/inst/clkout2_buf/O
                         net (fo=35309, routed)       1.291    -2.542    student_top_inst/bridge_inst/seg_driver/clk_out2
    SLICE_X14Y245        FDCE                                         r  student_top_inst/bridge_inst/seg_driver/count_reg[4]/C
  -------------------------------------------------------------------    -------------------
    SLICE_X14Y245        FDCE (Prop_fdce_C_Q)         0.236    -2.306 r  student_top_inst/bridge_inst/seg_driver/count_reg[4]/Q
                         net (fo=50, routed)          2.068    -0.239    student_top_inst/bridge_inst/seg_driver/Q[0]
    SLICE_X28Y241        LUT3 (Prop_lut3_I1_O)        0.132    -0.107 f  student_top_inst/bridge_inst/seg_driver/virtual_seg_OBUF[36]_inst_i_3/O
                         net (fo=4, routed)           0.932     0.826    student_top_inst/bridge_inst/seg_driver/virtual_seg_OBUF[36]_inst_i_3_n_0
    SLICE_X28Y241        LUT6 (Prop_lut6_I5_O)        0.136     0.962 r  student_top_inst/bridge_inst/seg_driver/virtual_seg_OBUF[32]_inst_i_1/O
                         net (fo=2, routed)           4.479     5.441    virtual_seg_OBUF[32]
    AJ27                 OBUF (Prop_obuf_I_O)         2.416     7.857 r  virtual_seg_OBUF[32]_inst/O
                         net (fo=0)                   0.000     7.857    virtual_seg[32]
    AJ27                                                              r  virtual_seg[32] (OUT)
  -------------------------------------------------------------------    -------------------

Slack:                    inf
  Source:                 student_top_inst/bridge_inst/seg_driver/count_reg[4]/C
                            (rising edge-triggered cell FDCE clocked by clk_out2_pll  {rise@0.000ns fall@10.000ns period=20.000ns})
  Destination:            virtual_seg[1]
                            (output port)
  Path Group:             (none)
  Path Type:              Max at Slow Process Corner
  Data Path Delay:        9.966ns  (logic 2.878ns (28.877%)  route 7.088ns (71.123%))
  Logic Levels:           3  (LUT3=1 LUT6=1 OBUF=1)
  Clock Uncertainty:      0.258ns  ((TSJ^2 + DJ^2)^1/2) / 2 + PE
    Total System Jitter     (TSJ):    0.050ns
    Discrete Jitter          (DJ):    0.198ns
    Phase Error              (PE):    0.156ns

    Location             Delay type                Incr(ns)  Path(ns)    Netlist Resource(s)
  -------------------------------------------------------------------    -------------------
                         (clock clk_out2_pll rise edge)
                                                      0.000     0.000 r  
    AD12                                              0.000     0.000 r  i_sys_clk_p (IN)
                         net (fo=0)                   0.000     0.000    pll_inst/inst/clk_in1_p
    AD12                 IBUFDS (Prop_ibufds_I_O)     0.906     0.906 r  pll_inst/inst/clkin1_ibufgds/O
                         net (fo=1, routed)           1.098     2.004    pll_inst/inst/clk_in1_pll
    PLLE2_ADV_X1Y1       PLLE2_ADV (Prop_plle2_adv_CLKIN1_CLKOUT1)
                                                     -8.058    -6.054 r  pll_inst/inst/plle2_adv_inst/CLKOUT1
                         net (fo=1, routed)           2.128    -3.926    pll_inst/inst/clk_out2_pll
    BUFGCTRL_X0Y0        BUFG (Prop_bufg_I_O)         0.093    -3.833 r  pll_inst/inst/clkout2_buf/O
                         net (fo=35309, routed)       1.291    -2.542    student_top_inst/bridge_inst/seg_driver/clk_out2
    SLICE_X14Y245        FDCE                                         r  student_top_inst/bridge_inst/seg_driver/count_reg[4]/C
  -------------------------------------------------------------------    -------------------
    SLICE_X14Y245        FDCE (Prop_fdce_C_Q)         0.236    -2.306 r  student_top_inst/bridge_inst/seg_driver/count_reg[4]/Q
                         net (fo=50, routed)          1.460    -0.846    student_top_inst/bridge_inst/seg_driver/Q[0]
    SLICE_X32Y241        LUT3 (Prop_lut3_I1_O)        0.133    -0.713 f  student_top_inst/bridge_inst/seg_driver/virtual_seg_OBUF[6]_inst_i_4/O
                         net (fo=7, routed)           1.415     0.702    student_top_inst/bridge_inst/seg_driver/virtual_seg_OBUF[6]_inst_i_4_n_0
    SLICE_X24Y245        LUT6 (Prop_lut6_I1_O)        0.136     0.838 r  student_top_inst/bridge_inst/seg_driver/virtual_seg_OBUF[1]_inst_i_1/O
                         net (fo=2, routed)           4.213     5.051    virtual_seg_OBUF[1]
    L15                  OBUF (Prop_obuf_I_O)         2.373     7.424 r  virtual_seg_OBUF[1]_inst/O
                         net (fo=0)                   0.000     7.424    virtual_seg[1]
    L15                                                               r  virtual_seg[1] (OUT)
  -------------------------------------------------------------------    -------------------

Slack:                    inf
  Source:                 student_top_inst/bridge_inst/seg_driver/count_reg[4]/C
                            (rising edge-triggered cell FDCE clocked by clk_out2_pll  {rise@0.000ns fall@10.000ns period=20.000ns})
  Destination:            virtual_seg[34]
                            (output port)
  Path Group:             (none)
  Path Type:              Max at Slow Process Corner
  Data Path Delay:        9.794ns  (logic 2.919ns (29.809%)  route 6.874ns (70.191%))
  Logic Levels:           3  (LUT3=1 LUT6=1 OBUF=1)
  Clock Uncertainty:      0.258ns  ((TSJ^2 + DJ^2)^1/2) / 2 + PE
    Total System Jitter     (TSJ):    0.050ns
    Discrete Jitter          (DJ):    0.198ns
    Phase Error              (PE):    0.156ns

    Location             Delay type                Incr(ns)  Path(ns)    Netlist Resource(s)
  -------------------------------------------------------------------    -------------------
                         (clock clk_out2_pll rise edge)
                                                      0.000     0.000 r  
    AD12                                              0.000     0.000 r  i_sys_clk_p (IN)
                         net (fo=0)                   0.000     0.000    pll_inst/inst/clk_in1_p
    AD12                 IBUFDS (Prop_ibufds_I_O)     0.906     0.906 r  pll_inst/inst/clkin1_ibufgds/O
                         net (fo=1, routed)           1.098     2.004    pll_inst/inst/clk_in1_pll
    PLLE2_ADV_X1Y1       PLLE2_ADV (Prop_plle2_adv_CLKIN1_CLKOUT1)
                                                     -8.058    -6.054 r  pll_inst/inst/plle2_adv_inst/CLKOUT1
                         net (fo=1, routed)           2.128    -3.926    pll_inst/inst/clk_out2_pll
    BUFGCTRL_X0Y0        BUFG (Prop_bufg_I_O)         0.093    -3.833 r  pll_inst/inst/clkout2_buf/O
                         net (fo=35309, routed)       1.291    -2.542    student_top_inst/bridge_inst/seg_driver/clk_out2
    SLICE_X14Y245        FDCE                                         r  student_top_inst/bridge_inst/seg_driver/count_reg[4]/C
  -------------------------------------------------------------------    -------------------
    SLICE_X14Y245        FDCE (Prop_fdce_C_Q)         0.236    -2.306 r  student_top_inst/bridge_inst/seg_driver/count_reg[4]/Q
                         net (fo=50, routed)          2.068    -0.239    student_top_inst/bridge_inst/seg_driver/Q[0]
    SLICE_X28Y241        LUT3 (Prop_lut3_I1_O)        0.132    -0.107 r  student_top_inst/bridge_inst/seg_driver/virtual_seg_OBUF[36]_inst_i_3/O
                         net (fo=4, routed)           0.845     0.738    student_top_inst/bridge_inst/seg_driver/virtual_seg_OBUF[36]_inst_i_3_n_0
    SLICE_X28Y241        LUT6 (Prop_lut6_I3_O)        0.136     0.874 r  student_top_inst/bridge_inst/seg_driver/virtual_seg_OBUF[34]_inst_i_1/O
                         net (fo=2, routed)           3.962     4.836    virtual_seg_OBUF[34]
    AG30                 OBUF (Prop_obuf_I_O)         2.415     7.251 r  virtual_seg_OBUF[34]_inst/O
                         net (fo=0)                   0.000     7.251    virtual_seg[34]
    AG30                                                              r  virtual_seg[34] (OUT)
  -------------------------------------------------------------------    -------------------

Slack:                    inf
  Source:                 student_top_inst/bridge_inst/seg_driver/count_reg[4]/C
                            (rising edge-triggered cell FDCE clocked by clk_out2_pll  {rise@0.000ns fall@10.000ns period=20.000ns})
  Destination:            virtual_seg[24]
                            (output port)
  Path Group:             (none)
  Path Type:              Max at Slow Process Corner
  Data Path Delay:        9.744ns  (logic 2.782ns (28.547%)  route 6.963ns (71.453%))
  Logic Levels:           3  (LUT3=1 LUT6=1 OBUF=1)
  Clock Uncertainty:      0.258ns  ((TSJ^2 + DJ^2)^1/2) / 2 + PE
    Total System Jitter     (TSJ):    0.050ns
    Discrete Jitter          (DJ):    0.198ns
    Phase Error              (PE):    0.156ns

    Location             Delay type                Incr(ns)  Path(ns)    Netlist Resource(s)
  -------------------------------------------------------------------    -------------------
                         (clock clk_out2_pll rise edge)
                                                      0.000     0.000 r  
    AD12                                              0.000     0.000 r  i_sys_clk_p (IN)
                         net (fo=0)                   0.000     0.000    pll_inst/inst/clk_in1_p
    AD12                 IBUFDS (Prop_ibufds_I_O)     0.906     0.906 r  pll_inst/inst/clkin1_ibufgds/O
                         net (fo=1, routed)           1.098     2.004    pll_inst/inst/clk_in1_pll
    PLLE2_ADV_X1Y1       PLLE2_ADV (Prop_plle2_adv_CLKIN1_CLKOUT1)
                                                     -8.058    -6.054 r  pll_inst/inst/plle2_adv_inst/CLKOUT1
                         net (fo=1, routed)           2.128    -3.926    pll_inst/inst/clk_out2_pll
    BUFGCTRL_X0Y0        BUFG (Prop_bufg_I_O)         0.093    -3.833 r  pll_inst/inst/clkout2_buf/O
                         net (fo=35309, routed)       1.291    -2.542    student_top_inst/bridge_inst/seg_driver/clk_out2
    SLICE_X14Y245        FDCE                                         r  student_top_inst/bridge_inst/seg_driver/count_reg[4]/C
  -------------------------------------------------------------------    -------------------
    SLICE_X14Y245        FDCE (Prop_fdce_C_Q)         0.236    -2.306 r  student_top_inst/bridge_inst/seg_driver/count_reg[4]/Q
                         net (fo=50, routed)          1.589    -0.717    student_top_inst/bridge_inst/seg_driver/Q[0]
    SLICE_X30Y241        LUT3 (Prop_lut3_I1_O)        0.124    -0.593 r  student_top_inst/bridge_inst/seg_driver/virtual_seg_OBUF[26]_inst_i_2/O
                         net (fo=7, routed)           1.470     0.877    student_top_inst/bridge_inst/seg_driver/virtual_seg_OBUF[26]_inst_i_2_n_0
    SLICE_X25Y242        LUT6 (Prop_lut6_I5_O)        0.043     0.920 r  student_top_inst/bridge_inst/seg_driver/virtual_seg_OBUF[24]_inst_i_1/O
                         net (fo=2, routed)           3.903     4.823    virtual_seg_OBUF[24]
    AF26                 OBUF (Prop_obuf_I_O)         2.379     7.202 r  virtual_seg_OBUF[24]_inst/O
                         net (fo=0)                   0.000     7.202    virtual_seg[24]
    AF26                                                              r  virtual_seg[24] (OUT)
  -------------------------------------------------------------------    -------------------

Slack:                    inf
  Source:                 student_top_inst/bridge_inst/seg_driver/count_reg[4]/C
                            (rising edge-triggered cell FDCE clocked by clk_out2_pll  {rise@0.000ns fall@10.000ns period=20.000ns})
  Destination:            virtual_seg[22]
                            (output port)
  Path Group:             (none)
  Path Type:              Max at Slow Process Corner
  Data Path Delay:        9.663ns  (logic 2.790ns (28.876%)  route 6.873ns (71.124%))
  Logic Levels:           3  (LUT3=1 LUT6=1 OBUF=1)
  Clock Uncertainty:      0.258ns  ((TSJ^2 + DJ^2)^1/2) / 2 + PE
    Total System Jitter     (TSJ):    0.050ns
    Discrete Jitter          (DJ):    0.198ns
    Phase Error              (PE):    0.156ns

    Location             Delay type                Incr(ns)  Path(ns)    Netlist Resource(s)
  -------------------------------------------------------------------    -------------------
                         (clock clk_out2_pll rise edge)
                                                      0.000     0.000 r  
    AD12                                              0.000     0.000 r  i_sys_clk_p (IN)
                         net (fo=0)                   0.000     0.000    pll_inst/inst/clk_in1_p
    AD12                 IBUFDS (Prop_ibufds_I_O)     0.906     0.906 r  pll_inst/inst/clkin1_ibufgds/O
                         net (fo=1, routed)           1.098     2.004    pll_inst/inst/clk_in1_pll
    PLLE2_ADV_X1Y1       PLLE2_ADV (Prop_plle2_adv_CLKIN1_CLKOUT1)
                                                     -8.058    -6.054 r  pll_inst/inst/plle2_adv_inst/CLKOUT1
                         net (fo=1, routed)           2.128    -3.926    pll_inst/inst/clk_out2_pll
    BUFGCTRL_X0Y0        BUFG (Prop_bufg_I_O)         0.093    -3.833 r  pll_inst/inst/clkout2_buf/O
                         net (fo=35309, routed)       1.291    -2.542    student_top_inst/bridge_inst/seg_driver/clk_out2
    SLICE_X14Y245        FDCE                                         r  student_top_inst/bridge_inst/seg_driver/count_reg[4]/C
  -------------------------------------------------------------------    -------------------
    SLICE_X14Y245        FDCE (Prop_fdce_C_Q)         0.236    -2.306 r  student_top_inst/bridge_inst/seg_driver/count_reg[4]/Q
                         net (fo=50, routed)          1.589    -0.717    student_top_inst/bridge_inst/seg_driver/Q[0]
    SLICE_X30Y241        LUT3 (Prop_lut3_I1_O)        0.124    -0.593 r  student_top_inst/bridge_inst/seg_driver/virtual_seg_OBUF[26]_inst_i_2/O
                         net (fo=7, routed)           1.470     0.877    student_top_inst/bridge_inst/seg_driver/virtual_seg_OBUF[26]_inst_i_2_n_0
    SLICE_X25Y242        LUT6 (Prop_lut6_I0_O)        0.043     0.920 r  student_top_inst/bridge_inst/seg_driver/virtual_seg_OBUF[22]_inst_i_1/O
                         net (fo=2, routed)           3.813     4.733    virtual_seg_OBUF[22]
    AF27                 OBUF (Prop_obuf_I_O)         2.387     7.121 r  virtual_seg_OBUF[22]_inst/O
                         net (fo=0)                   0.000     7.121    virtual_seg[22]
    AF27                                                              r  virtual_seg[22] (OUT)
  -------------------------------------------------------------------    -------------------

Slack:                    inf
  Source:                 student_top_inst/bridge_inst/seg_driver/count_reg[4]/C
                            (rising edge-triggered cell FDCE clocked by clk_out2_pll  {rise@0.000ns fall@10.000ns period=20.000ns})
  Destination:            virtual_seg[35]
                            (output port)
  Path Group:             (none)
  Path Type:              Max at Slow Process Corner
  Data Path Delay:        9.652ns  (logic 2.935ns (30.404%)  route 6.717ns (69.596%))
  Logic Levels:           3  (LUT3=1 LUT6=1 OBUF=1)
  Clock Uncertainty:      0.258ns  ((TSJ^2 + DJ^2)^1/2) / 2 + PE
    Total System Jitter     (TSJ):    0.050ns
    Discrete Jitter          (DJ):    0.198ns
    Phase Error              (PE):    0.156ns

    Location             Delay type                Incr(ns)  Path(ns)    Netlist Resource(s)
  -------------------------------------------------------------------    -------------------
                         (clock clk_out2_pll rise edge)
                                                      0.000     0.000 r  
    AD12                                              0.000     0.000 r  i_sys_clk_p (IN)
                         net (fo=0)                   0.000     0.000    pll_inst/inst/clk_in1_p
    AD12                 IBUFDS (Prop_ibufds_I_O)     0.906     0.906 r  pll_inst/inst/clkin1_ibufgds/O
                         net (fo=1, routed)           1.098     2.004    pll_inst/inst/clk_in1_pll
    PLLE2_ADV_X1Y1       PLLE2_ADV (Prop_plle2_adv_CLKIN1_CLKOUT1)
                                                     -8.058    -6.054 r  pll_inst/inst/plle2_adv_inst/CLKOUT1
                         net (fo=1, routed)           2.128    -3.926    pll_inst/inst/clk_out2_pll
    BUFGCTRL_X0Y0        BUFG (Prop_bufg_I_O)         0.093    -3.833 r  pll_inst/inst/clkout2_buf/O
                         net (fo=35309, routed)       1.291    -2.542    student_top_inst/bridge_inst/seg_driver/clk_out2
    SLICE_X14Y245        FDCE                                         r  student_top_inst/bridge_inst/seg_driver/count_reg[4]/C
  -------------------------------------------------------------------    -------------------
    SLICE_X14Y245        FDCE (Prop_fdce_C_Q)         0.236    -2.306 r  student_top_inst/bridge_inst/seg_driver/count_reg[4]/Q
                         net (fo=50, routed)          2.068    -0.239    student_top_inst/bridge_inst/seg_driver/Q[0]
    SLICE_X28Y241        LUT3 (Prop_lut3_I1_O)        0.132    -0.107 r  student_top_inst/bridge_inst/seg_driver/virtual_seg_OBUF[36]_inst_i_3/O
                         net (fo=4, routed)           0.940     0.834    student_top_inst/bridge_inst/seg_driver/virtual_seg_OBUF[36]_inst_i_3_n_0
    SLICE_X28Y240        LUT6 (Prop_lut6_I4_O)        0.136     0.970 r  student_top_inst/bridge_inst/seg_driver/virtual_seg_OBUF[35]_inst_i_1/O
                         net (fo=2, routed)           3.709     4.679    virtual_seg_OBUF[35]
    AK30                 OBUF (Prop_obuf_I_O)         2.431     7.110 r  virtual_seg_OBUF[35]_inst/O
                         net (fo=0)                   0.000     7.110    virtual_seg[35]
    AK30                                                              r  virtual_seg[35] (OUT)
  -------------------------------------------------------------------    -------------------

Slack:                    inf
  Source:                 student_top_inst/bridge_inst/seg_driver/count_reg[4]/C
                            (rising edge-triggered cell FDCE clocked by clk_out2_pll  {rise@0.000ns fall@10.000ns period=20.000ns})
  Destination:            virtual_seg[21]
                            (output port)
  Path Group:             (none)
  Path Type:              Max at Slow Process Corner
  Data Path Delay:        9.614ns  (logic 2.795ns (29.066%)  route 6.820ns (70.934%))
  Logic Levels:           3  (LUT3=1 LUT6=1 OBUF=1)
  Clock Uncertainty:      0.258ns  ((TSJ^2 + DJ^2)^1/2) / 2 + PE
    Total System Jitter     (TSJ):    0.050ns
    Discrete Jitter          (DJ):    0.198ns
    Phase Error              (PE):    0.156ns

    Location             Delay type                Incr(ns)  Path(ns)    Netlist Resource(s)
  -------------------------------------------------------------------    -------------------
                         (clock clk_out2_pll rise edge)
                                                      0.000     0.000 r  
    AD12                                              0.000     0.000 r  i_sys_clk_p (IN)
                         net (fo=0)                   0.000     0.000    pll_inst/inst/clk_in1_p
    AD12                 IBUFDS (Prop_ibufds_I_O)     0.906     0.906 r  pll_inst/inst/clkin1_ibufgds/O
                         net (fo=1, routed)           1.098     2.004    pll_inst/inst/clk_in1_pll
    PLLE2_ADV_X1Y1       PLLE2_ADV (Prop_plle2_adv_CLKIN1_CLKOUT1)
                                                     -8.058    -6.054 r  pll_inst/inst/plle2_adv_inst/CLKOUT1
                         net (fo=1, routed)           2.128    -3.926    pll_inst/inst/clk_out2_pll
    BUFGCTRL_X0Y0        BUFG (Prop_bufg_I_O)         0.093    -3.833 r  pll_inst/inst/clkout2_buf/O
                         net (fo=35309, routed)       1.291    -2.542    student_top_inst/bridge_inst/seg_driver/clk_out2
    SLICE_X14Y245        FDCE                                         r  student_top_inst/bridge_inst/seg_driver/count_reg[4]/C
  -------------------------------------------------------------------    -------------------
    SLICE_X14Y245        FDCE (Prop_fdce_C_Q)         0.236    -2.306 r  student_top_inst/bridge_inst/seg_driver/count_reg[4]/Q
                         net (fo=50, routed)          2.068    -0.239    student_top_inst/bridge_inst/seg_driver/Q[0]
    SLICE_X28Y241        LUT3 (Prop_lut3_I1_O)        0.124    -0.115 r  student_top_inst/bridge_inst/seg_driver/virtual_seg_OBUF[23]_inst_i_2/O
                         net (fo=3, routed)           0.690     0.575    student_top_inst/bridge_inst/seg_driver/virtual_seg_OBUF[23]_inst_i_2_n_0
    SLICE_X25Y243        LUT6 (Prop_lut6_I5_O)        0.043     0.618 r  student_top_inst/bridge_inst/seg_driver/virtual_seg_OBUF[21]_inst_i_1/O
                         net (fo=2, routed)           4.062     4.681    virtual_seg_OBUF[21]
    AG27                 OBUF (Prop_obuf_I_O)         2.392     7.072 r  virtual_seg_OBUF[21]_inst/O
                         net (fo=0)                   0.000     7.072    virtual_seg[21]
    AG27                                                              r  virtual_seg[21] (OUT)
  -------------------------------------------------------------------    -------------------

Slack:                    inf
  Source:                 student_top_inst/bridge_inst/seg_driver/count_reg[4]/C
                            (rising edge-triggered cell FDCE clocked by clk_out2_pll  {rise@0.000ns fall@10.000ns period=20.000ns})
  Destination:            virtual_seg[25]
                            (output port)
  Path Group:             (none)
  Path Type:              Max at Slow Process Corner
  Data Path Delay:        9.533ns  (logic 2.806ns (29.434%)  route 6.727ns (70.566%))
  Logic Levels:           3  (LUT3=1 LUT6=1 OBUF=1)
  Clock Uncertainty:      0.258ns  ((TSJ^2 + DJ^2)^1/2) / 2 + PE
    Total System Jitter     (TSJ):    0.050ns
    Discrete Jitter          (DJ):    0.198ns
    Phase Error              (PE):    0.156ns

    Location             Delay type                Incr(ns)  Path(ns)    Netlist Resource(s)
  -------------------------------------------------------------------    -------------------
                         (clock clk_out2_pll rise edge)
                                                      0.000     0.000 r  
    AD12                                              0.000     0.000 r  i_sys_clk_p (IN)
                         net (fo=0)                   0.000     0.000    pll_inst/inst/clk_in1_p
    AD12                 IBUFDS (Prop_ibufds_I_O)     0.906     0.906 r  pll_inst/inst/clkin1_ibufgds/O
                         net (fo=1, routed)           1.098     2.004    pll_inst/inst/clk_in1_pll
    PLLE2_ADV_X1Y1       PLLE2_ADV (Prop_plle2_adv_CLKIN1_CLKOUT1)
                                                     -8.058    -6.054 r  pll_inst/inst/plle2_adv_inst/CLKOUT1
                         net (fo=1, routed)           2.128    -3.926    pll_inst/inst/clk_out2_pll
    BUFGCTRL_X0Y0        BUFG (Prop_bufg_I_O)         0.093    -3.833 r  pll_inst/inst/clkout2_buf/O
                         net (fo=35309, routed)       1.291    -2.542    student_top_inst/bridge_inst/seg_driver/clk_out2
    SLICE_X14Y245        FDCE                                         r  student_top_inst/bridge_inst/seg_driver/count_reg[4]/C
  -------------------------------------------------------------------    -------------------
    SLICE_X14Y245        FDCE (Prop_fdce_C_Q)         0.236    -2.306 r  student_top_inst/bridge_inst/seg_driver/count_reg[4]/Q
                         net (fo=50, routed)          1.589    -0.717    student_top_inst/bridge_inst/seg_driver/Q[0]
    SLICE_X30Y241        LUT3 (Prop_lut3_I1_O)        0.124    -0.593 r  student_top_inst/bridge_inst/seg_driver/virtual_seg_OBUF[26]_inst_i_2/O
                         net (fo=7, routed)           1.375     0.782    student_top_inst/bridge_inst/seg_driver/virtual_seg_OBUF[26]_inst_i_2_n_0
    SLICE_X25Y242        LUT6 (Prop_lut6_I5_O)        0.043     0.825 r  student_top_inst/bridge_inst/seg_driver/virtual_seg_OBUF[25]_inst_i_1/O
                         net (fo=2, routed)           3.762     4.588    virtual_seg_OBUF[25]
    AH27                 OBUF (Prop_obuf_I_O)         2.403     6.990 r  virtual_seg_OBUF[25]_inst/O
                         net (fo=0)                   0.000     6.990    virtual_seg[25]
    AH27                                                              r  virtual_seg[25] (OUT)
  -------------------------------------------------------------------    -------------------





Min Delay Paths
--------------------------------------------------------------------------------------
Slack:                    inf
  Source:                 student_top_inst/bridge_inst/LED_reg[9]_lopt_replica/C
                            (rising edge-triggered cell FDRE clocked by clk_out2_pll  {rise@0.000ns fall@10.000ns period=20.000ns})
  Destination:            virtual_led[9]
                            (output port)
  Path Group:             (none)
  Path Type:              Min at Fast Process Corner
  Data Path Delay:        2.021ns  (logic 1.437ns (71.111%)  route 0.584ns (28.889%))
  Logic Levels:           1  (OBUF=1)
  Clock Uncertainty:      0.258ns  ((TSJ^2 + DJ^2)^1/2) / 2 + PE
    Total System Jitter     (TSJ):    0.050ns
    Discrete Jitter          (DJ):    0.198ns
    Phase Error              (PE):    0.156ns

    Location             Delay type                Incr(ns)  Path(ns)    Netlist Resource(s)
  -------------------------------------------------------------------    -------------------
                         (clock clk_out2_pll rise edge)
                                                      0.000     0.000 r  
    AD12                                              0.000     0.000 r  i_sys_clk_p (IN)
                         net (fo=0)                   0.000     0.000    pll_inst/inst/clk_in1_p
    AD12                 IBUFDS (Prop_ibufds_I_O)     0.388     0.388 r  pll_inst/inst/clkin1_ibufgds/O
                         net (fo=1, routed)           0.503     0.891    pll_inst/inst/clk_in1_pll
    PLLE2_ADV_X1Y1       PLLE2_ADV (Prop_plle2_adv_CLKIN1_CLKOUT1)
                                                     -2.908    -2.017 r  pll_inst/inst/plle2_adv_inst/CLKOUT1
                         net (fo=1, routed)           0.958    -1.059    pll_inst/inst/clk_out2_pll
    BUFGCTRL_X0Y0        BUFG (Prop_bufg_I_O)         0.026    -1.033 r  pll_inst/inst/clkout2_buf/O
                         net (fo=35309, routed)       0.570    -0.463    student_top_inst/bridge_inst/clk_out2
    SLICE_X29Y245        FDRE                                         r  student_top_inst/bridge_inst/LED_reg[9]_lopt_replica/C
  -------------------------------------------------------------------    -------------------
    SLICE_X29Y245        FDRE (Prop_fdre_C_Q)         0.091    -0.372 r  student_top_inst/bridge_inst/LED_reg[9]_lopt_replica/Q
                         net (fo=1, routed)           0.584     0.212    lopt_31
    E23                  OBUF (Prop_obuf_I_O)         1.346     1.558 r  virtual_led_OBUF[9]_inst/O
                         net (fo=0)                   0.000     1.558    virtual_led[9]
    E23                                                               r  virtual_led[9] (OUT)
  -------------------------------------------------------------------    -------------------

Slack:                    inf
  Source:                 student_top_inst/bridge_inst/LED_reg[3]_lopt_replica/C
                            (rising edge-triggered cell FDRE clocked by clk_out2_pll  {rise@0.000ns fall@10.000ns period=20.000ns})
  Destination:            virtual_led[3]
                            (output port)
  Path Group:             (none)
  Path Type:              Min at Fast Process Corner
  Data Path Delay:        2.093ns  (logic 1.444ns (68.996%)  route 0.649ns (31.004%))
  Logic Levels:           1  (OBUF=1)
  Clock Uncertainty:      0.258ns  ((TSJ^2 + DJ^2)^1/2) / 2 + PE
    Total System Jitter     (TSJ):    0.050ns
    Discrete Jitter          (DJ):    0.198ns
    Phase Error              (PE):    0.156ns

    Location             Delay type                Incr(ns)  Path(ns)    Netlist Resource(s)
  -------------------------------------------------------------------    -------------------
                         (clock clk_out2_pll rise edge)
                                                      0.000     0.000 r  
    AD12                                              0.000     0.000 r  i_sys_clk_p (IN)
                         net (fo=0)                   0.000     0.000    pll_inst/inst/clk_in1_p
    AD12                 IBUFDS (Prop_ibufds_I_O)     0.388     0.388 r  pll_inst/inst/clkin1_ibufgds/O
                         net (fo=1, routed)           0.503     0.891    pll_inst/inst/clk_in1_pll
    PLLE2_ADV_X1Y1       PLLE2_ADV (Prop_plle2_adv_CLKIN1_CLKOUT1)
                                                     -2.908    -2.017 r  pll_inst/inst/plle2_adv_inst/CLKOUT1
                         net (fo=1, routed)           0.958    -1.059    pll_inst/inst/clk_out2_pll
    BUFGCTRL_X0Y0        BUFG (Prop_bufg_I_O)         0.026    -1.033 r  pll_inst/inst/clkout2_buf/O
                         net (fo=35309, routed)       0.566    -0.467    student_top_inst/bridge_inst/clk_out2
    SLICE_X37Y244        FDRE                                         r  student_top_inst/bridge_inst/LED_reg[3]_lopt_replica/C
  -------------------------------------------------------------------    -------------------
    SLICE_X37Y244        FDRE (Prop_fdre_C_Q)         0.091    -0.376 r  student_top_inst/bridge_inst/LED_reg[3]_lopt_replica/Q
                         net (fo=1, routed)           0.649     0.273    lopt_25
    E25                  OBUF (Prop_obuf_I_O)         1.353     1.626 r  virtual_led_OBUF[3]_inst/O
                         net (fo=0)                   0.000     1.626    virtual_led[3]
    E25                                                               r  virtual_led[3] (OUT)
  -------------------------------------------------------------------    -------------------

Slack:                    inf
  Source:                 student_top_inst/bridge_inst/LED_reg[31]_lopt_replica/C
                            (rising edge-triggered cell FDRE clocked by clk_out2_pll  {rise@0.000ns fall@10.000ns period=20.000ns})
  Destination:            virtual_led[31]
                            (output port)
  Path Group:             (none)
  Path Type:              Min at Fast Process Corner
  Data Path Delay:        2.135ns  (logic 1.456ns (68.176%)  route 0.680ns (31.824%))
  Logic Levels:           1  (OBUF=1)
  Clock Uncertainty:      0.258ns  ((TSJ^2 + DJ^2)^1/2) / 2 + PE
    Total System Jitter     (TSJ):    0.050ns
    Discrete Jitter          (DJ):    0.198ns
    Phase Error              (PE):    0.156ns

    Location             Delay type                Incr(ns)  Path(ns)    Netlist Resource(s)
  -------------------------------------------------------------------    -------------------
                         (clock clk_out2_pll rise edge)
                                                      0.000     0.000 r  
    AD12                                              0.000     0.000 r  i_sys_clk_p (IN)
                         net (fo=0)                   0.000     0.000    pll_inst/inst/clk_in1_p
    AD12                 IBUFDS (Prop_ibufds_I_O)     0.388     0.388 r  pll_inst/inst/clkin1_ibufgds/O
                         net (fo=1, routed)           0.503     0.891    pll_inst/inst/clk_in1_pll
    PLLE2_ADV_X1Y1       PLLE2_ADV (Prop_plle2_adv_CLKIN1_CLKOUT1)
                                                     -2.908    -2.017 r  pll_inst/inst/plle2_adv_inst/CLKOUT1
                         net (fo=1, routed)           0.958    -1.059    pll_inst/inst/clk_out2_pll
    BUFGCTRL_X0Y0        BUFG (Prop_bufg_I_O)         0.026    -1.033 r  pll_inst/inst/clkout2_buf/O
                         net (fo=35309, routed)       0.566    -0.467    student_top_inst/bridge_inst/clk_out2
    SLICE_X29Y235        FDRE                                         r  student_top_inst/bridge_inst/LED_reg[31]_lopt_replica/C
  -------------------------------------------------------------------    -------------------
    SLICE_X29Y235        FDRE (Prop_fdre_C_Q)         0.100    -0.367 r  student_top_inst/bridge_inst/LED_reg[31]_lopt_replica/Q
                         net (fo=1, routed)           0.680     0.313    lopt_24
    B27                  OBUF (Prop_obuf_I_O)         1.356     1.669 r  virtual_led_OBUF[31]_inst/O
                         net (fo=0)                   0.000     1.669    virtual_led[31]
    B27                                                               r  virtual_led[31] (OUT)
  -------------------------------------------------------------------    -------------------

Slack:                    inf
  Source:                 student_top_inst/bridge_inst/LED_reg[18]_lopt_replica/C
                            (rising edge-triggered cell FDRE clocked by clk_out2_pll  {rise@0.000ns fall@10.000ns period=20.000ns})
  Destination:            virtual_led[18]
                            (output port)
  Path Group:             (none)
  Path Type:              Min at Fast Process Corner
  Data Path Delay:        2.137ns  (logic 1.420ns (66.454%)  route 0.717ns (33.546%))
  Logic Levels:           1  (OBUF=1)
  Clock Uncertainty:      0.258ns  ((TSJ^2 + DJ^2)^1/2) / 2 + PE
    Total System Jitter     (TSJ):    0.050ns
    Discrete Jitter          (DJ):    0.198ns
    Phase Error              (PE):    0.156ns

    Location             Delay type                Incr(ns)  Path(ns)    Netlist Resource(s)
  -------------------------------------------------------------------    -------------------
                         (clock clk_out2_pll rise edge)
                                                      0.000     0.000 r  
    AD12                                              0.000     0.000 r  i_sys_clk_p (IN)
                         net (fo=0)                   0.000     0.000    pll_inst/inst/clk_in1_p
    AD12                 IBUFDS (Prop_ibufds_I_O)     0.388     0.388 r  pll_inst/inst/clkin1_ibufgds/O
                         net (fo=1, routed)           0.503     0.891    pll_inst/inst/clk_in1_pll
    PLLE2_ADV_X1Y1       PLLE2_ADV (Prop_plle2_adv_CLKIN1_CLKOUT1)
                                                     -2.908    -2.017 r  pll_inst/inst/plle2_adv_inst/CLKOUT1
                         net (fo=1, routed)           0.958    -1.059    pll_inst/inst/clk_out2_pll
    BUFGCTRL_X0Y0        BUFG (Prop_bufg_I_O)         0.026    -1.033 r  pll_inst/inst/clkout2_buf/O
                         net (fo=35309, routed)       0.570    -0.463    student_top_inst/bridge_inst/clk_out2
    SLICE_X29Y245        FDRE                                         r  student_top_inst/bridge_inst/LED_reg[18]_lopt_replica/C
  -------------------------------------------------------------------    -------------------
    SLICE_X29Y245        FDRE (Prop_fdre_C_Q)         0.100    -0.363 r  student_top_inst/bridge_inst/LED_reg[18]_lopt_replica/Q
                         net (fo=1, routed)           0.717     0.354    lopt_9
    D23                  OBUF (Prop_obuf_I_O)         1.320     1.675 r  virtual_led_OBUF[18]_inst/O
                         net (fo=0)                   0.000     1.675    virtual_led[18]
    D23                                                               r  virtual_led[18] (OUT)
  -------------------------------------------------------------------    -------------------

Slack:                    inf
  Source:                 student_top_inst/bridge_inst/LED_reg[0]_lopt_replica/C
                            (rising edge-triggered cell FDRE clocked by clk_out2_pll  {rise@0.000ns fall@10.000ns period=20.000ns})
  Destination:            virtual_led[0]
                            (output port)
  Path Group:             (none)
  Path Type:              Min at Fast Process Corner
  Data Path Delay:        2.143ns  (logic 1.401ns (65.383%)  route 0.742ns (34.617%))
  Logic Levels:           1  (OBUF=1)
  Clock Uncertainty:      0.258ns  ((TSJ^2 + DJ^2)^1/2) / 2 + PE
    Total System Jitter     (TSJ):    0.050ns
    Discrete Jitter          (DJ):    0.198ns
    Phase Error              (PE):    0.156ns

    Location             Delay type                Incr(ns)  Path(ns)    Netlist Resource(s)
  -------------------------------------------------------------------    -------------------
                         (clock clk_out2_pll rise edge)
                                                      0.000     0.000 r  
    AD12                                              0.000     0.000 r  i_sys_clk_p (IN)
                         net (fo=0)                   0.000     0.000    pll_inst/inst/clk_in1_p
    AD12                 IBUFDS (Prop_ibufds_I_O)     0.388     0.388 r  pll_inst/inst/clkin1_ibufgds/O
                         net (fo=1, routed)           0.503     0.891    pll_inst/inst/clk_in1_pll
    PLLE2_ADV_X1Y1       PLLE2_ADV (Prop_plle2_adv_CLKIN1_CLKOUT1)
                                                     -2.908    -2.017 r  pll_inst/inst/plle2_adv_inst/CLKOUT1
                         net (fo=1, routed)           0.958    -1.059    pll_inst/inst/clk_out2_pll
    BUFGCTRL_X0Y0        BUFG (Prop_bufg_I_O)         0.026    -1.033 r  pll_inst/inst/clkout2_buf/O
                         net (fo=35309, routed)       0.568    -0.465    student_top_inst/bridge_inst/clk_out2
    SLICE_X29Y239        FDRE                                         r  student_top_inst/bridge_inst/LED_reg[0]_lopt_replica/C
  -------------------------------------------------------------------    -------------------
    SLICE_X29Y239        FDRE (Prop_fdre_C_Q)         0.100    -0.365 r  student_top_inst/bridge_inst/LED_reg[0]_lopt_replica/Q
                         net (fo=1, routed)           0.742     0.377    lopt
    G24                  OBUF (Prop_obuf_I_O)         1.301     1.678 r  virtual_led_OBUF[0]_inst/O
                         net (fo=0)                   0.000     1.678    virtual_led[0]
    G24                                                               r  virtual_led[0] (OUT)
  -------------------------------------------------------------------    -------------------

Slack:                    inf
  Source:                 student_top_inst/bridge_inst/LED_reg[8]_lopt_replica/C
                            (rising edge-triggered cell FDRE clocked by clk_out2_pll  {rise@0.000ns fall@10.000ns period=20.000ns})
  Destination:            virtual_led[8]
                            (output port)
  Path Group:             (none)
  Path Type:              Min at Fast Process Corner
  Data Path Delay:        2.148ns  (logic 1.426ns (66.391%)  route 0.722ns (33.609%))
  Logic Levels:           1  (OBUF=1)
  Clock Uncertainty:      0.258ns  ((TSJ^2 + DJ^2)^1/2) / 2 + PE
    Total System Jitter     (TSJ):    0.050ns
    Discrete Jitter          (DJ):    0.198ns
    Phase Error              (PE):    0.156ns

    Location             Delay type                Incr(ns)  Path(ns)    Netlist Resource(s)
  -------------------------------------------------------------------    -------------------
                         (clock clk_out2_pll rise edge)
                                                      0.000     0.000 r  
    AD12                                              0.000     0.000 r  i_sys_clk_p (IN)
                         net (fo=0)                   0.000     0.000    pll_inst/inst/clk_in1_p
    AD12                 IBUFDS (Prop_ibufds_I_O)     0.388     0.388 r  pll_inst/inst/clkin1_ibufgds/O
                         net (fo=1, routed)           0.503     0.891    pll_inst/inst/clk_in1_pll
    PLLE2_ADV_X1Y1       PLLE2_ADV (Prop_plle2_adv_CLKIN1_CLKOUT1)
                                                     -2.908    -2.017 r  pll_inst/inst/plle2_adv_inst/CLKOUT1
                         net (fo=1, routed)           0.958    -1.059    pll_inst/inst/clk_out2_pll
    BUFGCTRL_X0Y0        BUFG (Prop_bufg_I_O)         0.026    -1.033 r  pll_inst/inst/clkout2_buf/O
                         net (fo=35309, routed)       0.568    -0.465    student_top_inst/bridge_inst/clk_out2
    SLICE_X29Y239        FDRE                                         r  student_top_inst/bridge_inst/LED_reg[8]_lopt_replica/C
  -------------------------------------------------------------------    -------------------
    SLICE_X29Y239        FDRE (Prop_fdre_C_Q)         0.091    -0.374 r  student_top_inst/bridge_inst/LED_reg[8]_lopt_replica/Q
                         net (fo=1, routed)           0.722     0.348    lopt_30
    G23                  OBUF (Prop_obuf_I_O)         1.335     1.683 r  virtual_led_OBUF[8]_inst/O
                         net (fo=0)                   0.000     1.683    virtual_led[8]
    G23                                                               r  virtual_led[8] (OUT)
  -------------------------------------------------------------------    -------------------

Slack:                    inf
  Source:                 student_top_inst/bridge_inst/LED_reg[28]_lopt_replica/C
                            (rising edge-triggered cell FDRE clocked by clk_out2_pll  {rise@0.000ns fall@10.000ns period=20.000ns})
  Destination:            virtual_led[28]
                            (output port)
  Path Group:             (none)
  Path Type:              Min at Fast Process Corner
  Data Path Delay:        2.164ns  (logic 1.455ns (67.258%)  route 0.709ns (32.742%))
  Logic Levels:           1  (OBUF=1)
  Clock Uncertainty:      0.258ns  ((TSJ^2 + DJ^2)^1/2) / 2 + PE
    Total System Jitter     (TSJ):    0.050ns
    Discrete Jitter          (DJ):    0.198ns
    Phase Error              (PE):    0.156ns

    Location             Delay type                Incr(ns)  Path(ns)    Netlist Resource(s)
  -------------------------------------------------------------------    -------------------
                         (clock clk_out2_pll rise edge)
                                                      0.000     0.000 r  
    AD12                                              0.000     0.000 r  i_sys_clk_p (IN)
                         net (fo=0)                   0.000     0.000    pll_inst/inst/clk_in1_p
    AD12                 IBUFDS (Prop_ibufds_I_O)     0.388     0.388 r  pll_inst/inst/clkin1_ibufgds/O
                         net (fo=1, routed)           0.503     0.891    pll_inst/inst/clk_in1_pll
    PLLE2_ADV_X1Y1       PLLE2_ADV (Prop_plle2_adv_CLKIN1_CLKOUT1)
                                                     -2.908    -2.017 r  pll_inst/inst/plle2_adv_inst/CLKOUT1
                         net (fo=1, routed)           0.958    -1.059    pll_inst/inst/clk_out2_pll
    BUFGCTRL_X0Y0        BUFG (Prop_bufg_I_O)         0.026    -1.033 r  pll_inst/inst/clkout2_buf/O
                         net (fo=35309, routed)       0.568    -0.465    student_top_inst/bridge_inst/clk_out2
    SLICE_X29Y239        FDRE                                         r  student_top_inst/bridge_inst/LED_reg[28]_lopt_replica/C
  -------------------------------------------------------------------    -------------------
    SLICE_X29Y239        FDRE (Prop_fdre_C_Q)         0.100    -0.365 r  student_top_inst/bridge_inst/LED_reg[28]_lopt_replica/Q
                         net (fo=1, routed)           0.709     0.344    lopt_20
    B25                  OBUF (Prop_obuf_I_O)         1.355     1.699 r  virtual_led_OBUF[28]_inst/O
                         net (fo=0)                   0.000     1.699    virtual_led[28]
    B25                                                               r  virtual_led[28] (OUT)
  -------------------------------------------------------------------    -------------------

Slack:                    inf
  Source:                 student_top_inst/bridge_inst/LED_reg[14]_lopt_replica/C
                            (rising edge-triggered cell FDRE clocked by clk_out2_pll  {rise@0.000ns fall@10.000ns period=20.000ns})
  Destination:            virtual_led[14]
                            (output port)
  Path Group:             (none)
  Path Type:              Min at Fast Process Corner
  Data Path Delay:        2.178ns  (logic 1.452ns (66.675%)  route 0.726ns (33.325%))
  Logic Levels:           1  (OBUF=1)
  Clock Uncertainty:      0.258ns  ((TSJ^2 + DJ^2)^1/2) / 2 + PE
    Total System Jitter     (TSJ):    0.050ns
    Discrete Jitter          (DJ):    0.198ns
    Phase Error              (PE):    0.156ns

    Location             Delay type                Incr(ns)  Path(ns)    Netlist Resource(s)
  -------------------------------------------------------------------    -------------------
                         (clock clk_out2_pll rise edge)
                                                      0.000     0.000 r  
    AD12                                              0.000     0.000 r  i_sys_clk_p (IN)
                         net (fo=0)                   0.000     0.000    pll_inst/inst/clk_in1_p
    AD12                 IBUFDS (Prop_ibufds_I_O)     0.388     0.388 r  pll_inst/inst/clkin1_ibufgds/O
                         net (fo=1, routed)           0.503     0.891    pll_inst/inst/clk_in1_pll
    PLLE2_ADV_X1Y1       PLLE2_ADV (Prop_plle2_adv_CLKIN1_CLKOUT1)
                                                     -2.908    -2.017 r  pll_inst/inst/plle2_adv_inst/CLKOUT1
                         net (fo=1, routed)           0.958    -1.059    pll_inst/inst/clk_out2_pll
    BUFGCTRL_X0Y0        BUFG (Prop_bufg_I_O)         0.026    -1.033 r  pll_inst/inst/clkout2_buf/O
                         net (fo=35309, routed)       0.563    -0.470    student_top_inst/bridge_inst/clk_out2
    SLICE_X29Y231        FDRE                                         r  student_top_inst/bridge_inst/LED_reg[14]_lopt_replica/C
  -------------------------------------------------------------------    -------------------
    SLICE_X29Y231        FDRE (Prop_fdre_C_Q)         0.100    -0.370 r  student_top_inst/bridge_inst/LED_reg[14]_lopt_replica/Q
                         net (fo=1, routed)           0.726     0.356    lopt_5
    E28                  OBUF (Prop_obuf_I_O)         1.352     1.708 r  virtual_led_OBUF[14]_inst/O
                         net (fo=0)                   0.000     1.708    virtual_led[14]
    E28                                                               r  virtual_led[14] (OUT)
  -------------------------------------------------------------------    -------------------

Slack:                    inf
  Source:                 student_top_inst/bridge_inst/LED_reg[20]_lopt_replica/C
                            (rising edge-triggered cell FDRE clocked by clk_out2_pll  {rise@0.000ns fall@10.000ns period=20.000ns})
  Destination:            virtual_led[20]
                            (output port)
  Path Group:             (none)
  Path Type:              Min at Fast Process Corner
  Data Path Delay:        2.174ns  (logic 1.420ns (65.333%)  route 0.754ns (34.667%))
  Logic Levels:           1  (OBUF=1)
  Clock Uncertainty:      0.258ns  ((TSJ^2 + DJ^2)^1/2) / 2 + PE
    Total System Jitter     (TSJ):    0.050ns
    Discrete Jitter          (DJ):    0.198ns
    Phase Error              (PE):    0.156ns

    Location             Delay type                Incr(ns)  Path(ns)    Netlist Resource(s)
  -------------------------------------------------------------------    -------------------
                         (clock clk_out2_pll rise edge)
                                                      0.000     0.000 r  
    AD12                                              0.000     0.000 r  i_sys_clk_p (IN)
                         net (fo=0)                   0.000     0.000    pll_inst/inst/clk_in1_p
    AD12                 IBUFDS (Prop_ibufds_I_O)     0.388     0.388 r  pll_inst/inst/clkin1_ibufgds/O
                         net (fo=1, routed)           0.503     0.891    pll_inst/inst/clk_in1_pll
    PLLE2_ADV_X1Y1       PLLE2_ADV (Prop_plle2_adv_CLKIN1_CLKOUT1)
                                                     -2.908    -2.017 r  pll_inst/inst/plle2_adv_inst/CLKOUT1
                         net (fo=1, routed)           0.958    -1.059    pll_inst/inst/clk_out2_pll
    BUFGCTRL_X0Y0        BUFG (Prop_bufg_I_O)         0.026    -1.033 r  pll_inst/inst/clkout2_buf/O
                         net (fo=35309, routed)       0.568    -0.465    student_top_inst/bridge_inst/clk_out2
    SLICE_X29Y239        FDRE                                         r  student_top_inst/bridge_inst/LED_reg[20]_lopt_replica/C
  -------------------------------------------------------------------    -------------------
    SLICE_X29Y239        FDRE (Prop_fdre_C_Q)         0.100    -0.365 r  student_top_inst/bridge_inst/LED_reg[20]_lopt_replica/Q
                         net (fo=1, routed)           0.754     0.389    lopt_12
    E26                  OBUF (Prop_obuf_I_O)         1.320     1.709 r  virtual_led_OBUF[20]_inst/O
                         net (fo=0)                   0.000     1.709    virtual_led[20]
    E26                                                               r  virtual_led[20] (OUT)
  -------------------------------------------------------------------    -------------------

Slack:                    inf
  Source:                 student_top_inst/bridge_inst/LED_reg[26]_lopt_replica/C
                            (rising edge-triggered cell FDRE clocked by clk_out2_pll  {rise@0.000ns fall@10.000ns period=20.000ns})
  Destination:            virtual_led[26]
                            (output port)
  Path Group:             (none)
  Path Type:              Min at Fast Process Corner
  Data Path Delay:        2.184ns  (logic 1.455ns (66.613%)  route 0.729ns (33.387%))
  Logic Levels:           1  (OBUF=1)
  Clock Uncertainty:      0.258ns  ((TSJ^2 + DJ^2)^1/2) / 2 + PE
    Total System Jitter     (TSJ):    0.050ns
    Discrete Jitter          (DJ):    0.198ns
    Phase Error              (PE):    0.156ns

    Location             Delay type                Incr(ns)  Path(ns)    Netlist Resource(s)
  -------------------------------------------------------------------    -------------------
                         (clock clk_out2_pll rise edge)
                                                      0.000     0.000 r  
    AD12                                              0.000     0.000 r  i_sys_clk_p (IN)
                         net (fo=0)                   0.000     0.000    pll_inst/inst/clk_in1_p
    AD12                 IBUFDS (Prop_ibufds_I_O)     0.388     0.388 r  pll_inst/inst/clkin1_ibufgds/O
                         net (fo=1, routed)           0.503     0.891    pll_inst/inst/clk_in1_pll
    PLLE2_ADV_X1Y1       PLLE2_ADV (Prop_plle2_adv_CLKIN1_CLKOUT1)
                                                     -2.908    -2.017 r  pll_inst/inst/plle2_adv_inst/CLKOUT1
                         net (fo=1, routed)           0.958    -1.059    pll_inst/inst/clk_out2_pll
    BUFGCTRL_X0Y0        BUFG (Prop_bufg_I_O)         0.026    -1.033 r  pll_inst/inst/clkout2_buf/O
                         net (fo=35309, routed)       0.566    -0.467    student_top_inst/bridge_inst/clk_out2
    SLICE_X29Y235        FDRE                                         r  student_top_inst/bridge_inst/LED_reg[26]_lopt_replica/C
  -------------------------------------------------------------------    -------------------
    SLICE_X29Y235        FDRE (Prop_fdre_C_Q)         0.100    -0.367 r  student_top_inst/bridge_inst/LED_reg[26]_lopt_replica/Q
                         net (fo=1, routed)           0.729     0.363    lopt_18
    B24                  OBUF (Prop_obuf_I_O)         1.355     1.717 r  virtual_led_OBUF[26]_inst/O
                         net (fo=0)                   0.000     1.717    virtual_led[26]
    B24                                                               r  virtual_led[26] (OUT)
  -------------------------------------------------------------------    -------------------





--------------------------------------------------------------------------------------
Path Group:  (none)
From Clock:  clkfbout_pll
  To Clock:  

Max Delay             1 Endpoint
Min Delay             1 Endpoint
--------------------------------------------------------------------------------------


Max Delay Paths
--------------------------------------------------------------------------------------
Slack:                    inf
  Source:                 pll_inst/inst/plle2_adv_inst/CLKFBOUT
                            (clock source 'clkfbout_pll'  {rise@0.000ns fall@10.000ns period=20.000ns})
  Destination:            pll_inst/inst/plle2_adv_inst/CLKFBIN
  Path Group:             (none)
  Path Type:              Max at Fast Process Corner
  Data Path Delay:        2.022ns  (logic 0.030ns (1.484%)  route 1.992ns (98.516%))
  Logic Levels:           1  (BUFG=1)
  Clock Uncertainty:      0.219ns  ((TSJ^2 + DJ^2)^1/2) / 2 + PE
    Total System Jitter     (TSJ):    0.050ns
    Discrete Jitter          (DJ):    0.117ns
    Phase Error              (PE):    0.156ns

    Location             Delay type                Incr(ns)  Path(ns)    Netlist Resource(s)
  -------------------------------------------------------------------    -------------------
                         (clock clkfbout_pll fall edge)
                                                     10.000    10.000 f  
    AD12                                              0.000    10.000 f  i_sys_clk_p (IN)
                         net (fo=0)                   0.000    10.000    pll_inst/inst/clk_in1_p
    AD12                 IBUFDS (Prop_ibufds_I_O)     0.470    10.470 f  pll_inst/inst/clkin1_ibufgds/O
                         net (fo=1, routed)           0.554    11.024    pll_inst/inst/clk_in1_pll
  -------------------------------------------------------------------    -------------------
    PLLE2_ADV_X1Y1       PLLE2_ADV (Prop_plle2_adv_CLKIN1_CLKFBOUT)
                                                     -3.524     7.500 f  pll_inst/inst/plle2_adv_inst/CLKFBOUT
                         net (fo=1, routed)           1.027     8.527    pll_inst/inst/clkfbout_pll
    BUFGCTRL_X0Y2        BUFG (Prop_bufg_I_O)         0.030     8.557 f  pll_inst/inst/clkf_buf/O
                         net (fo=1, routed)           0.965     9.522    pll_inst/inst/clkfbout_buf_pll
    PLLE2_ADV_X1Y1       PLLE2_ADV                                    f  pll_inst/inst/plle2_adv_inst/CLKFBIN
  -------------------------------------------------------------------    -------------------





Min Delay Paths
--------------------------------------------------------------------------------------
Slack:                    inf
  Source:                 pll_inst/inst/plle2_adv_inst/CLKFBOUT
                            (clock source 'clkfbout_pll'  {rise@0.000ns fall@10.000ns period=20.000ns})
  Destination:            pll_inst/inst/plle2_adv_inst/CLKFBIN
  Path Group:             (none)
  Path Type:              Min at Slow Process Corner
  Data Path Delay:        3.712ns  (logic 0.083ns (2.236%)  route 3.629ns (97.764%))
  Logic Levels:           1  (BUFG=1)
  Clock Uncertainty:      0.219ns  ((TSJ^2 + DJ^2)^1/2) / 2 + PE
    Total System Jitter     (TSJ):    0.050ns
    Discrete Jitter          (DJ):    0.117ns
    Phase Error              (PE):    0.156ns

    Location             Delay type                Incr(ns)  Path(ns)    Netlist Resource(s)
  -------------------------------------------------------------------    -------------------
                         (clock clkfbout_pll rise edge)
                                                      0.000     0.000 r  
    AD12                                              0.000     0.000 r  i_sys_clk_p (IN)
                         net (fo=0)                   0.000     0.000    pll_inst/inst/clk_in1_p
    AD12                 IBUFDS (Prop_ibufds_I_O)     0.803     0.803 r  pll_inst/inst/clkin1_ibufgds/O
                         net (fo=1, routed)           1.001     1.804    pll_inst/inst/clk_in1_pll
  -------------------------------------------------------------------    -------------------
    PLLE2_ADV_X1Y1       PLLE2_ADV (Prop_plle2_adv_CLKIN1_CLKFBOUT)
                                                     -7.261    -5.457 r  pll_inst/inst/plle2_adv_inst/CLKFBOUT
                         net (fo=1, routed)           2.003    -3.454    pll_inst/inst/clkfbout_pll
    BUFGCTRL_X0Y2        BUFG (Prop_bufg_I_O)         0.083    -3.371 r  pll_inst/inst/clkf_buf/O
                         net (fo=1, routed)           1.626    -1.745    pll_inst/inst/clkfbout_buf_pll
    PLLE2_ADV_X1Y1       PLLE2_ADV                                    r  pll_inst/inst/plle2_adv_inst/CLKFBIN
  -------------------------------------------------------------------    -------------------





--------------------------------------------------------------------------------------
Path Group:  (none)
From Clock:  
  To Clock:  clk_out1_pll

Max Delay             1 Endpoint
Min Delay             1 Endpoint
--------------------------------------------------------------------------------------


Max Delay Paths
--------------------------------------------------------------------------------------
Slack:                    inf
  Source:                 i_uart_rx
                            (input port)
  Destination:            uart_inst/rx_d0_reg/D
                            (rising edge-triggered cell FDPE clocked by clk_out1_pll  {rise@0.000ns fall@10.000ns period=20.000ns})
  Path Group:             (none)
  Path Type:              Setup (Max at Slow Process Corner)
  Data Path Delay:        2.785ns  (logic 1.533ns (55.053%)  route 1.252ns (44.947%))
  Logic Levels:           1  (IBUF=1)
  Clock Path Skew:        -2.036ns (DCD - SCD + CPR)
    Destination Clock Delay (DCD):    -2.036ns
    Source Clock Delay      (SCD):    0.000ns
    Clock Pessimism Removal (CPR):    0.000ns
  Clock Uncertainty:      0.258ns  ((TSJ^2 + DJ^2)^1/2) / 2 + PE
    Total System Jitter     (TSJ):    0.050ns
    Discrete Jitter          (DJ):    0.198ns
    Phase Error              (PE):    0.156ns

    Location             Delay type                Incr(ns)  Path(ns)    Netlist Resource(s)
  -------------------------------------------------------------------    -------------------
    D18                                               0.000     0.000 r  i_uart_rx (IN)
                         net (fo=0)                   0.000     0.000    i_uart_rx
    D18                  IBUF (Prop_ibuf_I_O)         1.533     1.533 r  i_uart_rx_IBUF_inst/O
                         net (fo=1, routed)           1.252     2.785    uart_inst/i_uart_rx_IBUF
    SLICE_X7Y251         FDPE                                         r  uart_inst/rx_d0_reg/D
  -------------------------------------------------------------------    -------------------

                         (clock clk_out1_pll rise edge)
                                                      0.000     0.000 r  
    AD12                                              0.000     0.000 r  i_sys_clk_p (IN)
                         net (fo=0)                   0.000     0.000    pll_inst/inst/clk_in1_p
    AD12                 IBUFDS (Prop_ibufds_I_O)     0.803     0.803 r  pll_inst/inst/clkin1_ibufgds/O
                         net (fo=1, routed)           1.001     1.804    pll_inst/inst/clk_in1_pll
    PLLE2_ADV_X1Y1       PLLE2_ADV (Prop_plle2_adv_CLKIN1_CLKOUT0)
                                                     -7.261    -5.457 r  pll_inst/inst/plle2_adv_inst/CLKOUT0
                         net (fo=1, routed)           2.003    -3.454    pll_inst/inst/clk_out1_pll
    BUFGCTRL_X0Y1        BUFG (Prop_bufg_I_O)         0.083    -3.371 r  pll_inst/inst/clkout1_buf/O
                         net (fo=353, routed)         1.335    -2.036    uart_inst/clk_out1
    SLICE_X7Y251         FDPE                                         r  uart_inst/rx_d0_reg/C





Min Delay Paths
--------------------------------------------------------------------------------------
Slack:                    inf
  Source:                 i_uart_rx
                            (input port)
  Destination:            uart_inst/rx_d0_reg/D
                            (rising edge-triggered cell FDPE clocked by clk_out1_pll  {rise@0.000ns fall@10.000ns period=20.000ns})
  Path Group:             (none)
  Path Type:              Hold (Min at Fast Process Corner)
  Data Path Delay:        1.109ns  (logic 0.458ns (41.260%)  route 0.652ns (58.740%))
  Logic Levels:           1  (IBUF=1)
  Clock Path Skew:        -0.528ns (DCD - SCD - CPR)
    Destination Clock Delay (DCD):    -0.528ns
    Source Clock Delay      (SCD):    0.000ns
    Clock Pessimism Removal (CPR):    -0.000ns

    Location             Delay type                Incr(ns)  Path(ns)    Netlist Resource(s)
  -------------------------------------------------------------------    -------------------
    D18                                               0.000     0.000 r  i_uart_rx (IN)
                         net (fo=0)                   0.000     0.000    i_uart_rx
    D18                  IBUF (Prop_ibuf_I_O)         0.458     0.458 r  i_uart_rx_IBUF_inst/O
                         net (fo=1, routed)           0.652     1.109    uart_inst/i_uart_rx_IBUF
    SLICE_X7Y251         FDPE                                         r  uart_inst/rx_d0_reg/D
  -------------------------------------------------------------------    -------------------

                         (clock clk_out1_pll rise edge)
                                                      0.000     0.000 r  
    AD12                                              0.000     0.000 r  i_sys_clk_p (IN)
                         net (fo=0)                   0.000     0.000    pll_inst/inst/clk_in1_p
    AD12                 IBUFDS (Prop_ibufds_I_O)     0.470     0.470 r  pll_inst/inst/clkin1_ibufgds/O
                         net (fo=1, routed)           0.554     1.024    pll_inst/inst/clk_in1_pll
    PLLE2_ADV_X1Y1       PLLE2_ADV (Prop_plle2_adv_CLKIN1_CLKOUT0)
                                                     -3.524    -2.500 r  pll_inst/inst/plle2_adv_inst/CLKOUT0
                         net (fo=1, routed)           1.027    -1.473    pll_inst/inst/clk_out1_pll
    BUFGCTRL_X0Y1        BUFG (Prop_bufg_I_O)         0.030    -1.443 r  pll_inst/inst/clkout1_buf/O
                         net (fo=353, routed)         0.915    -0.528    uart_inst/clk_out1
    SLICE_X7Y251         FDPE                                         r  uart_inst/rx_d0_reg/C





